001;V1.19;1/2/2020 12:03:36 AM
UTC;'Richtungswinkel' [°];'Speed over gnd.' [kn];'SpeedThrWater' [kn];'Latitude' [°];'Latitude dir' [];'Latitude' [°];'Longitude dir' [];'MainEngine FlowRateHr' [kg/h];'MainEngine kg total HFO' [kg];'MainEngine kg total DFO' [kg];'MainEngine running Time' [min];'AuxEngine FlowRateHr' [kg/h];'AuxEngine kg total HFO' [kg];'AuxEngine kg total DFO' [kg];'AuxEngine running Time' [min];'Boiler FlowRateHr' [kg/h];'Boiler kg total HFO' [kg];'Boiler kg total DFO' [kg];'Boiler running Time' [min];'SHP-Speed' [rpm];'SHP-Torque' [kNm];'SP-Power' [kW];'Engine load' [%];'SP-Speed' [%];'SFOC' [g/kWh];'Propeller slip' [%];'Efficiency' [kg/nm]
1/2/2020 12:03:36 AM;0.064;0.032;0.8428;4028.177209;N;2709.11111766666;E;5.70615281933363;28219934.0580687;1877076.79369599;1290433.88283558;56.5402114391327;5686987.78157572;249874.090720647;1413389.27575215;71.4890905878926;482313.648601712;126267.20101813;784221.679846166;0;-6.35873333333333;0;;;;;
1/2/2020 12:08:36 AM;0.0696666666666668;0.0348333333333334;0.797633333333333;4028.17640499999;N;2709.11512000001;E;4.48981144175082;28219934.0580687;1877077.16798492;1290436.38376891;61.0984253883362;5686987.78157572;249879.184085464;1413394.27755215;71.5225020420681;482313.648601712;126273.163372294;784226.681646167;0;-6.29747083333333;0;;;;;
1/2/2020 12:13:36 AM;0.0873333333333337;0.0436666666666668;0.747633333333332;4028.17162133333;N;2709.11978766666;E;5.34545548349984;28219934.0580687;1877077.61438085;1290440.05741891;63.7936592102051;5686987.78157572;249884.509141418;1413399.28631882;32.1456337700403;482313.648601712;126275.8457967;784229.352246167;0;-6.32103333333333;0;;;;;
1/2/2020 12:18:36 AM;0.0896666666666668;0.0448333333333334;0.705533333333334;4028.17023833334;N;2709.12069600001;E;4.95764179501611;28219934.0580687;1877078.02766524;1290443.22518558;59.5321333408356;5686987.78157572;249889.471903223;1413404.28810215;0;482313.648601712;126275.8457967;784229.352246167;0;-6.24720416666666;0;;;;;
1/2/2020 12:23:36 AM;0.136333333333334;0.0681666666666671;0.7155;4028.16701033334;N;2709.12822866666;E;4.24390232243308;28219934.0580687;1877078.38146571;1290446.05951891;51.5962207317352;5686987.78157572;249893.773800802;1413409.29073549;9.72591711942269;482313.648601712;126276.656599796;784230.269262834;0;-6.29197291666666;0;;;;;
1/2/2020 12:28:36 AM;0.142000000000001;0.0710000000000003;0.742333333333333;4028.16939866667;N;2709.12407366667;E;5.32046151455078;28219934.0580687;1877078.82513555;1290448.89491891;56.2289822101593;5686987.78157572;249898.462728754;1413414.29406882;71.1725230087315;482313.648601712;126282.591615617;784235.272596167;0;-6.21971458333333;0;;;;;
1/2/2020 12:33:36 AM;0.103666666666667;0.0518333333333336;0.811466666666668;4028.17537733333;N;2709.11632766667;E;5.45572352847154;28219934.0580687;1877079.28077675;1290451.90201891;53.8293492794037;5686987.78157572;249902.959072988;1413419.30585215;71.77875036366;482313.648601712;126288.58727463;784240.2843795;0;-6.25191666666666;0;;;;;
1/2/2020 12:38:36 AM;0.114333333333334;0.0571666666666668;0.743666666666665;4028.170781798;N;2709.12077647059;E;4.78321043241857;28219934.0580687;1877079.67369706;1290454.82656891;57.4817176592552;5686987.78157572;249907.681812418;1413424.23526882;71.7031685000879;482313.648601712;126294.478188048;784245.213796167;0;-6.29275833333333;0;;;;;
1/2/2020 12:43:36 AM;0.189333333333333;0.0946666666666663;0.676766666666667;4028.17206633334;N;2709.12126833333;E;4.97355614210922;28219934.0580687;1877080.08911977;1290458.16738558;59.3851590156555;5686987.78157572;249912.640953042;1413429.24576882;71.4732012308967;482313.648601712;126300.446796049;784250.224312834;0;-6.1969375;0;;;;;
1/2/2020 12:48:36 AM;0.179;0.0895000000000001;0.833466666666668;4028.18206533333;N;2709.10698777778;E;4.45972339218956;28219934.0580687;1877080.46167055;1290460.84116891;52.7110040187836;5686987.78157572;249917.04540226;1413434.25910215;71.4650222343757;482313.648601712;126306.418095895;784255.2376295;0;-6.27469375;0;;;;;
1/2/2020 12:53:36 AM;0.232666666666666;0.116333333333333;0.773699999999999;4028.17047444445;N;2709.12587255556;E;4.71655100431972;28219934.0580687;1877080.855392;1290464.09760225;56.6253805160522;5686987.78157572;249921.773616728;1413439.26913548;71.2948910108618;482313.648601712;126312.371275693;784260.247662833;0;-6.29747083333333;0;;;;;
1/2/2020 12:58:36 AM;0.0996666666666672;0.0498333333333336;0.733700000000002;4028.16787377779;N;2709.12618722222;E;4.3910863448546;28219934.0580687;1877081.22144458;1290467.01530225;54.1352999210358;5686987.78157572;249926.286434918;1413444.27085215;20.4295539739519;482313.648601712;126314.074283183;784262.0815795;0;-6.12860625;0;;;;;
1/2/2020 1:03:36 AM;0.0443333333333332;0.0221666666666666;0.820233333333332;4028.17277377777;N;2709.12165266668;E;4.86642100593999;28219934.0580687;1877081.62733896;1290470.10140225;56.1032581329346;5686987.78157572;249930.965418102;1413449.27478549;0;482313.648601712;126314.074283183;784262.0815795;0;-6.21343125;0;;;;;
1/2/2020 1:08:36 AM;0.126666666666667;0.0633333333333333;0.850800000000001;4028.1750218889;N;2709.11662533333;E;3.50003327055217;28219934.0580687;1877081.91911843;1290472.35225225;58.0696499347687;5686987.78157572;249935.806557524;1413454.27681882;25.8675304241534;482313.648601712;126316.230848097;784264.165796166;0;-6.17573125;0;;;;;
1/2/2020 1:13:36 AM;0.0996666666666672;0.0498333333333336;0.876833333333334;4028.18097533332;N;2709.10973433334;E;3.27017896502566;28219934.0580687;1877082.19227203;1290474.60780225;56.4526283740997;5686987.78157572;249940.521612386;1413459.28870215;71.6423209526181;482313.648601712;126322.215230815;784269.177696167;0;-6.25505833333333;0;;;;;
1/2/2020 1:18:36 AM;0.177666666666667;0.0888333333333337;0.917066666666666;4028.17593322222;N;2709.11377455556;E;4.55695296510746;28219934.0580687;1877082.57276562;1290477.36276891;56.8312060832977;5686987.78157572;249945.266160141;1413464.29796882;71.5958064013143;482313.648601712;126328.192605023;784274.186962834;0;-6.32181875;0;;;;;
1/2/2020 1:23:36 AM;0.108333333333333;0.0541666666666667;0.7876;4028.17057722223;N;2709.12248311112;E;3.72153065605262;28219934.0580687;1877082.88302219;1290480.28060225;57.1083748340607;5686987.78157572;249950.027042123;1413469.29986882;71.5196279526916;482313.648601712;126334.154838805;784279.188846167;0;-6.23777916666666;0;;;;;
1/2/2020 1:28:36 AM;0.151000000000001;0.0755000000000005;0.874633333333333;4028.1746641111;N;2709.11582244444;E;5.91129766499591;28219934.0580687;1877083.37579818;1290483.61508558;55.0064170360565;5686987.78157572;249954.612504977;1413474.30158549;71.416167455557;482313.648601712;126340.10822943;784284.190562834;0;-6.30611041666666;0;;;;;
1/2/2020 1:33:36 AM;0.106666666666667;0.0533333333333337;0.746666666666667;4028.16914488889;N;2709.12464088889;E;6.16256255748368;28219934.0580687;1877083.88971418;1290486.78421891;56.877955198288;5686987.78157572;249959.355974991;1413479.30555215;71.3040586693681;482313.648601712;126346.054948064;784289.194546168;0;-6.2205;0;;;;;
1/2/2020 1:38:36 AM;0.121666666666667;0.0608333333333335;0.735433333333331;4028.16729322222;N;2709.12879644444;E;5.14474093708411;28219934.0580687;1877084.31166397;1290489.87020225;56.6045971240027;5686987.78157572;249963.99840908;1413484.22641882;60.5007057585657;482313.648601712;126351.017361783;784293.781962834;0;-6.16630625;0;;;;;
1/2/2020 1:43:36 AM;0.0713333333333335;0.0356666666666667;0.718799999999999;4028.17067266672;N;2709.12222777779;E;5.62036671525479;28219934.0580687;1877084.78082729;1290493.04203558;54.5211660861969;5686987.78157572;249968.547773189;1413489.23306882;0;482313.648601712;126351.017361783;784293.781962834;0;-6.21500208333333;0;;;;;
1/2/2020 1:48:36 AM;0.108666666666667;0.0543333333333335;0.764800000000001;4028.16696366668;N;2709.12756388889;E;2.88077935759378;28219934.0580687;1877085.02111848;1290495.12708558;54.8280608654022;5686987.78157572;249973.119887319;1413494.23668549;0;482313.648601712;126351.017361783;784293.781962834;0;-6.26683958333333;0;;;;;
1/2/2020 1:53:36 AM;0.0840000000000003;0.0420000000000002;0.767999999999999;4028.164028;N;2709.134344;E;3.68290813020089;28219934.0580687;1877085.32845576;1290497.46360225;54.6967899799347;5686987.78157572;249977.682215593;1413499.24108549;52.2966611784265;482313.648601712;126355.380107215;784297.702646168;0;-6.19536666666666;0;;;;;
1/2/2020 1:58:36 AM;0.0733333333333335;0.0366666666666667;0.717799999999999;4028.16459922222;N;2709.13357666665;E;4.94459160112455;28219934.0580687;1877085.74159138;1290500.22085225;54.1244655847549;5686987.78157572;249982.203507233;1413504.25270215;71.6546088819468;482313.648601712;126361.365197695;784302.714262834;0;-6.18908333333333;0;;;;;
1/2/2020 2:03:36 AM;0.148666666666667;0.0744574290484142;0.785418060200669;4028.16712466667;N;2709.13219488889;E;3.54237871051172;28219934.0580687;1877086.03711852;1290502.55710225;58.8006180524826;5686987.78157572;249987.109548101;1413509.25860215;71.5333104438979;482313.648601712;126367.333345129;784307.720162835;0;-6.16473541666667;0;;;;;
1/2/2020 2:08:36 AM;0.180000000000001;0.0900000000000006;0.748366666666666;4028.17175088889;N;2709.12067400002;E;4.13188144828751;28219934.0580687;1877086.381656;1290505.22573558;58.4255093336105;5686987.78157572;249991.980839813;1413514.26136882;71.4128810509995;482313.648601712;126373.287711391;784312.722929502;0;-6.17258958333333;0;;;;;
1/2/2020 2:13:36 AM;0.117666666666667;0.0588333333333334;0.687866666666668;4028.1745811111;N;2709.11705544444;E;4.4211363652275;28219934.0580687;1877086.75071126;1290507.89718558;59.7323834896088;5686987.78157572;249996.966903716;1413519.26981882;71.3592493661311;482313.648601712;126379.244365384;784317.731379502;0;-6.20557708333333;0;;;;;
1/2/2020 2:18:36 AM;0.0900000000000004;0.0450000000000002;0.774666666666666;4028.17402166665;N;2709.11822155556;E;5.38174274736575;28219934.0580687;1877087.19988552;1290511.31928558;56.7359393835068;5686987.78157572;250001.701748651;1413524.27686882;71.3235730432961;482313.648601712;126385.196377201;784322.738429502;0;-6.22207083333333;0;;;;;
1/2/2020 2:23:36 AM;0.0790697674418607;0.0396006655574044;0.7624;4028.17239478355;N;2709.11973418424;E;4.44118074601081;28219934.0580687;1877087.57011467;1290514.07023558;58.8534253835678;5686987.78157572;250006.607932288;1413529.27861882;31.4410203479585;482313.648601712;126387.817429968;784325.322712835;0;-6.18594166666666;0;;;;;
1/2/2020 2:28:36 AM;0.103010033444817;0.0514190317195328;0.726666666666667;4028.17027897665;N;2709.12384860957;E;4.34860798227026;28219934.0580687;1877087.93299886;1290516.99136891;61.6932588815689;5686987.78157572;250011.7575026;1413534.28635215;0;482313.648601712;126387.817429968;784325.322712835;0;-6.20479166666666;0;;;;;
1/2/2020 2:33:36 AM;0.0710000000000001;0.0355000000000001;0.745133333333332;4028.16947933332;N;2709.12842655556;E;3.93671898805907;28219934.0580687;1877088.26117665;1290520.07576891;54.2161703109741;5686987.78157572;250016.277059212;1413539.28810215;11.5708389827415;482313.648601712;126388.782050185;784326.406479502;0;-6.173375;0;;;;;
1/2/2020 2:38:36 AM;0.0816666666666667;0.0408333333333334;0.748866666666666;4028.1710381111;N;2709.12199011111;E;5.31304592424707;28219934.0580687;1877088.70473186;1290523.16338558;57.1614897251129;5686987.78157572;250021.047017136;1413544.29515215;71.2849123769827;482313.648601712;126394.730846087;784331.413529502;0;-6.14824166666667;0;;;;;
1/2/2020 2:43:36 AM;0.148;0.0740000000000002;0.7263;4028.16696088889;N;2709.13202977777;E;4.71515947233443;28219934.0580687;1877089.098371;1290526.33576891;60.4227286577225;5686987.78157572;250026.091862894;1413549.30436882;71.5689546690969;482313.648601712;126400.705919658;784336.422762836;0;-6.19301041666667;0;;;;;
1/2/2020 2:48:36 AM;0.0553333333333332;0.0276666666666666;0.676499999999998;4028.16346233334;N;2709.13724677779;E;3.144548979298;28219934.0580687;1877089.35674361;1290528.42460225;64.3696722337755;5686987.78157572;250031.380601777;1413554.23426882;71.4423781101054;482313.648601712;126406.575983943;784341.35264617;0;-6.13174791666667;0;;;;;
1/2/2020 2:53:36 AM;0.0986710963455154;0.0494176372712149;0.6962;4028.16505793561;N;2709.13472241952;E;3.95664664382533;28219934.0580687;1877089.68685802;1290531.09453558;61.5523856878281;5686987.78157572;250036.515060014;1413559.23935215;71.3824570048163;482313.648601712;126412.530568945;784346.357729503;0;-6.04927916666667;0;;;;;
1/2/2020 2:58:36 AM;0.0993311036789303;0.0495826377295495;0.749166666666666;4028.16437419355;N;2709.13927552836;E;3.97751513775232;28219934.0580687;1877090.01865153;1290533.84708558;57.0982611179352;5686987.78157572;250041.277713107;1413564.24446882;71.3734361218674;482313.648601712;126418.484441824;784351.362846171;0;-6.10111666666667;0;;;;;
1/2/2020 3:03:36 AM;0.0568106312292358;0.0284525790349417;0.750733333333335;4028.16238890124;N;2709.13910832409;E;3.13034547834066;28219934.0580687;1877090.27973063;1290536.26600225;60.1662737131119;5686987.78157572;250046.295161927;1413569.24766882;68.3920560463502;482313.648601712;126424.187494814;784356.366062838;0;-6.08855;0;;;;;
1/2/2020 3:08:36 AM;0.115666666666667;0.0578333333333335;0.745600000000001;4028.16072466663;N;2709.14340266667;E;4.09836252316766;28219934.0580687;1877090.62164645;1290539.18641891;60.6085431575775;5686987.78157572;250051.351501526;1413574.25306882;8.84535868033233;482313.648601712;126424.924843914;784357.199646171;0;-6.07362708333334;0;;;;;
1/2/2020 3:13:36 AM;0.107333333333333;0.0536666666666666;0.727733333333333;4028.16061311112;N;2709.14875611111;E;4.43924080469445;28219934.0580687;1877090.99251117;1290541.94318558;58.040235042572;5686987.78157572;250056.198885949;1413579.18021882;0;482313.648601712;126424.924843914;784357.199646171;0;-6.05477708333334;0;;;;;
1/2/2020 3:18:36 AM;0.160000000000001;0.0800000000000003;0.798133333333334;4028.16664911112;N;2709.13461033333;E;2.56163046603731;28219934.0580687;1877091.20638442;1290543.44578558;67.366658449173;5686987.78157572;250061.825168071;1413583.85660215;43.6033924851048;482313.648601712;126428.566620282;784360.540596171;0;-6.05791875;0;;;;;
1/2/2020 3:23:36 AM;0.284666666666667;0.142333333333333;0.844700000000001;4028.16642588889;N;2709.14110577778;E;3.03446343044834;28219934.0580687;1877091.45971025;1290545.61641891;66.6180038452148;5686987.78157572;250067.38909605;1413588.86720215;71.4800904254105;482313.648601712;126434.535922906;784365.551196171;0;-6.13331875;0;;;;;
1/2/2020 3:28:36 AM;0.200666666666667;0.100333333333334;0.743133333333333;4028.15364066666;N;2709.16912566668;E;4.13735552007442;28219934.0580687;1877091.80523406;1290548.28878558;61.9699895381927;5686987.78157572;250072.564563554;1413593.71155215;71.4542996283692;482313.648601712;126440.50390505;784370.562496171;0;-6.06263125;0;;;;;
1/2/2020 3:33:36 AM;0.149;0.0745000000000002;0.757733333333334;4028.154747;N;2709.16689611111;E;5.01256325427964;28219934.0580687;1877092.22373741;1290550.96048558;63.1437814235687;5686987.78157572;250077.835876853;1413598.55351882;71.4094138032648;482313.648601712;126446.465004459;784375.571162837;0;-6.0178625;0;;;;;
1/2/2020 3:38:36 AM;0.0686666666666668;0.0343333333333334;0.788900000000001;4028.15900288891;N;2709.15536044445;E;4.3521121734796;28219934.0580687;1877092.58656767;1290553.37813558;55.4861533641815;5686987.78157572;250082.461441093;1413603.05513548;71.4399158888874;482313.648601712;126452.420493769;784380.572996171;0;-6.0039255319149;0;;;;;
1/2/2020 3:43:36 AM;0.0653333333333334;0.0326666666666667;0.940333333333332;4028.15780155555;N;2709.15715044445;E;3.43342786233225;28219934.0580687;1877092.86832788;1290554.88058558;57.9191777665736;5686987.78157572;250087.21588211;1413607.98003548;71.3728786547472;482313.648601712;126458.278898045;784385.497879505;0;-6.00608125;0;;;;;
1/2/2020 3:48:36 AM;0.0633333333333333;0.0316666666666667;0.896199999999998;4028.15684222223;N;2709.15890088889;E;4.89993797091656;28219934.0580687;1877093.27681473;1290557.63170225;60.5004680156708;5686987.78157572;250092.259691452;1413612.89880215;51.1070872752188;482313.648601712;126462.539744701;784389.499646171;0;-6.03749791666667;0;;;;;
1/2/2020 3:53:36 AM;0.0589999999999999;0.0295;0.892766666666665;4028.15871099996;N;2709.15206966666;E;4.81861782137995;28219934.0580687;1877093.67893502;1290560.13553558;60.1727771759033;5686987.78157572;250097.278919095;1413617.48670215;0;482313.648601712;126462.539744701;784389.499646171;0;-6.0697;0;;;;;
1/2/2020 3:58:36 AM;0.127333333333333;0.0636666666666667;0.946333333333333;4028.15966977778;N;2709.15398288889;E;5.92176559919649;28219934.0580687;1877094.17260576;1290563.30333558;64.2609572410583;5686987.78157572;250102.635899887;1413622.07170215;0;482313.648601712;126462.539744701;784389.499646171;0;-6.09247708333334;0;;;;;
1/2/2020 4:03:36 AM;0.103333333333334;0.0516666666666668;0.866933333333334;4028.15515333336;N;2709.16668377779;E;5.35890101299675;28219934.0580687;1877094.61978382;1290566.47426891;64.7496736049652;5686987.78157572;250108.039134287;1413626.91173548;67.478168802959;482313.648601712;126468.17087926;784394.506412838;0;-6.04456666666667;0;;;;;
1/2/2020 4:08:36 AM;0.0923333333333337;0.0461666666666669;0.887799999999999;4028.15654544444;N;2709.16457177777;E;4.84361712936194;28219934.0580687;1877095.02372366;1290568.97638558;59.6765685081482;5686987.78157572;250113.014627676;1413631.74790215;71.587957990097;482313.648601712;126474.140002938;784399.509312838;0;-6.01157916666667;0;;;;;
1/2/2020 4:13:36 AM;0.0963333333333334;0.0481666666666667;0.859199999999999;4028.15842044444;N;2709.15488422223;E;5.13872369124062;28219934.0580687;1877095.4521352;1290571.72763558;62.1346342563629;5686987.78157572;250118.194830925;1413636.75005215;71.4817927710386;482313.648601712;126480.099380495;784404.511462838;0;-6.04063958333334;0;;;;;
1/2/2020 4:18:36 AM;0.196666666666667;0.0984974958263777;0.86752508361204;4028.15796055555;N;2709.164273;E;4.68876557201035;28219934.0580687;1877095.84301123;1290574.22860225;63.9208316802979;5686987.78157572;250123.523551319;1413641.75181882;71.3597930959139;482313.648601712;126486.048131159;784409.513229505;0;-6.04299583333334;0;;;;;
1/2/2020 4:23:36 AM;0.153000000000001;0.0765000000000004;0.790300000000001;4028.14926533335;N;2709.17923322223;E;4.9022055360325;28219934.0580687;1877096.25219914;1290576.73278558;64.3483972549438;5686987.78157572;250128.894104715;1413646.75870215;71.306818647282;482313.648601712;126491.998565989;784414.520129505;0;-6.04221041666667;0;;;;;
1/2/2020 4:28:36 AM;0.181999999999999;0.0909999999999996;0.828833333333336;4028.15295977778;N;2709.18107455555;E;5.05821266380342;28219934.0580687;1877096.67475357;1290579.99103558;66.1347627639771;5686987.78157572;250134.419267359;1413651.77086882;71.2851260006321;482313.648601712;126497.953428474;784419.532296172;0;-5.99272916666667;0;;;;;
1/2/2020 4:33:36 AM;0.329999999999999;0.165;0.829200000000002;4028.16572511112;N;2709.14787366667;E;5.4679348980182;28219934.0580687;1877097.13079821;1290582.57591891;63.7116229534149;5686987.78157572;250139.730854944;1413656.77328548;30.4725507624033;482313.648601712;126500.49422655;784422.117129505;0;-6.01079375;0;;;;;
1/2/2020 4:38:36 AM;0.337333333333333;0.168666666666666;0.824233333333333;4028.16719000001;N;2709.14309333333;E;5.69065643279036;28219934.0580687;1877097.6057481;1290585.91351892;60.2073383331299;5686987.78157572;250144.753654062;1413661.69573548;0;482313.648601712;126500.49422655;784422.117129505;0;-6.16787708333333;0;;;;;
1/2/2020 4:43:36 AM;0.243333333333333;0.121666666666666;0.765633333333334;4028.15200544444;N;2709.17242655554;E;5.36968837676891;28219934.0580687;1877098.0543235;1290588.58676891;60.7514977455139;5686987.78157572;250149.827635039;1413666.54005215;14.0484199665627;482313.648601712;126501.66740515;784423.369829505;0;-6.09012083333333;0;;;;;
1/2/2020 4:48:36 AM;0.258666666666666;0.129333333333333;0.793233333333335;4028.15799277778;N;2709.15748466667;E;5.32636015109331;28219934.0580687;1877098.49917855;1290591.50968558;59.3759572505951;5686987.78157572;250154.785471993;1413671.38303548;71.5415702032841;482313.648601712;126507.640849306;784428.379612839;0;-5.96052708333334;0;;;;;
1/2/2020 4:53:36 AM;0.304666666666667;0.152333333333333;0.855100000000001;4028.15983555555;N;2709.15528455555;E;3.99504196731168;28219934.0580687;1877098.83238322;1290593.84498558;63.8756597042084;5686987.78157572;250160.112372392;1413676.22003548;71.526340797757;482313.648601712;126513.606027922;784433.383496172;0;-6.08855;0;;;;;
1/2/2020 4:58:36 AM;0.164000000000001;0.0820000000000004;0.668;4028.15082255555;N;2709.17965088889;E;6.16292708027646;28219934.0580687;1877099.33759425;1290597.17956891;62.157482615972;5686987.78157572;250165.207714982;1413680.97181882;71.4696258358393;482313.648601712;126519.464770352;784438.302012839;0;-6.04927916666667;0;;;;;
1/2/2020 5:03:36 AM;0.230999999999999;0.1155;0.753666666666666;4028.15610122224;N;2709.164569;E;5.170854601317;28219934.0580687;1877099.7694573;1290600.01915225;62.4081230163574;5686987.78157572;250170.419319797;1413685.89946882;71.4162411156614;482313.648601712;126525.429414583;784443.313196173;0;-5.97623541666667;0;;;;;
1/2/2020 5:08:36 AM;0.311666666666668;0.155833333333334;0.784433333333335;4028.15465944445;N;2709.16513166667;E;5.41525972071511;28219934.0580687;1877100.22174169;1290602.94266891;62.9347229003906;5686987.78157572;250175.676506583;1413690.91196882;70.807123589554;482313.648601712;126531.344796422;784448.325679506;0;-6.05399166666667;0;;;;;
1/2/2020 5:13:36 AM;0.177000000000001;0.0885000000000005;0.684966666666667;4028.14694522222;N;2709.19090499999;E;4.53230169060379;28219934.0580687;1877100.59957292;1290605.44360225;62.7151608467102;5686987.78157572;250180.904707923;1413695.91380215;16.9962438394639;482313.648601712;126532.761625484;784449.90956284;0;-5.9943;0;;;;;
1/2/2020 5:18:36 AM;0.240999999999999;0.120499999999999;0.735700000000001;4028.15313777778;N;2709.1732628889;E;4.5455435190833;28219934.0580687;1877100.97901086;1290608.19810225;58.0599009990692;5686987.78157572;250185.749492728;1413700.92045215;0;482313.648601712;126532.761625484;784449.90956284;0;-5.96523958333334;0;;;;;
1/2/2020 5:23:36 AM;0.299999999999999;0.15;0.7913;4028.15210922221;N;2709.17670322222;E;5.62480515891631;28219934.0580687;1877101.44824446;1290611.28466891;57.2493731975555;5686987.78157572;250190.525183925;1413705.92505215;22.344503353089;482313.648601712;126534.624331263;784451.743546173;0;-6.08148125000001;0;;;;;
1/2/2020 5:28:36 AM;0.247;0.1235;0.525333333333333;4028.14407566667;N;2709.19671722222;E;4.61609012481167;28219934.0580687;1877101.83312203;1290614.53625225;52.3734498023987;5686987.78157572;250194.893117878;1413710.92891882;71.5775774865719;482313.648601712;126540.593742535;784456.74741284;0;-6.23935;0;;;;;
1/2/2020 5:33:36 AM;0.247999999999999;0.124;0.7386;4028.13073266666;N;2709.18881422222;E;5.8776407411957;28219934.0580687;1877102.32407422;1290618.12733558;61.0843634605408;5686987.78157572;250199.995022533;1413715.94018548;71.5429936706162;482313.648601712;126546.569093091;784461.758696173;0;-5.4665;0;;;;;
1/2/2020 5:38:36 AM;0.197999999999999;0.0989999999999995;0.653633333333333;4028.13440711111;N;2709.19418166666;E;3.40082301870919;28219934.0580687;1877102.60810463;1290620.46531891;56.5543842315674;5686987.78157572;250204.718266231;1413720.95166881;71.5055471254727;482313.648601712;126552.541573994;784466.77016284;0;-5.6031625;0;;;;;
1/2/2020 5:43:36 AM;0.181000000000001;0.0905000000000004;0.731366666666666;4028.12978866667;N;2709.200651;E;6.04165076584341;28219934.0580687;1877103.11281294;1290624.39105225;44.2032730579376;5686987.78157572;250208.410734602;1413725.46188548;71.4415243603559;482313.648601712;126558.508767397;784471.781696174;0;-5.7633875;0;;;;;
1/2/2020 5:48:36 AM;0.259999999999999;0.129999999999999;0.626099999999999;4028.13393533333;N;2709.18500566666;E;5.42765894906483;28219934.0580687;1877103.55853656;1290627.89900225;46.8072968014216;5686987.78157572;250212.254832101;1413729.63738548;71.3887163224093;482313.648601712;126564.371923054;784476.709496175;0;-5.65892708333333;0;;;;;
1/2/2020 5:53:36 AM;0.251666666666665;0.125833333333333;0.797533333333333;4028.13480133332;N;2709.18341866667;E;5.03886569467881;28219934.0580687;1877103.97862635;1290631.23401891;51.1635267734528;5686987.78157572;250216.520594174;1413734.13948548;71.3061732382187;482313.648601712;126570.316778244;784481.711746175;0;-5.64950208333333;0;;;;;
1/2/2020 5:58:36 AM;0.149000000000001;0.0745000000000003;0.679033333333332;4028.12856666664;N;2709.20477455555;E;4.95551080039076;28219934.0580687;1877104.39190338;1290634.31946891;54.4177079200745;5686987.78157572;250221.05862245;1413738.97626882;54.1976578336553;482313.648601712;126574.83538021;784485.880462842;0;-5.65421458333333;0;;;;;
1/2/2020 6:03:36 AM;0.187666666666668;0.0938333333333338;0.727199999999999;4028.13210944448;N;2709.19214388889;E;5.13890370112257;28219934.0580687;1877104.82097082;1290637.32551891;48.5840320587158;5686987.78157572;250225.116426754;1413743.40251882;0;482313.648601712;126574.83538021;784485.880462842;0;-5.65814166666667;0;;;;;
1/2/2020 6:08:36 AM;0.224666666666666;0.112333333333333;0.756500000000001;4028.13108877778;N;2709.19033733334;E;4.2183249871395;28219934.0580687;1877105.173298;1290639.83143558;53.0036151409149;5686987.78157572;250229.54439484;1413747.91358548;0;482313.648601712;126574.83538021;784485.880462842;0;-5.626725;0;;;;;
1/2/2020 6:13:36 AM;0.193666666666668;0.0968333333333338;0.6232;4028.12729233336;N;2709.21420266666;E;4.84200159738926;28219934.0580687;1877105.57782512;1290642.75598558;54.9053156375885;5686987.78157572;250234.131114794;1413752.50818548;58.6798172671776;482313.648601712;126579.738148045;784490.308646175;0;-5.69427083333333;0;;;;;
1/2/2020 6:18:36 AM;0.121;0.0605;0.652466666666666;4028.12658877776;N;2709.21854744444;E;6.27156136617071;28219934.0580687;1877106.10167077;1290646.01288558;58.1598544120789;5686987.78157572;250238.987498106;1413757.26810215;71.4652549970387;482313.648601712;126585.705615835;784495.318746175;0;-5.93225208333333;0;;;;;
1/2/2020 6:23:36 AM;0.0803333333333335;0.0401666666666668;0.704499999999999;4028.12653111113;N;2709.21235144444;E;3.82778960918147;28219934.0580687;1877106.4207577;1290648.51373558;59.3259465694427;5686987.78157572;250243.933110784;1413761.93648548;71.4116242062477;482313.648601712;126591.658726857;784500.320546175;0;-5.82857708333334;0;;;;;
1/2/2020 6:28:36 AM;0.0913333333333336;0.0456666666666668;0.686466666666667;4028.12800922221;N;2709.21027411112;E;5.67896605703192;28219934.0580687;1877106.89461061;1290651.93448558;56.7702341079712;5686987.78157572;250248.668836194;1413766.35756882;71.3598190631935;482313.648601712;126597.611483299;784505.325696176;0;-5.796375;0;;;;;
1/2/2020 6:33:36 AM;0.0680000000000001;0.034;0.724866666666667;4028.12915311111;N;2709.2009081111;E;5.00227959503535;28219934.0580687;1877107.31230902;1290654.60660225;59.8949790000916;5686987.78157572;250253.666868142;1413771.28165215;71.3374616404992;482313.648601712;126603.565111088;784510.333112842;0;-5.66128333333333;0;;;;;
1/2/2020 6:38:36 AM;0.0546666666666665;0.0273333333333333;0.749199999999998;4028.13087811113;N;2709.19857788888;E;5.15569575437026;28219934.0580687;1877107.74210428;1290658.02451891;54.7993719577789;5686987.78157572;250258.236062106;1413775.86738548;61.7517780668686;482313.648601712;126608.713806922;784515.085546176;0;-5.63300833333333;0;;;;;
1/2/2020 6:43:36 AM;0.0883333333333337;0.0441666666666668;0.660833333333332;4028.12890499999;N;2709.200802;E;4.45273678607369;28219934.0580687;1877108.11382486;1290660.69631891;47.0199108123779;5686987.78157572;250262.161666304;1413780.29238548;0;482313.648601712;126608.713806922;784515.085546176;0;-5.61808541666667;0;;;;;
1/2/2020 6:48:36 AM;0.120333333333334;0.0601666666666668;0.745633333333333;4028.13140933332;N;2709.1953291111;E;3.62506909587765;28219934.0580687;1877108.41602389;1290663.28055225;47.6573216915131;5686987.78157572;250266.134795256;1413784.46076882;0;482313.648601712;126608.713806922;784515.085546176;0;-5.6125875;0;;;;;
1/2/2020 6:53:36 AM;0.0976666666666672;0.0488333333333336;0.693333333333334;4028.13232411112;N;2709.18556755555;E;4.66285519260771;28219934.0580687;1877108.79862695;1290666.28445225;46.4675745721591;5686987.78157572;250269.947119918;1413788.38215215;51.7255653865343;482313.648601712;126612.959119143;784518.924629509;0;-5.54425625;0;;;;;
1/2/2020 6:58:36 AM;0.163333333333334;0.081666666666667;0.683433333333334;4028.13300255555;N;2709.19500255556;E;5.9870022418313;28219934.0580687;1877109.29783509;1290670.03663558;50.129474401474;5686987.78157572;250274.126897367;1413792.88463548;71.5511059678153;482313.648601712;126618.924871758;784523.927279509;0;-5.62122708333333;0;;;;;
1/2/2020 7:03:36 AM;0.098666666666667;0.0493333333333335;0.652166666666666;4028.12949333335;N;2709.20303944445;E;5.39087153686597;28219934.0580687;1877109.74761518;1290673.87450225;44.3119525909424;5686987.78157572;250277.823198128;1413797.22206882;71.4999881396373;482313.648601712;126624.890134545;784528.933096177;0;-5.65342916666667;0;;;;;
1/2/2020 7:08:36 AM;0.141333333333334;0.0706666666666668;0.734999999999999;4028.1306881111;N;2709.19219566668;E;4.68146140348723;28219934.0580687;1877110.13863477;1290677.13155225;44.8200273513794;5686987.78157572;250281.565262265;1413801.64740215;71.4738612463096;482313.648601712;126630.858439993;784533.943296177;0;-5.55211041666667;0;;;;;
1/2/2020 7:13:36 AM;0.165;0.0824999999999998;0.776200000000002;4028.13408922222;N;2709.18482066666;E;5.05499255215003;28219934.0580687;1877110.56004348;1290680.29955225;45.4295539855957;5686987.78157572;250285.352756757;1413806.14923548;71.4097512250143;482313.648601712;126636.8116331;784538.945296177;0;-5.58509791666667;0;;;;;
1/2/2020 7:18:36 AM;0.181666666666667;0.0908333333333337;0.716233333333334;4028.14042599998;N;2709.16352522221;E;5.20519268392828;28219934.0580687;1877110.99446459;1290683.88920225;45.3229308128357;5686987.78157572;250289.136286722;1413810.82451882;71.3732268106309;482313.648601712;126642.770127296;784543.954329511;0;-5.5796;0;;;;;
1/2/2020 7:23:36 AM;0.347666666666667;0.173833333333334;0.745133333333333;4028.13630222223;N;2709.17652811111;E;5.84192161786511;28219934.0580687;1877111.48159345;1290687.22445225;50.544673204422;5686987.78157572;250293.351630949;1413815.74488548;33.7977602214155;482313.648601712;126645.589644491;784546.707079511;0;-5.54818333333333;0;;;;;
1/2/2020 7:28:36 AM;0.151000000000001;0.0755000000000004;0.537633333333334;4028.1308488889;N;2709.203366;E;5.35320654151799;28219934.0580687;1877111.92784827;1290690.30885225;47.2263085842133;5686987.78157572;250297.288572397;1413820.66330215;0;482313.648601712;126645.589644491;784546.707079511;0;-5.67070833333333;0;;;;;
1/2/2020 7:33:36 AM;0.349;0.1745;0.669033333333333;4028.13417388889;N;2709.18087688889;E;4.444968953913;28219934.0580687;1877112.29897186;1290693.39883558;46.4226257801056;5686987.78157572;250301.164571664;1413825.67348548;12.6951933175602;482313.648601712;126646.649640919;784547.876112844;0;-5.61810212765957;0;;;;;
1/2/2020 7:38:36 AM;0.175666666666667;0.0878333333333334;0.710266666666665;4028.13778;N;2709.17205533333;E;5.83800059669355;28219934.0580687;1877112.78565484;1290696.56670225;48.9219903945923;5686987.78157572;250305.243541994;1413830.67530215;71.3652211711952;482313.648601712;126652.598903824;784552.877946178;0;-5.50577083333333;0;;;;;
1/2/2020 7:43:36 AM;0.122666666666667;0.0613333333333335;0.641700000000001;4028.13267411113;N;2709.18656333333;E;6.32707042949156;28219934.0580687;1877113.3133994;1290699.81966891;48.3892250061035;5686987.78157572;250309.279040154;1413835.67948548;71.5084967442727;482313.648601712;126658.562931491;784557.882112845;0;-5.53011875;0;;;;;
1/2/2020 7:48:36 AM;0.207666666666668;0.103833333333334;0.6903;4028.13925205328;N;2709.17225038845;E;4.48015183732157;28219934.0580687;1877113.68688048;1290702.73738558;43.798520565033;5686987.78157572;250312.93016443;1413840.68123549;71.4656312425838;482313.648601712;126664.520485117;784562.883862845;0;-5.513625;0;;;;;
1/2/2020 7:53:36 AM;0.123333333333334;0.0616666666666668;0.688699999999998;4028.13914849835;N;2709.17414549499;E;5.14474940042712;28219934.0580687;1877114.11575878;1290705.32161891;47.6545429229736;5686987.78157572;250316.902847642;1413845.68303548;71.4435651840016;482313.648601712;126670.476258798;784567.885662845;0;-5.59687916666667;0;;;;;
1/2/2020 7:58:36 AM;0.177666666666666;0.0888333333333331;0.671833333333334;4028.13793218647;N;2709.17931342952;E;4.93326446134693;28219934.0580687;1877114.52726359;1290707.99133558;40.522209405899;5686987.78157572;250320.282907566;1413850.68795215;71.3792945165884;482313.648601712;126676.430381616;784572.890579512;0;-5.70997916666667;0;;;;;
1/2/2020 8:03:36 AM;0.176666666666667;0.0883333333333337;0.711333333333332;4028.14516233334;N;2709.16251066666;E;3.38667324763445;28219934.0580687;1877114.81002074;1290709.82795225;43.0184984207153;5686987.78157572;250323.875047652;1413855.69786882;71.3680831822843;482313.648601712;126682.389517111;784577.900496178;0;-5.78066666666667;0;;;;;
1/2/2020 8:08:36 AM;0.0376666666666666;0.0188333333333333;0.639633333333334;4028.14613733334;N;2709.15677166668;E;4.42508995320798;28219934.0580687;1877115.17956903;1290712.16605225;43.0608773231506;5686987.78157572;250327.469829692;1413860.70790215;62.1598006965706;482313.648601712;126687.579857962;784582.659929512;0;-5.79244791666667;0;;;;;
1/2/2020 8:13:36 AM;0.100666666666667;0.0503333333333336;0.647133333333333;4028.14349933335;N;2709.160816;E;4.05100560157374;28219934.0580687;1877115.51218953;1290714.08626891;43.7714107966019;5686987.78157572;250331.064901087;1413865.63548548;0;482313.648601712;126687.579857962;784582.659929512;0;-5.70369583333333;0;;;;;
1/2/2020 8:18:36 AM;0.0939999999999998;0.0469999999999999;0.652500000000001;4028.13831066666;N;2709.16647900001;E;3.08793950673298;28219934.0580687;1877115.77002383;1290715.75555225;42.4465727806091;5686987.78157572;250334.610200998;1413870.64695215;0;482313.648601712;126687.579857962;784582.659929512;0;-5.7633875;0;;;;;
1/2/2020 8:23:36 AM;0.161666666666667;0.0808333333333336;0.654533333333334;4028.145464;N;2709.16066666666;E;3.62875311011413;28219934.0580687;1877116.07293372;1290718.09313558;46.665118932724;5686987.78157572;250338.503578328;1413875.65320215;50.7380513977995;482313.648601712;126691.81108867;784586.496396179;0;-5.78537916666667;0;;;;;
1/2/2020 8:28:36 AM;0.0810000000000002;0.0405000000000001;0.6003;4028.14140366667;N;2709.15778433332;E;6.30471862118914;28219934.0580687;1877116.59874114;1290721.51205225;47.3991250991821;5686987.78157572;250342.455736294;1413880.65606882;71.4633984006615;482313.648601712;126697.769785837;784591.499262845;0;-5.76731458333333;0;;;;;
1/2/2020 8:33:36 AM;0.178666666666667;0.0893333333333336;0.763766666666669;4028.13808666663;N;2709.16850366667;E;3.48803687378314;28219934.0580687;1877116.8900941;1290723.34946891;43.5898590087891;5686987.78157572;250346.096187837;1413885.66720215;71.4582445829933;482313.648601712;126703.737899506;784596.510396178;0;-5.88277083333334;0;;;;;
1/2/2020 8:38:36 AM;0.0983333333333338;0.0491666666666669;0.670433333333333;4028.13447066669;N;2709.18508966666;E;3.43152907361487;28219934.0580687;1877117.17671667;1290725.35416891;41.7066586017609;5686987.78157572;250349.578897986;1413890.67765215;71.4858393052873;482313.648601712;126709.707503211;784601.520846178;0;-5.8387875;0;;;;;
1/2/2020 8:43:36 AM;0.225000000000001;0.1125;0.733866666666667;4028.137496;N;2709.17921699999;E;3.98980529629113;28219934.0580687;1877117.50971488;1290728.10846891;44.331157207489;5686987.78157572;250353.279749853;1413895.68685215;71.4521009584642;482313.648601712;126715.672801285;784606.530046178;0;-5.81129791666667;0;;;;;
1/2/2020 8:48:36 AM;0.359666666666667;0.179833333333334;0.740099999999999;4028.14357833335;N;2709.154026;E;4.90362589314009;28219934.0580687;1877117.91853004;1290731.44320225;42.4037754535675;5686987.78157572;250356.814738586;1413900.68878548;71.4757157362749;482313.648601712;126721.631414067;784611.531979512;0;-5.8010875;0;;;;;
1/2/2020 8:53:36 AM;0.189666666666667;0.0948333333333334;0.798466666666665;4028.14798366668;N;2709.15041433333;E;4.17139701782233;28219934.0580687;1877118.2663569;1290734.69485225;46.6440939903259;5686987.78157572;250360.703641936;1413905.60773548;29.9674537578954;482313.648601712;126724.130078182;784614.033412845;0;-5.74689375;0;;;;;
1/2/2020 8:58:36 AM;0.214333333333333;0.107166666666666;0.739866666666667;4028.13805933333;N;2709.16101299999;E;4.69865277382564;28219934.0580687;1877118.65822191;1290737.69760225;50.3509712219238;5686987.78157572;250364.90356316;1413910.61241882;0;482313.648601712;126724.130078182;784614.033412845;0;-5.82543541666667;0;;;;;
1/2/2020 9:03:36 AM;0.288333333333333;0.144166666666666;0.792499999999999;4028.15145933332;N;2709.15202766667;E;5.37671813802841;28219934.0580687;1877119.10750217;1290740.45390225;52.2768151760101;5686987.78157572;250369.270047985;1413915.62381882;10.5679025795464;482313.648601712;126725.011451964;784615.034229512;0;-5.84271458333334;0;;;;;
1/2/2020 9:08:36 AM;0.213666666666668;0.106833333333334;0.784733333333333;4028.15302133332;N;2709.12980166667;E;3.32506740651015;28219934.0580687;1877119.38469425;1290742.12116892;53.4028458595276;5686987.78157572;250373.721856247;1413920.62560215;71.1480915813654;482313.648601712;126730.942576179;784620.036012845;0;-5.77909583333333;0;;;;;
1/2/2020 9:13:36 AM;0.217666666666667;0.108833333333334;0.871599999999999;4028.14934266668;N;2709.14561133333;E;4.47403940485571;28219934.0580687;1877119.75168224;1290744.37368558;55.4964647454731;5686987.78157572;250378.274300942;1413925.46396882;71.5372299023162;482313.648601712;126736.810913384;784624.957929512;0;-5.8199375;0;;;;;
1/2/2020 9:18:36 AM;0.211;0.1055;0.739599999999998;4028.14559800001;N;2709.14762366666;E;3.88627093033008;28219934.0580687;1877120.07620837;1290746.04360225;50.7865083217621;5686987.78157572;250382.516241044;1413930.14171882;71.4747620043985;482313.648601712;126742.781219658;784629.969746178;0;-5.81836666666667;0;;;;;
1/2/2020 9:23:36 AM;0.147666666666666;0.0738333333333332;0.815633333333334;4028.14881133333;N;2709.143381;E;2.45563903812079;28219934.0580687;1877120.28129859;1290747.21316892;44.4604253768921;5686987.78157572;250386.230600533;1413934.65276882;71.4370892774309;482313.648601712;126748.748221107;784634.981429511;0;-5.77045625;0;;;;;
1/2/2020 9:28:36 AM;0.229333333333334;0.114666666666667;0.711833333333333;4028.13787066666;N;2709.16605633334;E;4.19203336926418;28219934.0580687;1877120.63089458;1290749.04750225;49.4379758834839;5686987.78157572;250390.354840284;1413939.07431882;71.3997194058817;482313.648601712;126754.704704186;784639.986896178;0;-5.87491666666667;0;;;;;
1/2/2020 9:33:36 AM;0.0823333333333336;0.0411666666666668;0.723333333333334;4028.13653933333;N;2709.181022;E;3.63288484417397;28219934.0580687;1877120.93375021;1290750.88151892;47.4775815010071;5686987.78157572;250394.312783974;1413943.40930215;68.1325848648803;482313.648601712;126760.384537622;784644.988762845;0;-5.93460833333334;0;;;;;
1/2/2020 9:38:36 AM;0.184333333333333;0.0921666666666667;0.6951;4028.13314466666;N;2709.19547833333;E;3.54873827201921;28219934.0580687;1877121.22999988;1290752.13343558;46.8039178848267;5686987.78157572;250398.222487029;1413947.58530215;6.40581916581659;482313.648601712;126760.919789564;784645.573662845;0;-5.96838125;0;;;;;
1/2/2020 9:43:36 AM;0.146333333333333;0.0731666666666667;0.669966666666667;4028.13116066665;N;2709.20958466668;E;3.62672141449077;28219934.0580687;1877121.5323492;1290753.71733558;51.0637307167053;5686987.78157572;250402.479802947;1413952.08730215;0;482313.648601712;126760.919789564;784645.573662845;0;-6.10347291666667;0;;;;;
1/2/2020 9:48:36 AM;0.172000000000001;0.0860000000000005;0.635533333333333;4028.13366366668;N;2709.19611866666;E;4.08554304110819;28219934.0580687;1877121.87303283;1290755.38518558;47.2929418087006;5686987.78157572;250406.42417487;1413956.50770215;40.1145748801026;482313.648601712;126764.266306239;784648.660229512;0;-6.03357083333333;0;;;;;
1/2/2020 9:53:36 AM;0.211666666666668;0.105833333333334;0.658400000000001;4028.13209333335;N;2709.20910166667;E;3.82193166202428;28219934.0580687;1877122.19163456;1290756.88568558;44.6155750751495;5686987.78157572;250410.143451439;1413961.09263549;71.6658699443983;482313.648601712;126770.240532336;784653.661962846;0;-6.1215375;0;;;;;
1/2/2020 9:58:36 AM;0.218666666666666;0.109333333333333;0.6141;4028.13306;N;2709.22132;E;3.83086986812712;28219934.0580687;1877122.51138786;1290758.72235225;48.9969027042389;5686987.78157572;250414.233551787;1413965.68405215;71.568610241791;482313.648601712;126776.214899377;784658.670612846;0;-6.2629125;0;;;;;
1/2/2020 10:03:36 AM;0.593333333333333;0.296666666666666;0.683266666666666;4028.14303899999;N;2709.17845533333;E;3.37001113900567;28219934.0580687;1877122.79236093;1290760.38985225;50.7530558109283;5686987.78157572;250418.464977159;1413970.68628549;71.508417331092;482313.648601712;126782.176595869;784663.672846179;0;-6.1828;0;;;;;
1/2/2020 10:08:36 AM;0.195333333333335;0.0976666666666673;0.557700000000001;4028.15485566663;N;2709.14611633334;E;4.20312379751376;28219934.0580687;1877123.14293979;1290762.55863558;57.2833693027496;5686987.78157572;250423.242860774;1413975.69113549;71.3648715058579;482313.648601712;126788.129436662;784668.67769618;0;-5.98408958333334;0;;;;;
1/2/2020 10:13:36 AM;0.182333333333334;0.091166666666667;0.439033333333334;4028.14472566667;N;2709.15089833331;E;4.54993931802109;28219934.0580687;1877123.5224228;1290764.47706892;49.6673405170441;5686987.78157572;250427.385423855;1413980.69540215;71.4772251368958;482313.648601712;126794.090953425;784673.681962847;0;-6.03278541666667;0;;;;;
1/2/2020 10:18:36 AM;0.311333333333334;0.155666666666667;0.642500000000001;4028.14684166667;N;2709.14803666667;E;3.19958456540326;28219934.0580687;1877123.78918225;1290765.81106892;51.3745737075806;5686987.78157572;250431.668983249;1413985.69836882;44.5224711831313;482313.648601712;126797.802533168;784677.183262846;0;-6.08619375;0;;;;;
1/2/2020 10:23:36 AM;0.233;0.1165;0.4348;4028.15652799998;N;2709.12535766666;E;4.22994321313055;28219934.0580687;1877124.13640672;1290768.23235225;46.5270450559713;5686987.78157572;250435.488304262;1413990.37248549;0;482313.648601712;126797.802533168;784677.183262846;0;-6.05948958333333;0;;;;;
1/2/2020 10:28:36 AM;0.422000000000001;0.211;0.602066666666667;4028.15177366665;N;2709.141197;E;3.05351015075761;28219934.0580687;1877124.39101016;1290769.64996892;43.8073754310608;5686987.78157572;250439.140694794;1413994.95826882;5.01605843373502;482313.648601712;126798.221460871;784677.684362846;0;-6.05477708333334;0;;;;;
1/2/2020 10:33:36 AM;0.336999999999999;0.168499999999999;0.292066666666666;4028.14132266667;N;2709.171892;E;2.60243512221055;28219934.0580687;1877124.60831389;1290770.65221892;44.3268048763275;5686987.78157572;250442.84111352;1413999.38283549;69.4303192468678;482313.648601712;126804.018198005;784682.693796179;0;-6.21264583333333;0;;;;;
1/2/2020 10:38:36 AM;0.380333333333333;0.190166666666667;0.514233333333333;4028.14585333333;N;2709.140507;E;3.44067793368393;28219934.0580687;1877124.89514629;1290772.40295225;47.9547679424286;5686987.78157572;250446.838831411;1414004.05121882;71.625814785364;482313.648601712;126809.989224356;784687.69564618;0;-6.16473541666667;0;;;;;
1/2/2020 10:43:36 AM;0.104000000000001;0.0520000000000003;0.3945;4028.15333666667;N;2709.12720433334;E;4.48182179718954;28219934.0580687;1877125.26935259;1290774.82463559;45.5214607715607;5686987.78157572;250450.640146477;1414008.56013549;71.6281984282824;482313.648601712;126815.970179558;784692.705646179;0;-6.1592375;0;;;;;
1/2/2020 10:48:36 AM;0.0823333333333336;0.0411666666666668;0.381566666666667;4028.15116233333;N;2709.12812466667;E;3.00811197292976;28219934.0580687;1877125.5202809;1290776.32613559;41.1420106887817;5686987.78157572;250454.072559317;1414012.81506882;71.5073238338832;482313.648601712;126821.936952596;784697.712212846;0;-6.22678333333333;0;;;;;
1/2/2020 10:53:36 AM;0.134;0.0670000000000001;0.2807;4028.14953333334;N;2709.13924966667;E;2.88155858308988;28219934.0580687;1877125.76049157;1290777.49318559;44.7535586357117;5686987.78157572;250457.803283166;1414017.06650216;71.5113219292873;482313.648601712;126827.89827546;784702.713929514;0;-6.23306666666666;0;;;;;
1/2/2020 10:58:36 AM;0.116000000000001;0.0580000000000003;0.2341;4028.141538;N;2709.15208999998;E;3.52403092180613;28219934.0580687;1877126.05489372;1290779.33106892;47.6509952545166;5686987.78157572;250461.784268572;1414021.57711882;69.8182804988542;482313.648601712;126833.730210046;784707.642229513;0;-6.27076666666667;0;;;;;
1/2/2020 11:03:36 AM;0.128333333333334;0.0641666666666668;0.226633333333333;4028.14411766667;N;2709.14604633334;E;4.18313658996827;28219934.0580687;1877126.40385381;1290781.25030225;43.9823663234711;5686987.78157572;250465.45337498;1414026.08193549;16.4451239766443;482313.648601712;126835.104160015;784709.14609618;0;-6.30846666666667;0;;;;;
1/2/2020 11:08:36 AM;0.143333333333334;0.0716666666666668;0.198033333333333;4028.14768466668;N;2709.134866;E;4.69058270113352;28219934.0580687;1877126.79486791;1290783.41773559;46.3250613212585;5686987.78157572;250469.31544265;1414030.50041882;0;482313.648601712;126835.104160015;784709.14609618;0;-6.286475;0;;;;;
1/2/2020 11:13:36 AM;0.176999999999999;0.0884999999999996;0.166566666666667;4028.14932933334;N;2709.14079133333;E;4.22534280800562;28219934.0580687;1877127.14758983;1290785.58798558;48.1291937828064;5686987.78157572;250473.334254996;1414035.17671882;23.3159572640874;482313.648601712;126837.051945002;784711.067479514;0;-23.4918125;0;;;;;
1/2/2020 11:18:36 AM;0.323999999999999;0.162;0.1218;4028.13434466668;N;2709.16872933333;E;5.51023798649531;28219934.0580687;1877127.60772813;1290787.75871892;44.4633901119232;5686987.78157572;250477.045482843;1414039.68425215;71.6410456349114;482313.648601712;126843.031265945;784716.075229514;0;-25.28020625;0;;;;;
1/2/2020 11:23:36 AM;0.152666666666667;0.0763333333333336;0.302300000000001;4028.13837033334;N;2709.17336133332;E;3.5859432358618;28219934.0580687;1877127.9066663;1290789.67608558;43.8094961643219;5686987.78157572;250480.69752382;1414044.18580215;71.5853684527669;482313.648601712;126848.998781438;784721.076946181;0;-25.5935875;0;;;;;
1/2/2020 11:28:36 AM;0.109666666666667;0.0548333333333336;0.1281;4028.13575933333;N;2709.17481133335;E;6.08947537329269;28219934.0580687;1877128.41501413;1290793.34955225;44.9965846538544;5686987.78157572;250484.454574216;1414048.86170215;71.5015311384112;482313.648601712;126854.968642106;784726.086512848;0;-25.5558875;0;;;;;
1/2/2020 11:33:36 AM;0.168;0.0840000000000002;0.1217;4028.13544166666;N;2709.18302600001;E;5.43549449293523;28219934.0580687;1877128.86135809;1290796.69001892;45.4682580495285;5686987.78157572;250488.189151659;1414053.78995215;71.4387023628558;482313.648601712;126860.836438624;784731.014762848;0;-25.5574583333333;0;;;;;
1/2/2020 11:38:36 AM;0.176000000000001;0.0880000000000005;0.151;4028.13740199999;N;2709.17659466666;E;3.45665997231177;28219934.0580687;1877129.14999442;1290799.02798558;41.3083148002625;5686987.78157572;250491.637135443;1414058.38180215;71.4168560647422;482313.648601712;126866.798079743;784736.023362849;0;-25.58180625;0;;;;;
1/2/2020 11:43:36 AM;0.309666666666667;0.154833333333333;0.0603666666666665;4028.13535566666;N;2709.186897;E;4.91064348833016;28219934.0580687;1877129.5593564;1290801.61220225;42.8737807273865;5686987.78157572;250495.211213007;1414062.88340216;64.4754916551597;482313.648601712;126872.172923277;784740.941762849;0;-25.5370375;0;;;;;
1/2/2020 11:48:36 AM;0.204000000000001;0.102;0.1713;4028.13085266667;N;2709.19366800001;E;3.78391579266359;28219934.0580687;1877129.87500582;1290803.78155225;48.0259466171265;5686987.78157572;250499.217689093;1414067.80521882;0;482313.648601712;126872.172923277;784740.941762849;0;-25.6776270833333;0;;;;;
1/2/2020 11:53:36 AM;0.0970000000000005;0.0485000000000002;0.0653333333333333;4028.13418966666;N;2709.18070866667;E;3.16598650539428;28219934.0580687;1877130.13895882;1290805.69918559;46.1673295497894;5686987.78157572;250503.066700716;1414072.55718549;0;482313.648601712;126872.172923277;784740.941762849;0;-25.65249375;0;;;;;
1/2/2020 11:58:36 AM;0.186333333333334;0.0931666666666672;0.0635666666666666;4028.13264433333;N;2709.189879;E;4.21095991697007;28219934.0580687;1877130.49075025;1290808.28840225;50.6710803508759;5686987.78157572;250507.297621063;1414077.56798549;50.5695344070865;482313.648601712;126876.398062131;784744.784929516;0;-25.7695208333333;0;;;;;
1/2/2020 12:03:36 PM;0.194333333333335;0.0971666666666673;0.189733333333333;4028.13435466668;N;2709.18515766666;E;4.56870601631;28219934.0580687;1877130.87201323;1290811.20943558;52.9441809654236;5686987.78157572;250511.714725269;1414082.57426882;71.6296165174937;482313.648601712;126882.374698447;784749.791196183;0;-25.5503895833333;0;;;;;
1/2/2020 12:08:36 PM;0.107666666666667;0.0538333333333336;0.0531333333333332;4028.13494799999;N;2709.17676566665;E;3.84817774486901;28219934.0580687;1877131.19280425;1290813.21010225;56.2292504310608;5686987.78157572;250516.402197829;1414087.57605216;71.5663317746091;482313.648601712;126888.340686539;784754.792979516;0;-24.2615208333333;0;;;;;
1/2/2020 12:13:36 PM;0.122333333333334;0.0611666666666668;0.158166666666667;4028.13683399999;N;2709.17433666667;E;3.96218494353894;28219934.0580687;1877131.52354648;1290815.88125225;56.1198198795319;5686987.78157572;250521.087670954;1414092.58595216;71.4752562076033;482313.648601712;126894.308748281;784759.802879517;0;-24.382475;0;;;;;
1/2/2020 12:18:36 PM;0.221333333333333;0.110666666666667;0.0835666666666667;4028.139248;N;2709.158169;E;3.45433100860552;28219934.0580687;1877131.81204124;1290818.05305225;51.3222992420197;5686987.78157572;250525.375273336;1414097.59790216;71.3843333403697;482313.648601712;126900.271659945;784764.814829517;0;-24.3667666666667;0;;;;;
1/2/2020 12:23:36 PM;0.109333333333334;0.0546666666666668;0.0537333333333333;4028.14086533332;N;2709.14901533334;E;3.43428019425491;28219934.0580687;1877132.09848289;1290820.38845225;48.3485019207001;5686987.78157572;250529.407819464;1414102.60218549;71.4156168414639;482313.648601712;126906.228059232;784769.819112851;0;-24.3589125;0;;;;;
1/2/2020 12:28:36 PM;0.108666666666667;0.0543333333333337;0.0632999999999998;4028.143357;N;2709.14014266666;E;5.67443073158242;28219934.0580687;1877132.57153987;1290823.13963559;44.73788022995;5686987.78157572;250533.137945098;1414107.60490216;31.4772622192425;482313.648601712;126908.852169144;784772.403462851;0;-24.363625;0;;;;;
1/2/2020 12:33:36 PM;0.0976666666666671;0.0488333333333335;0.152233333333333;4028.14575400002;N;2709.13412366668;E;3.06825094236451;28219934.0580687;1877132.8276414;1290824.89220225;49.106251001358;5686987.78157572;250537.237129908;1414112.61358549;0;482313.648601712;126908.852169144;784772.403462851;0;-24.3314229166667;0;;;;;
1/2/2020 12:38:36 PM;0.104666666666667;0.0523333333333336;0.303133333333333;4028.14656333333;N;2709.13112199999;E;4.48434864301511;28219934.0580687;1877133.19524477;1290827.47650225;41.3084519111504;5686987.78157572;250540.623367382;1414117.11521882;11.7369821375703;482313.648601712;126909.814302763;784773.487196184;0;-24.4335270833333;0;;;;;
1/2/2020 12:43:36 PM;0.170999999999999;0.0854999999999997;0.627133333333332;4028.15205366668;N;2709.122645;E;3.9836442767909;28219934.0580687;1877133.52777236;1290829.89741892;46.1608350276947;5686987.78157572;250544.475836857;1414121.70586882;71.3126355321813;482313.648601712;126915.767045064;784778.495596185;0;-24.44138125;0;;;;;
1/2/2020 12:48:36 PM;0.189666666666668;0.0948333333333339;0.720966666666668;4028.162764;N;2709.10516233333;E;3.8850012692528;28219934.0580687;1877133.85228743;1290832.23578559;43.2772672176361;5686988.67698461;250546.330656022;1414125.96641882;71.6449332768245;482313.648601712;126921.751268173;784783.507162851;0;-24.5489833333333;0;;;;;
1/2/2020 12:53:36 PM;0.276666666666666;0.138564273789649;0.598695652173913;4028.15588066666;N;2709.11169466666;E;4.82545463601567;28219934.0580687;1877134.25471213;1290835.07170225;41.4424681663513;5686991.30579306;250546.330656022;1414130.05353549;71.5921943920282;482313.648601712;126927.723370535;784788.512262851;0;-24.5128541666667;0;;;;;
1/2/2020 12:58:36 PM;0.099666666666667;0.0498333333333335;0.602300000000001;4028.14908800003;N;2709.12581166667;E;4.76504536803104;28219934.0580687;1877134.6520881;1290837.99066892;43.6260151863098;5686994.82381445;250546.330656022;1414134.39068549;71.541279819195;482313.648601712;126933.690389179;784793.516662851;0;-24.5670479166667;0;;;;;
1/2/2020 1:03:36 PM;0.23;0.115;0.657066666666667;4028.156485;N;2709.11276266668;E;4.57589401692945;28219934.0580687;1877135.03364784;1290840.49220225;46.42054438591;5686998.60720429;250546.330656022;1414139.06093549;47.4134386753771;482313.648601712;126937.645131433;784797.269879518;0;-24.6880020833333;0;;;;;
1/2/2020 1:08:36 PM;0.244666666666666;0.122333333333333;0.5814;4028.15823566666;N;2709.11085333334;E;3.86458748968509;28219934.0580687;1877135.35593214;1290842.57738559;41.1210286617279;5687002.3014252;250546.330656022;1414143.81555216;0;482313.648601712;126937.645131433;784797.269879518;0;-24.7044958333333;0;;;;;
1/2/2020 1:13:36 PM;0.140000000000001;0.0700000000000005;0.606800000000001;4028.14841533336;N;2709.12847933334;E;4.66902038336995;28219934.0580687;1877135.74518977;1290845.41200225;44.1395902633667;5687005.87004645;250546.330656022;1414148.56753549;0;482313.648601712;126937.645131433;784797.269879518;0;-24.6243833333333;0;;;;;
1/2/2020 1:18:36 PM;0.112333333333333;0.0561666666666666;0.653699999999999;4028.14894933333;N;2709.12606533335;E;4.20893406500461;28219934.0580687;1877136.09622921;1290847.74745225;49.3827652931213;5687009.80917732;250546.330656022;1414153.40641882;67.5763660287443;482313.648601712;126943.283083873;784802.275479518;0;-24.63695;0;;;;;
1/2/2020 1:23:36 PM;0.191333333333335;0.0956666666666673;0.533699999999999;4028.14268499999;N;2709.14154000001;E;4.00740404033662;28219934.0580687;1877136.43099881;1290850.17060225;47.1957242488861;5687013.7539877;250546.330656022;1414158.41900216;71.7278087227666;482313.648601712;126949.27544381;784807.288062851;0;-24.5764729166667;0;;;;;
1/2/2020 1:28:36 PM;0.387333333333334;0.193666666666667;0.565733333333332;4028.15111999999;N;2709.12498266666;E;4.36731893171168;28219934.0580687;1877136.79574055;1290852.42586892;43.0045008659363;5687016.19141291;250548.890675582;1414163.34795216;71.610594509185;482313.648601712;126955.258069967;784812.300696185;0;-24.5348458333333;0;;;;;
1/2/2020 1:33:36 PM;0.176666666666667;0.0883333333333336;0.489066666666667;4028.160805;N;2709.10697233333;E;5.22952809496385;28219934.0580687;1877137.23240719;1290855.18148559;44.9978470802307;5687016.19141291;250552.64750846;1414168.10670216;71.5213833795015;482313.648601712;126961.229271664;784817.309996184;0;-24.5866833333333;0;;;;;
1/2/2020 1:38:36 PM;0.381666666666667;0.190833333333334;0.398899999999999;4028.14826233333;N;2709.13250166666;E;3.00373113432533;28219934.0580687;1877137.48280684;1290857.68236892;49.1203379631042;5687016.19141291;250556.742293875;1414172.69165216;53.6737122168503;482313.648601712;126965.703676561;784821.478146184;0;-24.6683666666667;0;;;;;
1/2/2020 1:43:36 PM;0.239;0.1195;0.497166666666668;4028.14431266667;N;2709.143567;E;5.4087176337501;28219934.0580687;1877137.92660807;1290860.60283559;48.7682443554119;5687016.19141291;250560.743823954;1414177.36453549;0;482313.648601712;126965.703676561;784821.478146184;0;-24.6793625;0;;;;;
1/2/2020 1:48:36 PM;0.180666666666668;0.0903333333333339;0.427600000000001;4028.15295266667;N;2709.12225499999;E;4.81934649105622;28219934.0580687;1877138.32850418;1290863.77183559;50.3958106040955;5687016.19141291;250564.947716745;1414182.36980216;0;482313.648601712;126965.703676561;784821.478146184;0;-24.721775;0;;;;;
1/2/2020 1:53:36 PM;0.0793333333333336;0.0396666666666668;0.400866666666666;4028.15235099998;N;2709.12028933333;E;4.62473453365304;28219934.0580687;1877138.71414765;1290867.02390225;48.1304812431335;5687016.19141291;250568.960988572;1414187.37248549;52.1737952525974;482313.648601712;126970.053980205;784825.397012851;0;-24.6314520833333;0;;;;;
1/2/2020 1:58:36 PM;0.106;0.0530000000000001;0.248566666666666;4028.15257566665;N;2709.12012733333;E;5.65289837292847;28219934.0580687;1877139.18628234;1290870.53168559;47.9453372955322;5687016.19141291;250572.965219758;1414192.38373549;71.7161199069834;482313.648601712;126976.043770336;784830.408246184;0;-24.6306666666667;0;;;;;
1/2/2020 2:03:36 PM;0.145000000000001;0.0725000000000003;0.287266666666667;4028.14801266666;N;2709.13181866667;E;4.535353276841;28219934.0580687;1877139.56495495;1290873.87226892;49.8813450336456;5687016.19141291;250577.130788846;1414197.39465215;71.6392181236164;482313.648601712;126982.02673946;784835.419162851;0;-24.53563125;0;;;;;
1/2/2020 2:08:36 PM;0.131666666666667;0.0658333333333335;0.342466666666667;4028.14767233331;N;2709.131032;E;3.95759513789035;28219934.0580687;1877139.89554611;1290876.37813559;53.7569260597229;5687016.19141291;250581.62053258;1414202.40591882;70.1550963470072;482313.648601712;126987.886147277;784840.430429518;0;-24.5725458333333;0;;;;;
1/2/2020 2:13:36 PM;0.156666666666667;0.0783333333333336;0.301966666666667;4028.15405199999;N;2709.11869833332;E;3.33181590992836;28219934.0580687;1877140.17372854;1290878.04763559;51.4932417869568;5687016.19141291;250585.921597003;1414207.41801882;13.4550747491332;482313.648601712;126989.010505464;784841.683879518;0;-24.7374833333333;0;;;;;
1/2/2020 2:18:36 PM;0.258333333333332;0.129166666666666;0.219866666666667;4028.14938066667;N;2709.13050833333;E;4.293548549861;28219934.0580687;1877140.53180791;1290880.46598559;53.1757843494415;5687016.19141291;250590.355866203;1414212.42146882;0;482313.648601712;126989.010505464;784841.683879518;0;-24.7555479166667;0;;;;;
1/2/2020 2:23:36 PM;0.238333333333333;0.119166666666667;0.308466666666666;4028.146627;N;2709.13430200001;E;3.72667449934535;28219934.0580687;1877140.84255451;1290882.71715225;53.9773893356323;5687016.19141291;250594.857129199;1414217.42491882;2.57617716058638;482313.648601712;126989.225646138;784841.934412851;0;-24.65815625;0;;;;;
1/2/2020 2:28:36 PM;0.195666666666668;0.097833333333334;0.297066666666666;4028.15690666667;N;2709.114896;E;4.87545303385881;28219934.0580687;1877141.24899206;1290885.71823559;45.6486868858337;5687016.19141291;250598.662505036;1414222.42666882;68.6275037587562;482313.648601712;126994.94663359;784846.936179518;0;-24.6762208333333;0;;;;;
1/2/2020 2:33:36 PM;0.319666666666667;0.159833333333334;0.158466666666667;4028.15237600001;N;2709.12376233333;E;6.32628315156844;28219934.0580687;1877141.77657388;1290889.30425225;47.6553153991699;5687016.19141291;250602.636215136;1414227.34655215;71.6434461509325;482313.648601712;127000.920761354;784851.939396185;0;-24.6322375;0;;;;;
1/2/2020 2:38:36 PM;0.154666666666667;0.0773333333333337;0.384133333333333;4028.14478900002;N;2709.141603;E;5.09915066854908;28219934.0580687;1877142.20163936;1290892.80543559;49.6703052520752;5687016.19141291;250606.776806487;1414232.34825216;71.6078149993636;482313.648601712;127006.890108131;784856.941096185;0;-24.6667958333333;0;;;;;
1/2/2020 2:43:36 PM;0.209333333333334;0.104666666666667;0.243433333333333;4028.14976366666;N;2709.12766933333;E;5.4709821885417;28219934.0580687;1877142.65832795;1290896.47773559;47.5293445587158;5687016.19141291;250610.74324831;1414237.35566882;45.6022771004611;482313.648601712;127010.694501672;784860.528762852;0;-24.7657583333333;0;;;;;
1/2/2020 2:48:36 PM;0.222666666666666;0.111333333333333;0.262833333333333;4028.15421233333;N;2709.12622866666;E;5.98556288208325;28219934.0580687;1877143.15729591;1290900.22898559;47.6821231842041;5687016.19141291;250614.718365001;1414242.35765216;0;482313.648601712;127010.694501672;784860.528762852;0;-24.7280583333333;0;;;;;
1/2/2020 2:53:36 PM;0.220333333333334;0.110166666666667;0.268899999999999;4028.14336033334;N;2709.14055266667;E;4.12954845776619;28219934.0580687;1877143.49594821;1290903.39846892;51.8942416724512;5687016.19141291;250618.974117224;1414247.27833549;0;482313.648601712;127010.694501672;784860.528762852;0;-24.6880020833333;0;;;;;
1/2/2020 2:58:36 PM;0.196666666666668;0.098333333333334;0.287566666666667;4028.15115;N;2709.12523866666;E;4.46350384065701;28219934.0580687;1877143.86878288;1290906.57335225;50.2856290340424;5687016.19141291;250623.175324402;1414252.29093549;22.3616623504518;482313.648601712;127012.562197687;784862.366329519;0;-24.721775;0;;;;;
1/2/2020 3:03:36 PM;0.279;0.1395;0.307433333333333;4028.15135433334;N;2709.12659533333;E;5.49863492766025;28219934.0580687;1877144.32765908;1290910.32871892;48.310239315033;5687016.19141291;250627.207228631;1414257.29843549;71.7006508323991;482313.648601712;127018.54621448;784867.373829519;0;-24.7987458333333;0;;;;;
1/2/2020 3:08:36 PM;0.281;0.1405;0.2928;4028.14314933334;N;2709.14411866667;E;3.87246070547463;28219934.0580687;1877144.65047681;1290913.41315225;48.1350803375244;5687016.19141291;250631.219917656;1414262.30020216;71.6220909596842;482313.648601712;127024.516830963;784872.375596186;0;-24.7076375;0;;;;;
1/2/2020 3:13:36 PM;0.220333333333334;0.110166666666667;0.319566666666667;4028.15340866666;N;2709.11760233333;E;4.02223100037295;28219934.0580687;1877144.98614301;1290916.41723559;48.71697306633;5687016.19141291;250635.284656793;1414267.30686882;71.5282496530878;482313.648601712;127030.485464208;784877.382262853;0;-24.8507170212766;0;;;;;
1/2/2020 3:18:36 PM;0.148;0.0739999999999998;0.367433333333333;4028.160722;N;2709.109243;E;4.78827719872363;28219934.0580687;1877145.38581665;1290919.67225225;48.2440674304962;5687016.19141291;250639.312534225;1414272.31625216;24.8448418821357;482313.648601712;127032.56091347;784879.554296186;0;-24.78775;0;;;;;
1/2/2020 3:23:36 PM;0.458333333333333;0.229166666666666;0.365500000000001;4028.14500433334;N;2709.137045;E;3.30326763621357;28219934.0580687;1877145.66117881;1290922.33985225;50.1100766658783;5687016.19141291;250643.489818499;1414277.31800216;0;482313.648601712;127032.56091347;784879.554296186;0;-24.7814666666667;0;;;;;
1/2/2020 3:28:36 PM;0.302;0.151;0.395933333333333;4028.14477333332;N;2709.14123666667;E;4.13687756564213;28219934.0580687;1877146.00638321;1290924.67660225;48.2124781608582;5687016.19141291;250647.513024125;1414282.32473549;0;482313.648601712;127032.56091347;784879.554296186;0;-24.7641875;0;;;;;
1/2/2020 3:33:36 PM;0.122666666666668;0.0613333333333338;0.369866666666666;4028.153394;N;2709.12065766667;E;4.38549892137341;28219934.0580687;1877146.3727264;1290926.84880226;48.5602605342865;5687016.19141291;250651.56991037;1414287.33711882;36.6897751820983;482313.648601712;127035.626270674;784882.394962853;0;-24.9055625;0;;;;;
1/2/2020 3:38:36 PM;0.246666666666666;0.123333333333333;0.2696;4028.15087733335;N;2709.127522;E;5.41109633025245;28219934.0580687;1877146.82449894;1290929.68743559;46.5940797328949;5687016.19141291;250655.46144702;1414292.34785216;71.6844164361416;482313.648601712;127041.612795872;784887.40567952;0;-24.90791875;0;;;;;
1/2/2020 3:43:37 PM;0.203;0.1015;0.471566666666667;4028.14617366666;N;2709.13495466667;E;5.38644785949404;28219934.0580687;1877147.27352636;1290932.77186892;52.8911554813385;5687016.19141291;250659.870501783;1414297.34950216;71.5763778509404;482313.648601712;127047.579462357;784892.407329519;0;-24.8780729166667;0;;;;;
1/2/2020 3:48:37 PM;0.233666666666667;0.116833333333333;0.405433333333333;4028.15626603774;N;2709.11264539401;E;4.15699457285577;28219934.0580687;1877147.62045479;1290935.27596892;53.5407400131226;5687016.19141291;250664.338490141;1414302.35676882;45.9938905230713;482313.648601712;127051.41529914;784895.993746186;0;-24.8482270833333;0;;;;;
1/2/2020 3:53:37 PM;0.341999999999999;0.170999999999999;0.365366666666667;4028.1589701111;N;2709.11282677778;E;4.31590926815798;28219934.0580687;1877147.97449428;1290937.77900226;54.3112593182063;5687016.19141291;250668.793032336;1414307.27803549;0;482313.648601712;127051.41529914;784895.993746186;0;-24.8882833333333;0;;;;;
1/2/2020 3:58:37 PM;0.326333333333333;0.163166666666666;0.427;4028.14350833332;N;2709.14499200001;E;5.1009124336703;28219934.0580687;1877148.39972175;1290940.53000226;51.1317873001099;5687016.19141291;250673.055483794;1414312.27976882;0;482313.648601712;127051.41529914;784895.993746186;0;-24.8223083333333;0;;;;;
1/2/2020 4:03:37 PM;0.266333333333332;0.133166666666666;0.508766666666666;4028.15181744444;N;2709.12269155555;E;4.81420341493608;28219934.0580687;1877148.80104884;1290943.11420226;51.8806314468384;5687016.19141291;250677.380310658;1414317.28143549;30.4587452222046;482313.648601712;127053.954376527;784898.411212853;0;-24.7940333333333;0;;;;;
1/2/2020 4:08:37 PM;0.104666666666666;0.0523333333333332;0.4797;4028.15737833334;N;2709.11263388889;E;3.40105681478693;28219934.0580687;1877149.08512139;1290944.95131892;46.4705693721771;5687016.19141291;250681.261321327;1414322.29265216;71.6031369508603;482313.648601712;127059.934670486;784903.422412852;0;-24.8395875;0;;;;;
1/2/2020 4:13:37 PM;0.16;0.0800000000000002;0.499633333333333;4028.15153266667;N;2709.12150066667;E;4.52083377443078;28219934.0580687;1877149.462771;1290947.29043559;44.7575032711029;5687016.19141291;250685.000045715;1414327.22101882;71.5619325229581;482313.648601712;127065.912278324;784908.434262852;0;-24.8827854166667;0;;;;;
1/2/2020 4:18:37 PM;0.232000000000001;0.116;0.700166666666666;4028.16098944443;N;2709.10943111112;E;2.93824103211024;28219934.0580687;1877149.70800748;1290948.95951892;45.7908940315247;5687016.19141291;250688.823717097;1414332.23010216;66.938023381943;482313.648601712;127071.500907728;784913.443329518;0;-24.7987458333333;0;;;;;
1/2/2020 4:23:37 PM;0.181333333333332;0.0906666666666662;0.602066666666667;4028.16427966667;N;2709.09952366666;E;3.86043794627314;28219934.0580687;1877150.0298298;1290951.21038559;44.4486629962921;5687016.19141291;250692.529020979;1414337.23183549;2.71942324887371;482313.648601712;127071.727586764;784913.693412852;0;-24.8592229166667;0;;;;;
1/2/2020 4:28:37 PM;0.247666666666665;0.123833333333333;0.543633333333333;4028.15459322222;N;2709.11628711112;E;3.09560018688445;28219934.0580687;1877150.28810732;1290953.04636892;46.8167281150818;5687016.19141291;250696.435566809;1414342.23830216;0;482313.648601712;127071.727586764;784913.693412852;0;-24.8710041666667;0;;;;;
1/2/2020 4:33:37 PM;0.228333333333335;0.114166666666667;0.590633333333333;4028.15904388888;N;2709.11057777778;E;4.78631329944284;28219934.0580687;1877150.68755427;1290955.96643559;43.205451965332;5687016.19141291;250700.039949617;1414347.24360216;8.78420056649104;482313.648601712;127072.45988075;784914.527062852;0;-24.9094895833333;0;;;;;
1/2/2020 4:38:37 PM;0.250666666666666;0.125333333333333;0.661899999999999;4028.16597500001;N;2709.09855255556;E;4.51256810192515;28219934.0580687;1877151.06373597;1290958.38398559;45.6291174888611;5687016.19141291;250703.844003322;1414352.24583549;70.9893816984635;482313.648601712;127078.378313456;784919.529296185;0;-24.9424770833333;0;;;;;
1/2/2020 4:43:37 PM;0.289999999999999;0.144999999999999;0.576933333333334;4028.14987355558;N;2709.11999355555;E;4.01890710886074;28219934.0580687;1877151.39940227;1290960.72303559;47.840827703476;5687016.19141291;250707.839973942;1414357.25696882;71.6767381931245;482313.648601712;127084.364675738;784924.540429519;0;-24.9212708333333;0;;;;;
1/2/2020 4:48:37 PM;0.379666666666668;0.189833333333334;0.654666666666667;4028.15812522223;N;2709.11265588889;E;5.93086634378459;28219934.0580687;1877151.89455594;1290963.39431892;48.5556757450104;5687016.19141291;250711.894454851;1414362.26695216;71.5697169262438;482313.648601712;127090.340727033;784929.550412852;0;-24.9087041666667;0;;;;;
1/2/2020 4:53:37 PM;0.195666666666667;0.0978333333333335;0.665;4028.171773;N;2709.09353855555;E;3.12464285136175;28219934.0580687;1877152.15125017;1290965.06595225;49.1418096978786;5687016.19141291;250715.930723972;1414367.19460216;69.8095960188923;482313.648601712;127096.074007111;784934.478062852;0;-24.9016354166667;0;;;;;
1/2/2020 4:58:37 PM;0.285666666666666;0.142833333333333;0.5623;4028.16070255556;N;2709.10800566666;E;3.90424812744713;28219934.0580687;1877152.47703013;1290967.48578559;46.0551917552948;5687016.19141291;250719.773480713;1414372.20086882;11.7664963929486;482313.648601712;127097.057082799;784935.564212852;0;-24.9613270833333;0;;;;;
1/2/2020 5:03:37 PM;0.256999999999999;0.1285;0.532433333333334;4028.16063733334;N;2709.10764300001;E;3.93387057792737;28219934.0580687;1877152.80498093;1290969.82005225;46.5678960084915;5687016.19141291;250723.655769201;1414377.20298549;0;482313.648601712;127097.057082799;784935.564212852;0;-25.0241604166667;0;;;;;
1/2/2020 5:08:37 PM;0.188333333333333;0.0941666666666663;0.482733333333333;4028.16520877779;N;2709.10134022223;E;4.12214506116346;28219934.0580687;1877153.14902927;1290971.98958559;47.4616062641144;5687016.19141291;250727.617487968;1414382.21151882;0;482313.648601712;127097.057082799;784935.564212852;0;-24.929125;0;;;;;
1/2/2020 5:13:37 PM;0.130232558139535;0.0652246256239603;0.436033333333333;4028.1546581576;N;2709.11481009989;E;4.05224629396323;28219934.0580687;1877153.4869549;1290974.24130225;48.6103338003159;5687016.19141291;250731.671193181;1414387.21518549;61.4425663278296;482313.648601712;127102.180232517;784940.150479519;0;-24.9707520833333;0;;;;;
1/2/2020 5:18:37 PM;0.184000000000001;0.0920000000000004;0.479966666666667;4028.16084077778;N;2709.10583588889;E;4.00289663949613;28219934.0580687;1877153.82076981;1290976.90995225;48.5777360200882;5687016.19141291;250735.722151111;1414392.21863549;71.6683312085192;482313.648601712;127108.15671316;784945.15392952;0;-24.8529395833333;0;;;;;
1/2/2020 5:23:37 PM;0.258666666666666;0.129333333333333;0.333366666666667;4028.16191644445;N;2709.10599844444;E;4.14221427155406;28219934.0580687;1877154.16617267;1290979.66178559;49.2357158660889;5687016.19141291;250739.827699318;1414397.22168549;71.56761891276;482313.648601712;127114.124321059;784950.15697952;0;-25.03515625;0;;;;;
1/2/2020 5:28:37 PM;0.219;0.1095;0.326233333333334;4028.14916377778;N;2709.12616944444;E;3.53122971061496;28219934.0580687;1877154.46073231;1290981.99701892;53.6389142274857;5687016.19141291;250744.300697017;1414402.22538549;68.8680347252662;482313.648601712;127119.867432782;784955.16067952;0;-25.0657875;0;;;;;
1/2/2020 5:33:37 PM;0.153333333333334;0.0766666666666672;0.400266666666667;4028.15535133335;N;2709.11758255555;E;4.53833073706133;28219934.0580687;1877154.83929966;1290984.58293559;52.0594865083694;5687016.19141291;250748.644093523;1414407.23133549;8.25961168475497;482313.648601712;127120.557706889;784955.91282952;0;-24.9566145833333;0;;;;;
1/2/2020 5:38:37 PM;0.262999999999999;0.131499999999999;0.285133333333333;4028.15016255557;N;2709.11759277778;E;4.46343432076985;28219934.0580687;1877155.21149026;1290987.41830225;54.3401974439621;5687016.19141291;250753.175224828;1414412.23448549;0;482313.648601712;127120.557706889;784955.91282952;0;-25.0508645833333;0;;;;;
1/2/2020 5:43:37 PM;0.268999999999999;0.1345;0.340033333333333;4028.14942855556;N;2709.12301055556;E;4.209024434043;28219934.0580687;1877155.56261646;1290990.00408559;53.9603000879288;5687016.19141291;250757.677767098;1414417.24116882;3.37052663905621;482313.648601712;127120.838696759;784956.246296187;0;-25.0744270833333;0;;;;;
1/2/2020 5:48:37 PM;0.169333333333334;0.084666666666667;0.3598;4028.15986733334;N;2709.10573777779;E;4.59623217193728;28219934.0580687;1877155.94578171;1290992.50505226;49.563467502594;5687016.19141291;250761.809610865;1414422.24305216;68.6218366956855;482313.648601712;127126.559341916;784961.248179521;0;-25.05871875;0;;;;;
1/2/2020 5:53:37 PM;0.300333333333333;0.150166666666666;0.1993;4028.15154655557;N;2709.118679;E;3.63246999228508;28219934.0580687;1877156.24913877;1290994.67690225;48.4447181224823;5687016.19141291;250765.855297542;1414427.25415216;71.6901430595164;482313.648601712;127132.546783296;784966.259279521;0;-25.1215520833333;0;;;;;
1/2/2020 5:58:37 PM;0.246666666666666;0.123333333333333;0.224066666666667;4028.15559844444;N;2709.11060911111;E;4.00729760389218;28219934.0580687;1877156.58365431;1290997.34808559;43.3486300706863;5687016.19141291;250769.473243943;1414432.26168549;71.6044773860209;482313.648601712;127138.522815515;784971.266812854;0;-25.0532208333333;0;;;;;
1/2/2020 6:03:37 PM;0.199333333333333;0.0996666666666663;0.137466666666667;4028.16125533334;N;2709.10176277778;E;2.42533221456173;28219934.0580687;1877156.78586681;1290999.01571892;49.5641523599625;5687016.19141291;250773.605290701;1414437.26375216;66.8221399782471;482313.648601712;127144.093655559;784976.268896188;0;-25.0202333333333;0;;;;;
1/2/2020 6:08:37 PM;0.329666666666668;0.164833333333334;0.146966666666667;4028.14949011112;N;2709.11933622223;E;3.11653561804965;28219934.0580687;1877157.04615682;1291000.93715225;45.9287792444229;5687016.19141291;250777.440954161;1414442.27430216;3.51074045439141;482313.648601712;127144.38631966;784976.602329521;0;-24.9699666666667;0;;;;;
1/2/2020 6:13:37 PM;0.228666666666668;0.114333333333334;0.133466666666667;4028.16041277778;N;2709.10358255556;E;4.7583720706515;28219934.0580687;1877157.43668348;1291003.77480225;48.7113069679777;5687016.19141291;250781.438217519;1414447.19758549;0;482313.648601712;127144.38631966;784976.602329521;0;-25.0838520833333;0;;;;;
1/2/2020 6:18:37 PM;0.118666666666667;0.0593333333333336;0.0732333333333334;4028.16593111111;N;2709.09408822222;E;3.30708714857555;28219934.0580687;1877157.71237105;1291005.52540225;45.8507251739502;5687016.19141291;250785.260613302;1414452.19976882;10.5825995432989;482313.648601712;127145.26852532;784977.602696188;0;-24.9251979166667;0;;;;;
1/2/2020 6:23:37 PM;0.258666666666667;0.129333333333333;0.152266666666666;4028.163757;N;2709.10110522222;E;3.0540806566608;28219934.0580687;1877157.96735626;1291007.44511892;45.7331281900406;5687016.19141291;250789.080533117;1414457.21128549;71.1470973852781;482313.648601712;127151.211204876;784982.61422952;0;-25.02573125;0;;;;;
1/2/2020 6:28:37 PM;0.314666666666666;0.157333333333333;0.0698333333333333;4028.14847211113;N;2709.12313244444;E;4.4114959950943;28219934.0580687;1877158.33511636;1291010.02936892;54.081010222435;5687016.19141291;250793.589033801;1414462.21318549;71.6174011165309;482313.648601712;127157.181569664;784987.616112854;0;-25.1074145833333;0;;;;;
1/2/2020 6:33:37 PM;0.189333333333335;0.0946666666666673;0.0669000000000001;4028.15586333332;N;2709.11201;E;5.41727022362996;28219934.0580687;1877158.78698198;1291013.11566892;44.8151081800461;5687016.19141291;250797.328170418;1414467.21960216;71.5314989034401;482313.648601712;127163.150175845;784992.622529521;0;-25.0752125;0;;;;;
1/2/2020 6:38:37 PM;0.125666666666667;0.0628333333333335;0.0556999999999999;4028.16158255556;N;2709.103698;E;2.63258996495392;28219934.0580687;1877159.00675402;1291014.61821892;46.4709144830704;5687016.19141291;250801.209163726;1414472.23035216;55.5068178222665;482313.648601712;127167.785759411;784996.881812854;0;-25.1404020833333;0;;;;;
1/2/2020 6:43:37 PM;0.302333333333333;0.151166666666667;0.0878666666666665;4028.15278511111;N;2709.11712777778;E;3.7638090842035;28219934.0580687;1877159.32099229;1291016.87273559;49.5890986919403;5687016.19141291;250805.350189845;1414477.24045216;0;482313.648601712;127167.785759411;784996.881812854;0;-25.0382979166667;0;;;;;
1/2/2020 6:48:37 PM;0.217666666666668;0.108833333333334;0.0912666666666665;4028.14219344444;N;2709.13945488889;E;3.21541429059867;28219934.0580687;1877159.58908582;1291019.04063559;48.6494082212448;5687016.19141291;250809.407755624;1414482.24450216;0;482313.648601712;127167.785759411;784996.881812854;0;-25.1427583333333;0;;;;;
1/2/2020 6:53:37 PM;0.209333333333334;0.104666666666667;0.035;4028.14812966667;N;2709.12956388889;E;3.74169842142895;28219934.0580687;1877159.9010132;1291021.20813559;46.7700809240341;5687016.19141291;250813.306788236;1414487.24648549;27.8473668804025;482313.648601712;127170.107144837;784999.132562854;0;-25.3257604166667;0;;;;;
1/2/2020 6:58:37 PM;0.146333333333334;0.0731666666666669;0.0625666666666667;4028.15758744445;N;2709.10952911111;E;2.72480270062069;28219934.0580687;1877160.12839435;1291023.29448559;45.5725657939911;5687016.19141291;250817.10946352;1414492.25316882;71.6892921297666;482313.648601712;127176.089235898;785004.139246188;0;-25.3029833333333;0;;;;;
1/2/2020 7:03:37 PM;0.287333333333333;0.143666666666667;0.0372666666666666;4028.15472877778;N;2709.11540288889;E;2.80881590850308;28219934.0580687;1877160.3626324;1291025.29578559;44.3629986047745;5687016.19141291;250820.808055471;1414497.25550216;71.6361386552982;482313.648601712;127182.061699522;785009.141579521;0;-25.2354375;0;;;;;
1/2/2020 7:08:37 PM;0.253999999999999;0.127;0.1153;4028.14072433334;N;2709.14490955556;E;3.39944610291915;28219934.0580687;1877160.64601881;1291027.21313559;43.8441789150238;5687016.19141291;250824.463006076;1414502.25725216;71.4863859624936;482313.648601712;127188.020983339;785014.143329522;0;-25.1757458333333;0;;;;;
1/2/2020 7:13:37 PM;0.263;0.1315;0.0679666666666665;4028.14388799999;N;2709.13950888888;E;3.18530905990723;28219934.0580687;1877160.91159785;1291029.29746892;46.5236341953278;5687016.19141291;250828.342615448;1414507.26073549;38.46272645142;482313.648601712;127191.228913706;785017.229379522;0;-25.1113416666667;0;;;;;
1/2/2020 7:18:37 PM;0.204666666666668;0.102333333333334;0.0581666666666667;4028.15615833333;N;2709.11425977778;E;3.42474214986207;28219934.0580687;1877161.19709422;1291031.71498559;51.3700711727142;5687016.19141291;250832.625033224;1414512.26256883;0;482313.648601712;127191.228913706;785017.229379522;0;-25.1349041666667;0;;;;;
1/2/2020 7:23:37 PM;0.088666666666667;0.0443333333333335;0.0796333333333334;4028.15822588888;N;2709.11060944443;E;4.66284015039185;28219934.0580687;1877161.58648155;1291034.38716892;50.1281690597534;5687016.19141291;250836.80968027;1414517.27118549;0;482313.648601712;127191.228913706;785017.229379522;0;-25.2252270833333;0;;;;;
1/2/2020 7:28:37 PM;0.0643333333333334;0.0321666666666667;0.0653333333333332;4028.15737888887;N;2709.11366011111;E;3.85733843763189;28219934.0580687;1877161.90811224;1291036.88873559;50.1484483480453;5687016.19141291;250840.990747828;1414522.27363549;43.6877427082653;482313.648601712;127194.870835289;785020.563879522;0;-25.1710333333333;0;;;;;
1/2/2020 7:33:37 PM;0.207999999999999;0.103999999999999;0.171833333333334;4028.15262977777;N;2709.12182366667;E;3.40380324508528;28219934.0580687;1877162.19190475;1291038.80643559;50.8488303422928;5687016.19141291;250845.231424437;1414527.27746883;71.5693805591923;482313.648601712;127200.839522032;785025.567729522;0;-25.2197291666667;0;;;;;
1/2/2020 7:38:37 PM;0.247666666666666;0.123833333333333;0.1122;4028.14021200001;N;2709.14890822221;E;4.02211799993781;28219934.0580687;1877162.52221759;1291041.72941892;47.8783801450568;5687016.19141291;250849.163282806;1414532.20478549;71.5577655687343;482313.648601712;127206.715984067;785030.495029522;0;-25.2103041666667;0;;;;;
1/2/2020 7:43:37 PM;0.231333333333332;0.115666666666666;0.0342;4028.14307000001;N;2709.15008244445;E;3.17149937651186;28219934.0580687;1877162.78676875;1291043.89818559;45.1998138427734;5687016.19141291;250852.933898915;1414537.21015216;71.3948768735166;482313.648601712;127212.671951881;785035.500396189;0;-25.1184104166667;0;;;;;
1/2/2020 7:48:37 PM;0.274333333333333;0.137166666666667;0.0872666666666667;4028.15167722222;N;2709.12450233333;E;1.93279868920903;28219934.0580687;1877162.94800494;1291045.23316892;45.6190466880798;5687016.19141291;250856.738001796;1414542.21383549;20.7219167064781;482313.648601712;127214.400080837;785037.335096189;0;-25.1702479166667;0;;;;;
1/2/2020 7:53:37 PM;0.103333333333334;0.051666666666667;0.0283999999999999;4028.15723333333;N;2709.11180788889;E;4.37549980209811;28219934.0580687;1877163.31285056;1291047.90146892;44.0121173858643;5687016.19141291;250860.407530196;1414547.21635216;0;482313.648601712;127214.400080837;785037.335096189;0;-25.2032354166667;0;;;;;
1/2/2020 7:58:37 PM;0.214999999999999;0.107499999999999;0.0684666666666666;4028.154017;N;2709.12110777779;E;4.38548203797061;28219934.0580687;1877163.67860994;1291050.23685226;42.652941942215;5687016.19141291;250863.965557782;1414552.22190216;6.82546273414457;482313.648601712;127214.970095892;785038.003212856;0;-25.2527166666667;0;;;;;
1/2/2020 8:03:37 PM;0.305;0.1525;0.113866666666667;4028.14751044445;N;2709.13072733334;E;6.77051468327672;28219934.0580687;1877164.24315886;1291053.98925225;43.7635946273804;5687016.19141291;250867.614908155;1414557.22518549;70.1222329228946;482313.648601712;127220.81735766;785043.006496189;0;-25.14825625;0;;;;;
1/2/2020 8:08:37 PM;0.329999999999999;0.165;0.0656;4028.16354700002;N;2709.10153322222;E;4.43724176961714;28219934.0580687;1877164.61313155;1291056.82406892;44.6189349889755;5687016.19141291;250871.335860297;1414562.22878549;71.5556838312978;482313.648601712;127226.784624636;785048.01009619;0;-25.1616083333333;0;;;;;
1/2/2020 8:13:37 PM;0.310666666666666;0.155333333333333;0.0484999999999999;4028.165884;N;2709.09682588889;E;2.84982046636182;28219934.0580687;1877164.85073681;1291058.99151892;46.8810725212097;5687016.19141291;250875.244332515;1414567.23091882;71.3650153791098;482313.648601712;127232.734246384;785053.012229523;0;-25.249575;0;;;;;
1/2/2020 8:18:37 PM;0.396;0.198;0.1289;4028.14900611112;N;2709.12743377778;E;3.30972356990798;28219934.0580687;1877165.12692738;1291061.32808559;44.5621293783188;5687016.19141291;250878.962271895;1414572.23750215;67.7774498140536;482313.648601712;127238.389378306;785058.018812856;0;-25.2370083333333;0;;;;;
1/2/2020 8:23:37 PM;0.387333333333334;0.193666666666667;0.220566666666667;4028.162032;N;2709.10198444444;E;3.99805934524805;28219934.0580687;1877165.46051535;1291063.99795225;42.167574763298;5687016.19141291;250882.48040716;1414577.24433549;5.44690671623547;482313.648601712;127238.844013452;785058.519612856;0;-25.2409354166667;0;;;;;
1/2/2020 8:28:37 PM;0.101666666666667;0.0508333333333334;0.431066666666667;4028.17070822225;N;2709.08641322222;E;3.18230868967301;28219934.0580687;1877165.72580422;1291066.16540225;44.8085349798203;5687016.19141291;250886.215902829;1414582.24628549;0;482313.648601712;127238.844013452;785058.519612856;0;-25.1129125;0;;;;;
1/2/2020 8:33:37 PM;0.232333333333332;0.116166666666666;0.530333333333333;4028.16029166665;N;2709.10166722222;E;3.41361361604625;28219934.0580687;1877166.01042972;1291068.16638559;52.7009779214859;5687016.19141291;250890.611683623;1414587.25086882;12.5172108065933;482313.648601712;127239.887472758;785059.686679523;0;-25.2582145833333;0;;;;;
1/2/2020 8:38:37 PM;0.303333333333333;0.151666666666667;0.495466666666666;4028.16083566667;N;2709.10364566667;E;2.39547600677426;28219934.0580687;1877166.2101164;1291070.08365225;48.9091140031815;5687016.19141291;250894.688845249;1414592.25258549;71.3599630556616;482313.648601712;127245.836178726;785064.68839619;0;-25.2692104166667;0;;;;;
1/2/2020 8:43:37 PM;0.195333333333333;0.0976666666666665;0.474433333333334;4028.16877277778;N;2709.08900466667;E;2.60997015991908;28219934.0580687;1877166.42791069;1291071.91953559;47.3055535554886;5687016.19141291;250898.637313151;1414597.26108549;71.5360229685505;482313.648601712;127251.807647434;785069.696912857;0;-25.2432916666667;0;;;;;
1/2/2020 8:48:37 PM;0.193666666666667;0.0968333333333333;0.503866666666666;4028.15859188888;N;2709.10019188889;E;4.36810797300775;28219934.0580687;1877166.79208198;1291074.50421892;48.4003221988678;5687016.19141291;250902.672585022;1414602.26330215;71.4694347276855;482313.648601712;127257.766074157;785074.699112857;0;-25.2260125;0;;;;;
1/2/2020 8:53:37 PM;0.244333333333333;0.122166666666667;0.571833333333333;4028.17067955555;N;2709.08528;E;3.3856898703733;28219934.0580687;1877167.07454039;1291076.50645225;47.1061438322067;5687016.19141291;250906.602915948;1414607.26928549;56.7514054734005;482313.648601712;127262.499218387;785079.03634619;0;-25.37445625;0;;;;;
1/2/2020 8:58:37 PM;0.303000000000001;0.151500000000001;0.613933333333333;4028.172196;N;2709.08549688889;E;3.58954005819949;28219934.0580687;1877167.37377786;1291078.92393559;45.3486675024033;5687016.19141291;250910.383357732;1414612.27121882;0;482313.648601712;127262.499218387;785079.03634619;0;-25.1655354166667;0;;;;;
1/2/2020 9:03:37 PM;0.262000000000001;0.131000000000001;0.541733333333333;4028.155116;N;2709.106749;E;5.20135920273191;28219934.0580687;1877167.80738656;1291081.92500225;49.1696709394455;5687016.19141291;250914.483309666;1414617.27363549;0;482313.648601712;127262.499218387;785079.03634619;0;-25.1568958333333;0;;;;;
1/2/2020 9:08:37 PM;0.440666666666667;0.220333333333333;0.758900000000001;4028.17405577778;N;2709.08333688889;E;3.46906270525295;28219934.0580687;1877168.09657771;1291084.42590226;52.5117892026901;5687016.19141291;250918.861215705;1414622.27575216;29.0955713430323;482313.648601712;127264.925125861;785081.370862857;0;-25.26135625;0;;;;;
1/2/2020 9:13:37 PM;0.387666666666666;0.193833333333333;0.7783;4028.17919522222;N;2709.0779068889;E;2.66553507304328;28219934.0580687;1877168.31552248;1291086.01281892;54.5059967849214;5687016.19141291;250923.336984443;1414627.20303549;71.5208762525609;482313.648601712;127270.798520457;785086.298162857;0;-25.2110895833333;0;;;;;
1/2/2020 9:18:37 PM;0.273000000000002;0.136500000000001;0.6075;4028.16013799998;N;2709.10021466666;E;3.45326604234344;28219934.0580687;1877168.60394814;1291088.43531892;53.2252550125122;5687016.19141291;250927.782311236;1414632.21470215;71.3636834139349;482313.648601712;127276.759369912;785091.309812857;0;-25.2644979166667;0;;;;;
1/2/2020 9:23:37 PM;0.246666666666665;0.123333333333333;0.707900000000001;4028.17342855556;N;2709.08288466667;E;3.60978032508879;28219934.0580687;1877168.90536882;1291091.02370225;53.3436995744705;5687016.19141291;250932.236571145;1414637.22488549;71.3262589716395;482313.648601712;127282.715330516;785096.319996191;0;-25.2959145833333;0;;;;;
1/2/2020 9:28:37 PM;0.308000000000001;0.154;0.673666666666666;4028.17240077778;N;2709.08532277777;E;3.43003178721648;28219934.0580687;1877169.19135664;1291093.10800225;50.0364464521408;5687016.19141291;250936.407956223;1414642.22690215;52.4311506366143;482313.648601712;127287.086295455;785100.404962858;0;-25.3618895833333;0;;;;;
1/2/2020 9:33:37 PM;0.262000000000001;0.131;0.642100000000002;4028.15732011111;N;2709.10468466666;E;3.08599371726756;28219934.0580687;1877169.44883925;1291095.44416892;42.6721751689911;5687016.19141291;250939.969327365;1414647.23530215;0;482313.648601712;127287.086295455;785100.404962858;0;-25.3925208333333;0;;;;;
1/2/2020 9:38:37 PM;0.300333333333332;0.150166666666666;0.749366666666666;4028.17495677776;N;2709.08281588889;E;3.8270994515927;28219934.0580687;1877169.76788897;1291097.86175225;46.6454654932022;5687016.19141291;250943.857992999;1414652.23743549;0;482313.648601712;127287.086295455;785100.404962858;0;-25.4985520833333;0;;;;;
1/2/2020 9:43:37 PM;0.244999999999999;0.122499999999999;0.658933333333333;4028.17430477777;N;2709.084471;E;3.89000934901075;28219934.0580687;1877170.09267164;1291100.19911892;43.3374255895615;5687016.19141291;250947.476001139;1414657.24648549;27.0300889045263;482313.648601712;127289.344601692;785102.577196191;0;-25.4710625;0;;;;;
1/2/2020 9:48:37 PM;0.167000000000001;0.083639398998331;0.589464882943145;4028.16074833334;N;2709.09951388889;E;4.31350075147896;28219934.0580687;1877170.45315139;1291102.87356892;44.7836673259735;5687016.19141291;250951.216539061;1414662.25791882;71.6485040307773;482313.648601712;127295.32896351;785107.588629524;0;-25.4050875;0;;;;;
1/2/2020 9:53:37 PM;0.155000000000001;0.0775000000000003;0.5716;4028.16821877779;N;2709.09056355557;E;3.86063748241924;28219934.0580687;1877170.77547358;1291105.37875225;43.9851611852646;5687016.19141291;250954.889598867;1414667.26856882;71.6092569979401;482313.648601712;127301.309112261;785112.599279524;0;-25.3014125;0;;;;;
1/2/2020 9:58:37 PM;0.160666666666667;0.0803333333333336;0.5731;4028.16858700001;N;2709.0910341111;E;4.53731203014064;28219934.0580687;1877171.15407567;1291108.21553559;46.9118481874466;5687016.19141291;250958.803708279;1414672.27446882;71.5321659886773;482313.648601712;127307.277161418;785117.605179524;0;-25.3116229166667;0;;;;;
1/2/2020 10:03:37 PM;0.106666666666667;0.0533333333333333;0.545099999999998;4028.16529966665;N;2709.09238355556;E;3.50736240917159;28219934.0580687;1877171.44646478;1291110.63313559;43.8946956396103;5687016.19141291;250962.462864391;1414677.27623549;54.3798709730357;482313.648601712;127311.810326558;785121.773229525;0;-25.27785;0;;;;;
1/2/2020 10:08:37 PM;0.139333333333334;0.0696666666666668;0.608699999999999;4028.17310388889;N;2709.08375811111;E;2.86500659172391;28219934.0580687;1877171.68166817;1291112.47008559;43.1044772519904;5687016.19141291;250966.001763553;1414682.20250216;0;482313.648601712;127311.810326558;785121.773229525;0;-25.3823104166667;0;;;;;
1/2/2020 10:13:37 PM;0.157333333333333;0.0786666666666666;0.663533333333332;4028.17984062152;N;2709.07989245284;E;2.54244209312085;28219934.0580687;1877171.89376676;1291114.38898559;44.4696825742722;5687016.19141291;250969.71329469;1414687.21021882;0;482313.648601712;127311.810326558;785121.773229525;0;-25.4600666666667;0;;;;;
1/2/2020 10:18:37 PM;0.235333333333334;0.117666666666667;0.572899999999999;4028.16474566666;N;2709.097191;E;3.8574696389909;28219934.0580687;1877172.2152539;1291116.97223559;45.53442299366;5687016.19141291;250973.509194716;1414692.21208549;22.9513082327768;482313.648601712;127313.723548113;785123.690546191;0;-25.4804875;0;;;;;
1/2/2020 10:23:37 PM;0.322666666666665;0.161333333333333;0.5773;4028.171434;N;2709.08763566667;E;4.60168042004014;28219934.0580687;1877172.5991496;1291119.97580225;44.1624641418457;5687016.19141291;250977.193641908;1414697.21791882;71.6164249353951;482313.648601712;127319.69854854;785128.696396191;0;-25.4443583333333;0;;;;;
1/2/2020 10:28:37 PM;0.156333333333334;0.078166666666667;0.595033333333334;4028.1800628476;N;2709.07735750834;E;4.1022719758687;28219934.0580687;1877172.94192127;1291122.56635225;43.3226448297501;5687016.19141291;250980.813212918;1414702.23015215;71.4989115220179;482313.648601712;127325.671370659;785133.708612858;0;-25.4608520833333;0;;;;;
1/2/2020 10:33:37 PM;0.142;0.0710000000000001;0.534766666666667;4028.16926481687;N;2709.08955394007;E;3.13212449890281;28219934.0580687;1877173.20343746;1291125.07105225;45.8776152133942;5687016.19141291;250984.643900838;1414707.23991882;71.4504527988343;482313.648601712;127331.637206278;785138.718379525;0;-25.35325;0;;;;;
1/2/2020 10:38:37 PM;0.103333333333334;0.051666666666667;0.633300000000001;4028.170506;N;2709.09042900001;E;3.99742203632427;28219934.0580687;1877173.53667427;1291127.32185225;41.0069793462753;5687016.19141291;250988.0623496;1414712.24170215;48.1941826107768;482313.648601712;127335.654791495;785142.469696192;0;-25.3351854166667;0;;;;;
1/2/2020 10:43:37 PM;0.118333333333334;0.059166666666667;0.5697;4028.17581566667;N;2709.08211566665;E;2.6702911872046;28219934.0580687;1877173.75948351;1291128.90746892;43.5812437534332;5687016.19141291;250991.699989621;1414717.24951882;0;482313.648601712;127335.654791495;785142.469696192;0;-25.3823104166667;0;;;;;
1/2/2020 10:48:37 PM;0.0409999999999999;0.0205;0.599966666666667;4028.18055766666;N;2709.07856499999;E;2.12118406661727;28219934.0580687;1877173.93638444;1291130.32506892;44.8900455236435;5687016.19141291;250995.443830196;1414722.25361882;0;482313.648601712;127335.654791495;785142.469696192;0;-25.47813125;0;;;;;
1/2/2020 10:53:37 PM;0.0723333333333335;0.0361666666666667;0.738833333333333;4028.17873133336;N;2709.08234266667;E;3.09038148951531;28219934.0580687;1877174.19401705;1291132.65940226;45.3707599639893;5687016.19141291;250999.226823328;1414727.25618549;41.0936368715714;482313.648601712;127339.081422857;785145.638279525;0;-25.381525;0;;;;;
1/2/2020 10:58:37 PM;0.181666666666667;0.0908333333333336;0.642933333333333;4028.17786999999;N;2709.07995166666;E;3.63446773766542;28219934.0580687;1877174.49706339;1291135.07743559;50.8296471834183;5687016.19141291;251003.465212966;1414732.17628549;69.154035753583;482313.648601712;127344.848373843;785150.475062859;0;-25.3901645833333;0;;;;;
1/2/2020 11:03:37 PM;0.162666666666667;0.0813333333333337;0.706633333333334;4028.18739166667;N;2709.071994;E;3.14801976766491;28219934.0580687;1877174.75964816;1291137.24613559;48.2328987121582;5687016.19141291;251007.487996535;1414737.18063549;71.459582087468;482313.648601712;127350.80851817;785155.479412859;0;-25.4749895833333;0;;;;;
1/2/2020 11:08:37 PM;0.288333333333333;0.144166666666667;0.7257;4028.175736;N;2709.08723599999;E;2.49951416062116;28219934.0580687;1877174.96831792;1291139.08260226;48.8939505815506;5687016.19141291;251011.572450711;1414742.19205216;71.3707807088631;482313.648601712;127356.769663175;785160.490846193;0;-25.4176541666667;0;;;;;
1/2/2020 11:13:37 PM;0.171666666666668;0.0858333333333339;0.553133333333335;4028.16537500001;N;2709.09430433333;E;2.80155067162708;28219934.0580687;1877175.19846607;1291141.42163559;51.145007044582;5687016.19141291;251015.773724449;1414747.12078549;29.6443361013989;482313.648601712;127359.204825935;785162.913412859;0;-25.4522125;0;;;;;
1/2/2020 11:18:37 PM;0.213666666666667;0.106833333333334;0.5404;4028.17469833333;N;2709.081409;E;3.77648538238623;28219934.0580687;1877175.51335955;1291143.59000226;48.8360470533371;5687016.19141291;251019.848163564;1414752.12660215;0;482313.648601712;127359.204825935;785162.913412859;0;-25.46635;0;;;;;
1/2/2020 11:23:37 PM;0.148666666666666;0.0743333333333331;0.5795;4028.18231533333;N;2709.077362;E;2.14143476357748;28219934.0580687;1877175.69187732;1291145.17391892;45.855495929718;5687016.19141291;251023.670993355;1414757.12860216;0;482313.648601712;127359.204825935;785162.913412859;0;-25.49226875;0;;;;;
1/2/2020 11:28:37 PM;0.210000000000001;0.105;0.491066666666665;4028.16895366667;N;2709.089501;E;4.5458962732737;28219934.0580687;1877176.07114587;1291147.76051892;47.2670066356659;5687016.19141291;251027.616504726;1414762.13670216;51.8323172529415;482313.648601712;127363.530960912;785166.836246193;0;-25.5558875;0;;;;;
1/2/2020 11:33:37 PM;0.185333333333334;0.0926666666666672;0.561866666666667;4028.17218133334;N;2709.08632533334;E;2.59259813375544;28219934.0580687;1877176.2872768;1291149.76125226;46.241642832756;5687016.19141291;251031.471351592;1414767.13850216;71.5542842887337;482313.648601712;127369.49596459;785171.838046193;0;-25.5660979166667;0;;;;;
1/2/2020 11:38:37 PM;0.176;0.0879999999999998;0.4387;4028.17319600001;N;2709.084972;E;2.7972272216778;28219934.0580687;1877176.52049798;1291151.92903559;46.3436383008957;5687016.19141291;251035.335192444;1414772.14086882;71.434691546737;482313.648601712;127375.45167364;785176.84041286;0;-25.5598145833333;0;;;;;
1/2/2020 11:43:37 PM;0.183666666666668;0.0918333333333338;0.364966666666667;4028.164567;N;2709.09949700001;E;3.19751375009967;28219934.0580687;1877176.7871876;1291154.43126892;47.3655438423157;5687016.19141291;251039.285522348;1414777.14513549;71.0267452312251;482313.648601712;127381.375557892;785181.844679527;0;-25.50405;0;;;;;
1/2/2020 11:48:37 PM;0.268333333333332;0.134390651085141;0.472742474916387;4028.168872;N;2709.09228533334;E;3.81556052058365;28219934.0580687;1877177.10550809;1291157.26766892;47.3551028966904;5687016.19141291;251043.23590363;1414782.15050216;17.6078554834706;482313.648601712;127382.845919693;785183.431346194;0;-25.6155791666667;0;;;;;
1/2/2020 11:53:37 PM;0.159333333333334;0.0796666666666669;0.2947;4028.18454100001;N;2709.07384433333;E;3.58742398852948;28219934.0580687;1877177.40456554;1291159.60181892;42.9629158973694;5687016.19141291;251046.817438113;1414787.15225216;0;482313.648601712;127382.845919693;785183.431346194;0;-25.4985520833333;0;;;;;
1/2/2020 11:58:37 PM;0.226999999999999;0.1135;0.291533333333334;4028.18427433333;N;2709.07828366667;E;3.41077529684615;28219934.0580687;1877177.68935957;1291161.93970226;44.7507852315903;5687016.19141291;251050.554960122;1414792.16371882;0;482313.648601712;127382.845919693;785183.431346194;0;-25.4459291666667;0;;;;;
