5.0045,0.8746,-192.2,0.0
4.9732,0.7717,-204.0,0.0
4.9912,0.6688,-206.9,0.0
4.9844,2.3664,-187.5,0.0
4.9863,2.0578,-197.0,0.0
4.9745,2.0578,-204.2,0.0
4.9984,1.7491,-184.4,0.0
4.982,2.0578,-193.2,0.0
4.9421,2.3664,-193.7,0.0
4.9788,1.7491,-206.6,0.0
4.9888,1.9549,-208.5,0.0
4.9775,1.6977,-197.0,0.0
4.9844,1.7491,-198.7,0.0
4.9928,2.3664,-201.2,0.0
4.9968,2.0578,-203.0,0.0
4.9762,2.8809,-201.2,0.0
4.9905,2.778,-199.2,0.0
4.9918,2.3664,-206.0,0.0
4.9738,3.5497,-185.5,0.0
4.973,3.0867,-194.4,0.0
4.9897,3.4982,-213.4,0.0
4.9727,2.8809,-204.5,0.0
4.9869,2.1607,-201.7,0.0
4.9904,2.0578,-182.7,0.0
4.9909,1.6977,-190.2,0.0
5.0,2.778,-212.3,0.0
4.9865,3.0867,-212.5,0.0
4.9958,3.5497,-197.0,0.0
4.9889,3.7554,-201.2,0.0
4.9868,3.9612,-202.7,0.0
4.9931,3.9612,-197.0,0.0
4.984,3.8583,-201.9,0.0
4.9876,3.8583,-201.2,0.0
4.9891,4.0641,-202.7,0.0
4.9834,3.6526,-213.9,0.0
4.9846,4.167,-212.5,0.0
4.9872,3.9612,-213.9,0.0
4.9856,3.9612,-213.9,0.1
4.9923,3.3953,-213.9,0.0
4.9901,3.1896,-214.2,0.0
4.9854,3.6526,-206.9,0.0
5.0055,3.2924,-202.7,0.0
4.9976,3.0867,-202.7,0.0
4.979,3.9612,-213.9,0.0
4.9765,3.6526,-213.9,0.0
4.9875,3.6526,-213.9,0.0
4.9936,3.5497,-208.3,0.0
5.0047,3.4982,-208.3,0.0
4.9927,3.4982,-208.3,0.0
4.9982,3.4982,-208.1,0.0
4.9964,3.1896,-202.7,0.0
5.0141,4.167,-201.2,0.0
5.0065,4.3728,-197.0,0.0
5.0139,2.778,-189.2,0.0
5.0155,2.5722,-200.5,0.0
5.0114,3.7554,-192.0,0.0
5.0026,3.9612,-197.9,0.0
5.0103,4.167,-197.0,0.0
4.9949,3.6526,-201.2,0.0
5.0143,3.1896,-206.9,0.0
5.008,3.7554,-201.2,0.0
5.019,1.9549,-184.5,0.0
5.0094,2.2636,-202.0,0.0
5.0074,2.6751,-212.5,0.0
5.0095,0.9774,-211.0,0.0
5.0048,3.1896,-191.4,0.0
5.0055,3.1896,-190.0,0.0
5.0035,3.2924,-211.8,0.0
5.0131,1.7491,-184.4,0.0
5.0178,1.6977,-201.2,0.0
5.0125,1.5948,-190.7,0.0
5.0211,1.6977,-202.2,0.0
5.0045,1.4919,-197.2,0.0
5.0164,2.5722,-201.2,0.0
5.0143,2.5722,-201.2,0.0
5.0189,2.2636,-201.0,0.0
5.0253,2.1607,-190.0,0.0
5.0183,2.5722,-201.2,0.0
5.0189,3.6526,-201.2,0.0
5.0185,4.167,-191.4,0.0
5.0213,3.6526,-197.0,0.0
5.0168,3.8583,-195.5,0.0
5.0133,2.0578,-191.2,0.0
4.9716,2.5722,-200.0,2.3
4.9733,0.5659,-190.0,0.2
4.9852,0.8746,-191.4,0.2
4.9777,0.3601,-213.9,0.2
4.9833,0.6688,-189.5,0.2
4.9963,0.5659,-201.2,0.3
4.9848,0.5659,-206.9,0.2
4.9883,1.1832,-192.5,0.3
4.9886,0.7717,-213.9,0.3
4.9987,0.8746,-201.2,0.3
4.9905,0.6688,-201.2,0.3
4.9705,0.7717,-190.0,0.3
4.992,0.8746,-190.0,0.3
4.9641,0.7717,-190.0,0.3
4.9773,0.3601,-190.0,0.3
4.9777,0.3601,-190.0,0.3
4.9859,0.8746,-190.0,0.3
4.9977,0.3601,-190.0,0.3
4.9707,0.0514,-190.0,0.3
4.9743,0.3601,-190.0,0.3
4.9924,0.2572,-190.0,0.3
4.9864,6.5849,-188.2,1.7
4.9846,7.3566,-186.4,1.6
4.9677,8.6941,-199.2,1.6
4.9717,9.3629,-197.9,1.6
4.9769,9.5687,-212.9,1.7
4.9757,9.4658,-203.0,1.8
4.9813,10.5976,-212.2,1.8
4.9937,10.0831,-203.0,1.9
4.9736,10.0831,-209.8,1.8
4.9699,10.7519,-197.0,1.7
4.9861,10.649,-201.2,1.7
4.9783,10.5976,-206.9,1.7
4.9863,10.9577,-206.3,1.8
4.9931,11.4721,-212.5,1.8
4.9777,10.7519,-202.0,1.8
4.9684,11.9866,-202.7,1.8
4.9805,13.5813,-207.6,1.8
4.9749,11.6779,-208.6,1.8
4.9844,11.1635,-206.9,1.7
4.9859,10.9577,-212.8,1.8
4.9876,10.186,-202.5,1.8
4.9916,10.2889,-210.9,1.8
4.9914,11.4721,-213.5,1.9
4.9913,11.6779,-205.8,1.9
4.9879,12.0895,-212.4,1.9
4.9967,12.3981,-204.7,1.9
4.9878,12.8611,-212.2,1.9
4.9943,13.7871,-201.9,1.9
4.9914,13.9929,-207.7,1.9
4.9904,13.2727,-202.7,1.9
4.9737,12.4496,-205.3,1.9
4.9855,12.2952,-209.4,1.9
4.9895,13.9929,-202.5,1.9
4.9802,12.4496,-205.6,1.8
5.0028,13.2727,-203.7,1.9
4.9953,10.8548,-207.3,1.9
4.9834,13.2727,-206.5,1.9
4.9949,12.964,-202.2,2.0
4.9731,13.5813,-202.0,2.0
4.9722,14.1987,-202.7,2.0
4.9931,13.1698,-201.2,1.9
4.9779,14.353,-202.7,1.9
4.9888,13.7871,-201.2,1.9
4.9942,13.7871,-209.9,1.9
4.9759,15.5877,-204.0,2.0
4.9912,12.6553,-202.0,1.9
4.9894,14.0958,-201.2,2.0
4.9806,11.9866,-201.2,2.0
4.9817,13.3756,-202.7,2.0
4.9807,9.4658,-209.0,1.9
4.9775,13.3756,-203.7,1.9
4.9889,11.8837,-201.2,1.9
4.9987,13.89,-201.7,2.0
4.9683,13.7871,-201.2,2.1
4.994,13.1698,-201.2,2.1
4.9885,11.7808,-201.0,2.1
4.967,11.575,-202.0,2.1
4.9983,11.6779,-208.1,2.0
4.977,12.5524,-212.0,2.0
4.9937,14.7646,-212.4,2.0
4.986,15.1761,-204.0,2.0
4.9932,13.7871,-202.5,2.0
4.9947,15.1761,-202.7,2.1
4.9905,13.89,-203.7,2.1
4.9682,12.964,-203.0,2.1
4.9914,13.0669,-197.0,2.1
4.9874,15.8963,-201.2,1.8
4.9797,12.4496,-192.0,1.8
4.9749,14.0958,-195.0,2.0
4.9939,14.4559,-194.2,2.1
4.9939,14.7646,-196.5,2.0
4.9833,15.5877,-193.7,1.9
4.9861,15.1761,-193.0,1.7
4.9951,14.0958,-194.7,1.5
4.9865,14.8674,-207.4,1.2
4.9819,3.9612,-195.9,1.6
4.9951,6.3791,-201.2,1.8
5.0113,8.8999,-212.7,1.9
4.9615,6.9964,-211.1,3.2
4.9804,4.6814,-189.0,3.3
4.9916,6.9964,-190.0,1.6
4.9946,7.9739,-208.0,1.6
5.0113,3.0867,-213.4,1.9
5.0099,6.3791,-201.2,1.6
4.9859,5.7618,-188.5,3.1
4.9884,8.797,-201.2,2.8
4.9717,8.6941,-213.9,2.5
4.9804,9.1571,-213.6,2.6
4.9817,9.26,-201.2,2.5
4.9848,8.797,-191.5,2.5
4.979,5.8647,-189.7,2.6
5.5023,1.1832,-191.4,0.4
5.496,0.8746,-207.5,0.5
5.4982,0.463,-192.7,0.5
5.4969,0.7717,-201.2,0.5
5.5004,0.8746,-201.2,0.5
5.4633,1.0803,-202.7,0.5
5.4836,0.9774,-202.0,0.5
5.4715,0.3601,-206.9,0.5
5.4993,0.8746,-206.9,0.5
5.4896,1.389,-208.3,0.5
5.4968,1.1832,-201.2,0.5
5.4878,2.3664,-213.9,0.6
5.5059,2.4693,-213.9,0.5
5.4791,3.6526,-212.5,1.0
5.4824,3.6526,-213.9,0.9
5.4823,3.8583,-206.9,0.9
5.48,3.5497,-206.9,0.9
5.4771,3.5497,-213.9,0.8
5.4798,2.8809,-213.9,0.8
5.4787,2.9838,-213.9,0.8
5.4777,2.5722,-213.9,0.8
5.4808,2.4693,-213.9,0.8
5.4779,2.9838,-213.9,0.8
5.4749,3.0867,-213.9,0.8
5.4751,3.1896,-213.9,0.8
5.4769,3.2924,-213.9,0.8
5.477,3.1896,-213.9,0.8
5.4703,3.3953,-213.9,0.8
5.479,3.1896,-213.9,0.8
5.4713,2.2636,-188.2,0.8
5.481,3.5497,-201.2,0.8
5.4763,3.0867,-190.0,0.8
5.4863,3.4982,-191.4,0.8
5.4783,2.8809,-212.5,0.8
5.4771,3.1896,-190.0,0.8
5.4774,4.0641,-190.0,0.8
5.479,4.5786,-191.4,0.8
5.4771,3.6526,-190.0,0.8
5.479,3.6526,-197.0,0.8
5.4799,3.1896,-201.2,0.8
5.4792,2.1607,-190.5,0.8
5.4794,3.1896,-201.9,0.8
5.4733,2.0578,-192.0,0.8
5.4793,2.6751,-199.7,0.7
4.4155,0.5659,-191.4,0.4
4.4192,1.1832,-191.4,0.4
4.4033,1.1832,-190.0,0.5
4.4086,0.9774,-212.5,0.5
4.41,1.6977,-201.2,0.4
4.4054,1.389,-213.9,0.5
4.4047,0.6688,-207.3,0.1
4.4116,0.3601,-197.0,0.2
4.4139,0.9774,-197.0,0.2
4.4113,1.1832,-208.3,0.2
4.4082,0.8746,-195.9,0.2
4.411,2.778,-196.7,0.3
4.4161,2.0578,-204.9,0.3
4.4155,1.4919,-206.9,0.4
4.4128,3.2924,-208.3,0.4
4.4063,2.3664,-194.9,0.5
4.3989,3.3953,-197.0,0.6
5.0753,10.5976,-200.2,1.6
5.0791,6.2762,-211.9,1.7
5.0784,1.6977,-190.2,0.5
5.0736,1.2861,-194.5,0.5
5.0823,1.4919,-201.2,0.4
5.0751,3.4982,-200.5,0.4
5.0755,3.4982,-202.7,0.5
5.0734,4.167,-204.0,0.5
5.0746,4.2699,-202.7,0.4
5.0764,4.4757,-206.9,0.4
5.0759,4.7843,-213.9,0.4
5.081,0.3601,-206.9,0.2
5.0806,0.9774,-190.0,0.2
5.082,0.3601,-201.2,0.2
5.08,1.1832,-190.0,0.2
5.0799,1.2861,-208.3,0.2
5.0812,0.2572,-213.9,0.2
5.0818,0.5659,-202.7,0.2
5.0822,0.8746,-206.9,0.2
5.0833,0.6688,-197.0,0.2
5.0806,0.0514,-213.9,0.2
5.0822,0.2572,-213.9,0.2
5.08,0.463,-213.9,0.2
5.0816,0.3601,-206.9,0.2
5.0829,0.0,-206.9,0.5
5.0801,0.0514,-206.9,0.9
5.072,3.5497,-214.4,0.2
5.0759,3.1896,-201.2,0.2
5.0772,4.7843,-213.0,0.2
5.0784,4.8872,-214.1,0.4
5.0735,1.7491,-211.4,0.4
5.0789,4.7843,-213.9,0.3
5.0802,3.0867,-202.5,0.3
5.077,3.5497,-189.7,0.3
5.0766,2.6751,-199.7,0.1
5.0779,2.778,-213.8,0.2
5.0798,1.9549,-213.4,0.1
5.0778,6.8936,-204.0,0.1
5.0806,6.5849,-201.2,0.1
5.0779,2.6751,-191.5,0.2
5.0801,5.556,-189.0,0.2
5.0831,1.852,-190.2,0.1
5.0818,0.463,-197.0,0.4
11.5057,1.0803,-213.9,0.1
11.4915,1.2861,-213.9,0.1
11.5009,1.4919,-201.2,0.0
11.5077,1.389,-206.9,0.1
11.5018,1.5948,-197.0,0.1
11.504,1.2861,-198.9,0.1
11.5179,1.6977,-198.7,0.2
11.5198,2.3664,-205.8,0.1
11.5227,2.2636,-190.5,0.0
11.5116,1.6977,-202.5,0.2
11.4987,2.5722,-190.0,0.1
11.5067,1.9549,-189.7,0.0
11.5208,2.3664,-197.0,0.6
11.4985,1.9549,-206.9,1.1
11.5127,2.1607,-202.0,1.1
11.5155,2.4693,-190.0,0.3
11.5013,1.4919,-202.7,1.4
11.5179,2.8809,-197.0,5.0
11.5007,2.9838,-189.0,7.3
11.5128,2.8809,-197.0,7.7
11.5037,4.5786,-213.9,8.0
11.5188,2.778,-211.8,9.1
11.5054,0.0,-202.7,9.4
11.5116,0.2572,-212.5,11.7
11.5091,1.2861,-203.0,11.7
11.497,0.6688,-191.4,11.1
11.4961,0.0,-191.4,11.4
11.4877,0.0,-214.2,11.8
11.4728,0.1543,-194.7,11.6
11.4873,0.7717,-200.7,11.7
11.4834,1.1832,-212.5,11.6
11.4888,0.0514,-202.7,11.6
11.4903,2.1607,-191.4,11.5
11.4949,0.8746,-206.9,11.6
11.4963,0.7717,-191.5,11.8
11.483,0.1543,-212.3,11.5
11.493,0.6688,-202.7,11.5
11.4957,0.8746,-206.9,11.5
11.5039,1.4919,-213.9,10.7
11.477,1.389,-204.2,10.7
11.4861,0.2572,-189.5,10.9
11.4706,1.7491,-213.2,10.8
11.4781,0.9774,-213.9,10.4
11.4903,2.1607,-212.5,10.5
11.4875,1.4919,-212.1,10.6
11.5046,2.0578,-206.9,10.6
11.4871,2.1607,-211.1,10.7
11.5114,1.9549,-202.7,10.6
11.4314,2.1607,-206.9,10.6
11.4582,2.2636,-206.9,10.6
11.5082,1.852,-212.5,10.6
11.4832,2.4693,-213.9,10.6
11.4869,2.2636,-207.9,10.6
11.4967,2.778,-213.9,10.6
11.4938,2.4693,-213.9,10.7
11.4809,2.5722,-202.7,10.7
11.4927,2.778,-214.2,10.7
11.4838,1.9549,-201.2,10.7
11.477,1.6977,-205.6,10.7
11.4735,2.1607,-206.9,10.5
11.4889,1.7491,-213.9,10.5
11.4929,1.9549,-201.2,10.6
11.4624,1.4919,-196.2,10.8
11.4894,0.8746,-202.7,10.9
11.4963,1.852,-206.9,10.8
11.5008,2.0578,-206.9,10.8
11.4804,2.0578,-201.2,10.8
11.4908,2.778,-201.2,10.8
11.4801,2.6751,-201.2,10.9
11.4912,3.0867,-201.2,10.9
11.4751,3.3953,-203.2,10.9
11.4925,2.778,-202.9,10.9
11.4972,1.5948,-213.9,10.9
11.4641,1.5948,-213.9,11.0
11.4909,1.6977,-213.9,11.1
11.4902,1.7491,-202.0,11.1
11.4937,2.3664,-206.9,11.0
11.4815,1.7491,-207.1,10.9
11.472,1.5948,-213.9,10.9
11.4766,2.1607,-202.7,10.9
11.4962,2.0578,-197.0,10.9
11.4946,1.852,-213.9,10.9
11.4693,1.6977,-213.9,10.9
11.4907,1.1832,-213.2,10.9
11.4814,1.7491,-212.5,10.9
11.4887,1.6977,-202.7,10.9
11.4791,1.0803,-203.2,10.8
11.478,1.9549,-213.9,10.8
11.487,1.9549,-212.5,10.8
11.464,2.1607,-214.3,10.8
11.4914,1.7491,-202.7,10.8
11.4454,0.9774,-201.2,10.8
11.4968,1.6977,-212.5,10.7
11.4549,3.0867,-211.2,10.6
11.4507,3.1896,-213.5,10.6
11.4858,2.778,-207.2,10.6
11.4674,2.9838,-213.9,10.6
11.4925,3.1896,-213.9,10.6
11.4586,3.4982,-213.9,10.6
11.4823,2.5722,-206.7,10.6
11.4629,3.1896,-212.8,10.6
11.475,3.4982,-201.2,10.7
11.453,3.5497,-214.2,10.7
11.4758,2.778,-212.5,10.7
11.4811,2.778,-200.9,10.7
11.4462,3.5497,-208.0,10.7
11.4564,2.9838,-201.7,10.7
11.4745,3.6526,-206.9,10.8
11.4621,3.8583,-197.0,10.8
11.4423,3.7554,-190.0,10.8
11.4496,3.6526,-198.9,10.8
11.4699,5.6589,-201.2,10.8
11.4562,6.2762,-197.0,10.9
11.4653,2.778,-197.0,10.8
11.4555,5.093,-197.0,10.9
11.456,4.5786,-194.2,10.9
11.4666,2.6751,-197.0,10.9
11.4878,5.8647,-198.4,10.8
11.4629,5.556,-190.0,10.8
11.4752,5.6589,-196.0,10.8
11.4708,4.7843,-191.5,10.9
11.4631,5.556,-200.5,10.9
11.4533,5.2988,-189.2,10.8
11.4734,6.0704,-190.0,10.9
11.4898,5.6589,-197.0,10.9
11.4979,2.4693,-187.5,10.9
11.4807,6.5849,-213.2,11.1
11.4794,1.1832,-190.4,11.0
11.4555,2.3664,-201.2,11.0
11.4818,7.7681,-191.4,11.1
11.4804,6.0704,-190.5,11.1
11.4682,5.4531,-192.2,11.1
11.4649,6.2762,-192.4,11.1
11.489,6.6878,-189.2,11.2
11.4912,5.3502,-201.5,11.1
11.5,5.556,-196.9,11.1
11.4734,2.5722,-202.7,11.1
11.4916,7.3566,-201.7,11.1
11.4784,2.3664,-206.0,11.1
11.4449,4.7843,-189.9,11.2
11.478,2.2636,-206.9,10.9
11.4701,3.2924,-202.9,10.9
11.4784,4.0641,-203.0,10.7
11.4723,4.6814,-192.2,10.8
11.4866,3.1896,-188.2,10.8
11.4888,2.8809,-208.8,10.8
11.4763,6.1733,-192.9,10.8
11.4987,5.9676,-193.5,10.7
11.4591,4.3728,-190.9,10.7
11.4669,6.482,-202.0,11.1
11.4727,5.1959,-198.7,11.1
11.4898,3.1896,-188.5,11.1
11.4797,7.871,-199.0,11.0
11.4565,5.8647,-214.3,11.0
11.4586,4.7843,-190.2,10.9
11.4473,4.8872,-202.4,10.9
11.46,2.9838,-193.7,10.9
11.4717,5.1959,-197.0,10.9
11.4792,6.9964,-202.7,10.9
11.4861,5.9676,-197.0,11.0
11.4902,5.3502,-191.5,11.0
11.4406,6.2762,-196.2,11.0
11.4273,6.2762,-188.0,11.0
11.4717,4.9901,-207.0,11.0
11.4775,6.9964,-190.2,11.0
11.4783,6.0704,-194.0,11.0
11.4603,1.0803,-190.5,11.0
11.4904,4.167,-190.0,11.0
11.4563,4.0641,-196.7,11.0
11.469,4.4757,-190.0,11.0
11.4493,6.2762,-189.7,11.0
11.4805,6.5849,-192.9,11.0
11.4682,6.1733,-208.1,11.1
11.4779,2.1607,-201.0,11.2
11.4768,4.9901,-190.0,11.2
11.4603,6.7907,-191.7,11.2
11.4716,3.5497,-190.4,11.2
11.4818,5.556,-191.7,11.1
11.4685,5.7618,-194.7,11.1
11.481,6.9964,-195.5,11.1
11.465,6.2762,-198.0,11.1
11.4672,4.8872,-208.9,11.1
11.4614,3.8583,-201.2,11.1
11.4646,3.1896,-190.7,11.2
11.4813,6.2762,-190.0,11.2
11.4307,7.2537,-202.2,11.1
11.4604,5.7618,-190.0,11.1
11.4874,2.778,-190.0,11.1
11.4416,6.9964,-192.4,11.0
11.4787,5.8647,-200.4,11.0
11.4368,6.7907,-188.5,11.0
11.4596,5.7618,-190.0,11.0
11.4122,6.0704,-190.2,11.0
11.4682,7.0993,-200.7,11.0
11.4684,5.6589,-190.0,11.1
11.4425,5.1959,-201.9,11.1
11.4785,4.9901,-189.4,11.1
11.4524,5.9676,-190.0,11.2
11.4737,1.9549,-190.0,11.2
11.482,5.8647,-190.0,11.2
11.4615,3.6526,-201.2,11.2
11.4472,4.167,-201.2,11.2
11.4864,6.0704,-190.4,11.2
11.4826,1.852,-203.0,11.2
11.4619,4.6814,-211.1,11.2
11.4639,2.3664,-194.2,11.2
11.4647,5.6589,-206.7,11.2
11.4757,7.1508,-195.9,11.2
11.4418,6.9964,-208.5,11.2
11.451,5.4531,-191.4,11.2
11.4479,6.8936,-201.2,11.3
11.4691,6.3791,-197.0,11.3
11.4354,5.7618,-199.7,11.2
11.4738,6.7907,-201.2,11.2
11.4682,5.4531,-193.4,11.2
11.4481,6.3791,-190.0,11.3
11.4656,6.9964,-197.0,11.3
11.4824,3.0867,-191.0,11.3
11.4364,1.1832,-201.2,11.2
11.4558,1.2861,-207.4,11.3
11.4533,5.1959,-200.0,11.3
11.45,5.3502,-201.2,11.3
11.4156,6.7907,-203.0,11.3
11.4648,5.4531,-202.9,11.4
11.481,4.4757,-212.1,11.3
11.4202,4.0641,-213.9,11.3
11.4598,4.0641,-190.9,11.4
11.4748,6.482,-203.2,11.3
11.4442,6.0704,-211.7,11.3
11.4299,5.556,-202.0,11.3
11.4222,5.8647,-191.5,11.3
11.4557,6.1733,-197.0,11.3
11.464,4.9901,-194.9,11.3
11.4362,2.778,-191.7,11.3
11.4717,5.1959,-201.5,11.3
11.4472,0.5659,-201.2,11.3
11.4705,2.3664,-197.7,11.3
11.446,2.3664,-201.7,11.3
11.4571,5.556,-197.0,11.3
11.4741,2.4693,-201.2,11.3
11.4643,5.2988,-197.0,11.4
11.4596,5.4531,-191.4,11.4
11.4578,6.7907,-195.5,11.4
11.4833,6.8936,-200.9,11.4
11.4707,7.871,-201.0,11.4
11.4572,6.3791,-202.5,11.4
11.4619,4.0641,-205.5,11.4
11.428,6.1733,-197.0,11.4
11.4545,5.7618,-190.5,11.4
11.4772,3.0867,-201.0,11.5
11.4466,4.167,-205.0,11.5
11.4637,5.6589,-207.9,11.5
11.4697,5.1959,-202.7,11.5
11.4221,6.5849,-190.2,11.4
11.4574,6.9964,-204.4,11.5
11.4594,4.8872,-202.4,11.5
11.4662,5.3502,-201.2,11.5
11.4679,6.3791,-201.2,11.4
11.4694,6.5849,-208.3,11.5
11.4477,5.9676,-213.9,11.4
11.4669,5.6589,-190.2,11.5
11.3987,6.5849,-196.5,11.5
11.4205,5.9676,-197.0,11.5
11.4569,6.9964,-206.3,11.5
11.4214,5.093,-211.8,11.5
11.4512,6.0704,-212.3,11.5
11.4503,6.9964,-214.7,11.5
11.4602,7.871,-213.7,11.5
11.4261,4.3728,-202.7,11.6
11.4064,7.1508,-201.2,11.6
11.4575,6.0704,-212.5,11.6
11.4685,6.7907,-208.2,11.5
11.3813,5.7618,-206.9,11.5
11.4623,6.3791,-212.0,11.5
11.4548,7.2537,-203.4,11.5
11.4462,7.0993,-212.4,11.5
11.4647,7.5623,-213.8,11.5
11.4571,6.9964,-212.7,11.5
11.461,4.3728,-206.9,11.5
11.4578,6.5849,-203.0,11.4
11.4625,7.2537,-201.0,11.4
11.4514,5.9676,-211.9,11.4
11.4559,4.6814,-206.9,11.3
11.466,6.6878,-202.4,11.3
11.4324,4.5786,-202.7,11.3
11.449,5.1959,-201.2,11.3
11.4582,4.9901,-214.2,11.3
11.471,5.4531,-213.9,11.3
11.4444,6.3791,-209.0,11.3
11.4612,6.3791,-201.2,11.3
11.4431,6.2762,-206.5,11.2
11.4685,4.8872,-210.6,11.2
11.4398,6.1733,-206.9,11.2
11.4481,5.3502,-197.0,11.2
11.4309,5.556,-197.7,11.2
11.4661,5.6589,-191.4,11.2
11.4601,5.1959,-202.7,11.2
11.4454,6.5849,-206.9,11.1
11.4369,4.7843,-201.2,11.2
11.4625,6.3791,-201.2,11.2
11.4733,5.556,-205.0,11.2
11.4301,4.0641,-202.7,11.3
11.475,4.4757,-201.2,11.4
11.4639,4.6814,-201.2,11.4
11.442,5.1959,-213.9,11.5
11.437,5.1959,-201.2,11.5
11.4309,5.6589,-197.0,11.5
11.462,4.3728,-198.4,11.4
11.4598,1.4919,-202.7,11.4
11.4379,4.9901,-190.4,11.3
11.4353,3.9612,-195.7,11.3
11.4547,2.9838,-202.7,11.2
11.4444,2.0578,-206.9,11.1
11.4636,4.4757,-201.5,11.1
11.4261,4.7843,-206.9,11.1
11.4469,4.5786,-214.2,11.1
11.4554,5.1959,-214.4,11.1
11.4437,4.8872,-213.9,11.1
11.4526,3.8583,-201.9,11.1
11.4613,4.2699,-214.0,11.1
11.427,4.167,-213.9,11.1
11.4517,6.0704,-211.9,10.9
11.4417,4.4757,-208.2,10.9
11.4551,3.9612,-213.9,10.9
11.4679,4.5786,-213.5,10.8
11.4513,5.2988,-206.9,10.8
11.4661,4.5786,-202.7,10.8
11.4574,3.0867,-206.9,10.7
11.4537,4.167,-213.9,10.7
11.4511,4.7843,-206.9,10.7
11.4479,4.4757,-200.9,10.6
11.4521,6.0704,-201.2,10.6
11.4614,3.6526,-213.9,10.6
11.4484,3.9612,-214.3,10.6
11.4608,3.5497,-212.5,10.9
11.4368,4.5786,-213.9,11.0
11.4404,5.3502,-206.9,11.1
11.4469,5.3502,-207.5,11.2
11.4301,5.556,-201.2,11.2
11.4374,3.1896,-213.9,11.3
11.416,5.4531,-197.0,11.4
11.4352,4.2699,-205.2,11.5
11.4275,2.778,-206.9,11.5
11.453,1.7491,-206.9,11.3
11.4492,2.1607,-197.7,11.2
11.4424,1.5948,-213.3,11.2
11.4363,2.778,-201.2,11.1
11.4432,4.4757,-200.2,11.1
11.4484,2.6751,-199.2,10.4
11.4494,4.4757,-202.2,10.5
11.4602,1.5948,-201.2,10.4
11.4446,3.5497,-212.7,10.4
11.4386,6.0704,-208.2,10.6
11.4683,3.8583,-211.7,10.8
11.4766,6.5849,-213.9,10.7
11.4724,6.1733,-212.5,10.7
11.4735,6.0704,-212.5,10.7
11.4654,5.7618,-213.7,10.6
11.4506,3.8583,-201.2,10.6
11.4653,5.093,-207.1,10.6
11.4456,6.5849,-214.1,10.6
11.4634,5.9676,-213.9,10.4
11.4788,7.4594,-213.9,10.3
11.412,7.9739,-213.9,10.5
11.4749,5.093,-206.9,10.4
11.4707,6.6878,-197.9,10.5
11.4696,6.0704,-206.9,10.9
11.4487,6.9964,-202.7,10.9
11.4637,3.5497,-206.3,10.9
11.4719,2.3664,-195.7,10.8
11.4613,5.556,-197.0,10.8
11.4568,2.3664,-200.5,10.8
11.4268,6.3791,-206.9,10.8
11.4584,5.9676,-196.0,10.9
11.4587,5.9676,-201.2,10.9
11.4514,6.9964,-190.0,10.9
11.4407,1.7491,-201.2,10.9
11.4422,4.8872,-201.2,10.8
11.4552,5.556,-201.2,10.8
11.4706,5.3502,-201.7,10.8
11.4635,6.7907,-197.0,10.8
11.4501,6.8936,-190.0,10.9
11.4632,6.5849,-206.5,10.9
11.488,8.3854,-212.0,10.9
11.4771,7.1508,-213.9,10.9
11.4827,7.0993,-213.9,10.8
11.4622,5.3502,-197.0,10.8
11.3758,4.2699,-207.3,10.8
11.4697,4.9901,-212.5,10.9
11.4809,6.7907,-213.3,10.9
11.4867,6.3791,-206.9,11.0
11.4778,6.9964,-200.5,10.9
11.4507,6.3791,-211.3,11.0
11.4644,5.3502,-197.0,11.1
11.4563,5.1959,-201.2,11.1
11.4632,2.3664,-213.9,11.2
11.4531,6.2762,-211.7,11.1
11.4613,7.2537,-212.3,11.2
11.4907,6.482,-203.0,10.9
11.4545,5.8647,-212.1,10.9
11.4791,3.9612,-206.3,10.8
11.4821,5.3502,-212.4,10.8
11.475,4.2699,-206.9,10.7
11.4715,3.1896,-210.0,11.0
11.4799,3.4982,-213.1,11.0
11.492,5.9676,-210.2,10.9
11.4674,5.3502,-214.1,10.9
11.5002,5.7618,-213.9,10.8
11.4766,6.5849,-207.4,10.9
11.4883,6.3791,-213.9,10.9
11.458,7.1508,-206.9,10.9
11.4592,8.1797,-213.9,10.8
11.4772,5.9676,-213.9,10.8
11.4811,5.556,-213.9,10.8
11.4456,7.6652,-213.9,10.8
11.4454,3.1896,-213.8,11.4
11.5128,1.7491,-212.5,11.4
11.5101,5.1959,-213.9,11.2
11.5032,2.9838,-214.0,11.3
11.4925,2.3664,-214.4,11.4
11.4861,3.5497,-203.0,11.3
11.4818,3.0867,-197.0,11.2
11.4873,2.8809,-206.9,11.3
11.4871,2.778,-202.7,11.4
11.4621,3.4982,-210.2,11.4
11.4566,3.0867,-200.2,11.4
11.4478,2.6751,-212.5,11.4
11.4763,3.4982,-213.9,11.4
11.4787,2.9838,-213.4,11.4
11.3815,3.0867,-208.3,11.3
11.4796,2.4693,-202.7,11.2
11.4731,1.7491,-206.9,11.2
11.475,1.852,-213.9,11.3
11.4898,1.7491,-202.7,11.3
11.4787,2.3664,-206.9,11.2
11.4751,1.1832,-214.3,11.2
11.4969,4.167,-206.9,10.8
11.468,3.5497,-203.9,10.7
11.4842,2.778,-213.9,10.6
11.4911,1.4919,-201.0,10.6
11.4614,3.6526,-214.4,10.8
11.4704,3.2924,-202.7,10.9
11.4847,4.6814,-212.1,10.8
11.5014,3.6526,-201.2,10.7
11.4989,5.556,-202.7,10.7
11.4442,4.5786,-190.0,10.7
11.4941,5.093,-191.4,10.7
11.4813,4.2699,-202.0,10.7
11.4903,4.7843,-201.2,10.8
11.4876,4.2699,-201.2,10.8
11.4279,3.4982,-214.1,10.8
11.4577,5.556,-206.9,10.8
11.4908,4.9901,-206.9,10.8
11.4863,4.8872,-213.9,10.9
11.4792,4.8872,-203.4,10.9
11.4711,4.3728,-197.0,10.9
11.4633,4.5786,-206.9,10.9
11.4802,5.8647,-203.0,10.9
11.4673,4.7843,-208.7,10.9
11.4567,3.7554,-203.0,10.9
11.4462,4.9901,-214.2,11.0
11.434,4.167,-213.6,10.8
11.4514,5.1959,-214.0,10.7
11.4807,5.6589,-206.9,10.8
11.4716,3.8583,-212.5,10.7
11.4681,3.8583,-213.9,10.8
11.4535,4.167,-197.0,10.8
11.4492,2.1607,-209.6,10.7
11.4582,5.1959,-206.9,10.7
11.4724,5.093,-213.9,10.8
11.4498,4.167,-213.8,10.8
11.4548,2.1607,-213.8,10.8
11.4163,4.5786,-212.5,10.8
11.4772,2.778,-212.5,10.8
11.4702,4.9901,-212.5,10.6
11.4521,3.6526,-213.9,10.6
11.4759,5.2988,-208.5,10.6
11.4915,3.9612,-211.7,10.6
11.4398,4.0641,-212.3,10.4
11.4688,4.167,-205.1,10.4
11.4672,5.6589,-213.9,10.6
11.4335,4.5786,-212.5,10.7
11.4585,3.8583,-214.0,10.6
11.4442,2.8809,-213.9,10.6
11.4695,5.2988,-201.2,10.5
11.4612,2.8809,-212.5,11.0
11.4546,4.4757,-213.9,11.0
11.4416,4.8872,-206.9,11.1
11.4537,4.0641,-213.9,11.2
11.4792,2.778,-202.7,11.2
11.4684,3.1896,-213.0,11.1
11.4455,3.9612,-213.9,10.8
11.4596,4.3728,-202.7,11.0
11.4459,3.6526,-207.4,11.0
11.4857,4.167,-202.7,11.3
11.4703,4.5786,-197.0,11.3
11.4257,3.1896,-203.9,11.3
11.4575,4.5786,-207.7,11.3
11.4517,2.6751,-214.2,11.2
11.4532,6.0704,-212.5,11.1
11.4407,3.6526,-207.3,10.9
11.4555,3.8583,-201.2,10.9
11.4487,3.0867,-213.9,10.9
11.4561,3.9612,-211.9,10.9
11.4263,3.4982,-202.7,10.7
11.4255,3.8583,-212.6,10.6
11.4656,3.7554,-213.9,10.6
11.4178,1.1832,-206.9,10.7
11.411,3.8583,-203.7,10.8
11.418,2.1607,-206.9,10.8
11.4681,2.2636,-213.9,11.2
11.472,4.167,-213.9,11.5
11.6569,2.3664,-213.9,10.9
11.6607,2.778,-212.3,11.0
11.6735,3.6526,-202.7,11.2
11.6272,2.3664,-213.7,11.3
11.6725,2.778,-203.0,11.3
11.6913,2.5722,-213.4,11.3
11.6361,0.9774,-206.9,11.0
11.5335,3.3953,-212.1,10.9
11.5169,2.2636,-194.0,11.0
11.4494,1.7491,-201.2,11.0
11.424,3.5497,-213.6,11.0
11.449,1.9549,-189.2,11.0
11.4282,4.5786,-206.9,11.0
11.4215,1.1832,-190.5,10.9
11.4614,1.6977,-213.9,10.9
11.4352,2.1607,-200.4,10.7
11.4423,3.2924,-213.9,10.6
11.3944,4.0641,-190.0,10.6
11.4215,1.7491,-206.9,10.6
11.4113,3.0867,-212.5,10.6
11.4029,2.9838,-209.3,10.6
11.4443,2.9838,-213.6,10.6
11.4492,2.2636,-196.7,10.8
11.4238,2.9838,-209.7,10.9
11.4401,3.6526,-214.3,11.0
11.4139,3.5497,-213.9,11.0
11.4739,3.3953,-214.1,11.0
11.4136,2.1607,-203.0,10.8
11.4401,3.5497,-213.9,10.8
11.4741,5.2988,-208.5,10.9
11.4353,5.093,-213.9,11.0
11.4331,4.167,-213.7,10.8
11.433,2.9838,-202.7,10.7
11.471,4.4757,-214.3,11.1
11.4409,4.167,-213.9,11.1
11.4484,3.2924,-213.9,11.1
11.4484,5.556,-206.9,11.1
11.3964,5.9676,-213.9,10.9
11.471,4.9901,-213.9,11.0
11.4344,5.8647,-214.2,10.9
11.4542,6.5849,-213.9,11.0
11.4522,6.6878,-213.9,10.9
11.4418,5.8647,-212.5,10.9
11.4426,5.7618,-214.4,11.0
11.4668,6.5849,-213.9,11.0
11.4665,5.8647,-213.9,10.9
11.4334,7.9739,-213.9,10.7
11.4405,6.6878,-212.5,10.3
11.4319,6.3791,-214.2,10.3
11.3832,6.2762,-213.9,10.4
11.4307,5.7618,-212.4,10.5
11.4127,6.5849,-214.1,10.4
11.3818,6.0704,-207.0,10.4
11.4248,6.1733,-213.9,10.4
11.4337,6.2762,-209.6,10.3
11.4245,5.9676,-207.9,10.3
11.56,1.5948,-194.4,0.1
11.5528,1.1832,-210.8,0.0
11.543,1.389,-201.2,0.1
11.6103,2.1607,-203.9,0.0
11.6037,1.4919,-190.0,0.0
11.6086,0.5659,-212.5,0.0
11.6072,0.9774,-190.0,0.0
11.6097,0.7717,-212.5,0.0
11.6088,1.5948,-210.4,0.0
11.6087,1.389,-202.7,0.0
11.6114,1.7491,-213.9,0.0
11.6086,1.389,-213.9,0.0
11.6097,1.7491,-191.4,0.0
11.6087,1.852,-202.7,0.0
11.6127,1.7491,-206.7,0.0
11.6162,1.6977,-197.0,0.0
11.8037,7.4594,-206.9,12.3
11.7972,6.7907,-201.2,12.2
11.8018,7.4594,-202.9,12.2
11.8005,7.4594,-196.9,12.2
11.8015,6.0704,-201.2,12.2
11.7993,6.7907,-199.2,12.2
7.7267,2.778,-213.9,11.1
7.7248,1.6977,-213.9,11.1
7.7272,1.6977,-191.4,11.1
7.7289,2.6751,-213.2,11.0
7.7318,2.3664,-201.0,11.0
7.726,1.7491,-213.9,11.0
7.7322,2.2636,-202.7,11.0
7.7249,1.9549,-199.0,11.0
7.7288,1.389,-203.5,11.1
7.7304,2.6751,-212.5,11.1
7.7312,2.778,-212.5,11.0
7.7301,2.0578,-206.9,11.0
7.7278,2.3664,-213.0,10.9
7.7275,2.6751,-201.2,11.1
7.732,1.7491,-202.7,10.9
7.7372,2.2636,-200.5,10.9
7.7282,2.1607,-201.2,11.0
7.7333,2.2636,-212.5,10.9
7.7305,2.778,-210.8,10.9
7.7364,1.852,-201.2,10.8
7.7288,3.1896,-202.7,10.9
7.7256,2.8809,-206.9,11.0
7.7091,1.0803,-213.9,9.5
7.7138,0.9774,-212.5,9.6
7.6982,0.8746,-214.2,9.5
7.6834,0.3601,-213.9,9.6
7.6936,0.8746,-190.0,9.6
7.6818,0.0,-213.9,9.6
7.6857,1.0803,-213.9,9.8
7.7065,1.852,-214.1,10.0
7.694,1.2861,-211.9,9.9
7.7176,1.0803,-213.9,9.9
7.703,1.6977,-190.0,9.9
7.747,7.0993,-193.2,11.5
7.749,5.1959,-204.7,11.6
7.7462,4.167,-190.0,11.5
7.7473,4.2699,-188.7,11.6
7.7461,5.1959,-214.2,11.5
7.7462,5.3502,-212.3,11.5
7.7467,3.3953,-199.7,11.6
7.7445,5.1959,-202.9,11.7
7.7439,4.8872,-197.0,11.5
7.7473,6.0704,-200.7,11.6
7.7441,5.8647,-202.7,11.6
7.7462,6.3791,-199.4,11.7
7.7493,7.2537,-200.2,11.6
7.7479,4.167,-201.0,11.7
7.7488,5.6589,-200.0,11.8
7.7453,5.8647,-203.2,11.7
7.7472,5.2988,-207.2,11.8
7.7435,6.1733,-190.0,11.6
7.7493,6.8936,-205.6,11.6
7.7472,5.6589,-200.5,11.5
7.7457,6.1733,-197.0,11.5
7.7453,6.8936,-202.7,11.5
7.7498,5.8647,-195.5,11.4
7.7455,6.482,-213.9,11.4
7.7469,5.556,-213.4,11.5
7.7462,5.556,-200.0,11.4
7.7485,8.1797,-201.9,11.6
7.7449,6.0704,-202.7,11.6
7.7498,5.8647,-199.0,11.6
7.746,6.6878,-197.9,11.7
7.744,6.2762,-194.4,11.6
7.7448,6.8936,-197.0,11.6
7.7428,5.556,-201.2,11.5
7.7468,6.8936,-210.7,11.4
7.7424,6.6878,-209.6,11.3
7.7493,6.1733,-214.1,11.7
7.7466,6.1733,-213.9,11.8
7.7439,4.9901,-212.5,11.6
7.747,7.3566,-210.4,11.5
7.7439,5.8647,-213.9,11.4
7.7452,5.093,-212.5,11.4
7.7478,6.0704,-214.0,11.6
7.7444,6.3791,-203.2,11.7
7.7466,5.093,-214.4,11.8
7.7491,6.6878,-212.6,11.8
7.7435,7.5623,-212.5,11.7
7.7477,8.4883,-212.7,11.6
7.7478,7.4594,-206.9,11.6
7.7467,8.1797,-209.2,11.5
7.7458,7.1508,-213.8,11.6
7.7457,6.9964,-212.7,11.5
7.7449,6.9964,-211.2,11.5
7.7469,5.4531,-213.9,11.5
7.7459,7.6652,-212.5,11.5
7.7467,6.482,-208.0,11.5
7.7443,6.482,-213.0,11.7
7.746,8.2826,-213.9,11.6
7.7461,7.7681,-214.6,11.6
7.7461,6.482,-214.3,11.7
7.7485,7.0993,-213.9,11.7
7.7443,6.8936,-213.5,11.6
7.7445,7.3566,-208.9,11.7
7.7466,6.9964,-202.0,11.7
7.747,7.6652,-213.9,11.7
7.7483,4.6814,-208.6,11.6
7.7472,7.0993,-213.9,11.6
7.7463,5.1959,-212.5,11.6
7.7444,4.7843,-201.2,11.7
7.7435,4.7843,-213.9,11.6
7.7472,5.556,-207.8,11.6
7.7427,6.6878,-214.1,11.7
7.746,5.556,-209.9,11.8
7.7467,6.1733,-208.4,11.7
7.747,6.2762,-202.7,11.7
7.7466,5.7618,-212.5,11.7
7.7451,4.9901,-209.8,11.7
7.7455,5.9676,-213.9,11.7
7.744,4.0641,-212.5,11.6
7.7443,5.556,-206.5,11.6
7.7451,5.2988,-206.9,11.6
7.7438,5.3502,-213.2,11.6
7.7423,5.6589,-214.1,11.6
7.7428,6.6878,-213.9,11.6
7.7448,6.1733,-213.9,11.5
7.7412,5.7618,-209.8,11.6
7.7425,6.5849,-213.9,11.6
7.7412,5.556,-212.4,11.5
7.7418,6.3791,-212.7,11.5
7.7415,5.8647,-214.3,11.6
7.7402,5.9676,-213.9,11.4
7.7408,6.8936,-203.7,11.4
7.7401,7.2537,-213.9,11.5
7.7414,5.9676,-212.2,11.7
7.7408,4.9901,-214.1,11.7
7.7394,4.7843,-203.7,11.4
7.7396,6.0704,-213.9,11.3
7.7401,5.9676,-213.2,11.2
7.7404,4.2699,-213.7,11.4
7.7378,3.9612,-213.9,11.5
7.7264,0.0,-207.7,11.7
7.7341,1.389,-210.8,11.4
7.7415,1.7491,-188.2,11.3
7.7346,0.2572,-208.0,11.4
7.7378,0.6688,-199.4,11.7
7.7372,0.6688,-189.4,11.7
7.7335,0.9774,-190.7,11.8
7.7356,1.6977,-206.9,11.6
7.738,1.852,-202.7,12.2
7.7322,1.9549,-212.0,12.2
7.7378,2.3664,-208.5,11.8
7.7347,1.7491,-211.8,11.7
7.7355,2.778,-212.5,11.6
7.7366,3.7554,-206.9,11.5
7.7392,4.3728,-202.7,11.2
7.7393,2.778,-202.9,11.4
7.7351,3.8583,-191.7,11.1
7.739,1.9549,-206.9,11.6
7.7337,3.5497,-199.2,11.5
7.7387,2.3664,-213.9,11.4
7.7389,2.1607,-213.9,11.6
7.739,5.7618,-207.5,11.7
7.739,3.7554,-205.4,11.7
7.7387,3.6526,-209.4,11.4
7.738,3.2924,-212.3,11.6
7.7368,2.9838,-197.0,11.1
7.7401,4.5786,-195.9,11.5
7.7365,3.6526,-204.0,11.3
7.7382,2.9838,-197.0,11.2
7.7359,4.8872,-208.5,11.1
7.744,4.4757,-206.9,11.0
7.7391,3.9612,-214.6,11.0
7.7378,5.3502,-208.3,11.1
7.7369,4.4757,-190.0,11.2
7.737,4.7843,-213.9,11.1
7.7349,4.7843,-203.0,11.2
7.7393,4.3728,-190.0,11.2
7.7367,4.2699,-201.2,11.4
7.7393,4.3728,-197.0,11.2
7.7366,4.167,-201.2,11.3
7.7405,4.2699,-202.7,11.5
7.7424,5.556,-205.2,11.6
7.7387,5.2988,-207.3,11.3
7.7409,3.7554,-202.2,11.4
7.7418,4.5786,-204.9,11.4
7.739,3.6526,-212.5,11.4
7.7421,3.7554,-206.9,11.1
7.742,3.7554,-205.5,11.2
7.7401,4.2699,-213.2,11.0
7.7378,5.7618,-201.4,11.0
7.7409,3.8583,-195.5,11.0
7.7396,4.3728,-206.9,11.0
7.7398,5.7618,-195.2,10.7
7.7437,4.2699,-206.9,11.0
7.7399,5.7618,-197.0,11.1
7.74,7.0993,-201.2,11.2
7.7386,3.6526,-194.5,11.0
7.7424,6.8936,-206.1,11.3
7.7376,5.2988,-204.2,11.5
7.7363,4.0641,-214.0,11.3
7.7348,5.093,-206.9,11.3
7.7416,3.7554,-213.9,11.6
7.7389,4.9901,-201.2,11.5
7.7416,5.7618,-190.0,11.6
7.7416,2.4693,-201.2,11.7
7.7386,3.6526,-190.0,11.7
7.7371,4.5786,-206.9,5.2
7.7378,5.3502,-196.9,5.1
7.7367,4.9901,-198.0,2.8
7.7335,6.8936,-213.9,2.2
7.7346,4.167,-191.5,2.0
7.7338,10.9577,-204.0,1.7
7.7348,7.4594,-202.5,2.0
7.7354,8.5912,-197.2,1.7
7.7258,6.482,-212.3,0.8
7.7255,5.6589,-190.0,1.1
7.7231,2.778,-213.9,0.8
7.725,2.1607,-183.9,1.8
7.7235,3.1896,-188.4,0.8
7.7236,3.7554,-190.9,1.3
7.7279,2.778,-189.9,1.8
7.722,2.8809,-200.0,1.8
7.7254,2.0578,-209.2,1.5
7.7264,4.0641,-201.2,0.5
7.7276,4.7843,-197.5,1.9
7.7248,1.7491,-202.2,0.3
7.7223,2.9838,-190.0,1.8
7.7263,1.7491,-213.5,0.3
7.7264,3.8583,-200.7,1.0
7.7272,4.0641,-197.0,0.8
7.7234,3.0867,-214.7,0.6
7.7285,4.3728,-206.9,0.2
7.723,4.3728,-197.0,1.1
7.7223,2.9838,-213.1,1.3
7.7237,3.6526,-206.9,1.4
7.7224,3.6526,-213.2,1.5
7.7232,3.6526,-213.1,2.2
7.7249,4.3728,-213.2,1.9
7.7246,3.0867,-202.7,3.0
7.7259,3.6526,-202.7,3.8
7.7208,2.2636,-207.3,5.1
7.7253,3.7554,-197.0,5.6
7.7235,3.6526,-197.0,6.2
7.7245,3.1896,-213.9,6.4
7.7237,3.5497,-201.2,6.2
7.7267,2.6751,-213.9,6.3
7.7252,3.2924,-213.9,5.7
7.7259,3.6526,-213.4,5.5
7.7245,3.1896,-203.5,4.9
7.7222,4.167,-197.9,4.6
7.7249,3.6526,-202.7,4.4
7.7197,1.5948,-209.4,9.5
7.721,0.8746,-211.8,7.8
7.7204,1.7491,-192.4,3.4
7.7234,1.852,-213.9,2.4
7.7211,0.8746,-202.9,1.7
7.634,0.9774,-206.5,1.9
7.633,0.7717,-201.2,1.6
7.6326,0.5659,-200.7,1.7
7.6305,1.2861,-201.2,1.7
7.6313,1.7491,-197.0,2.0
7.6338,0.5659,-206.9,2.4
7.6334,2.1607,-201.9,2.0
7.6332,1.6977,-212.5,2.0
7.6235,4.7843,-207.6,0.3
7.6253,1.5948,-197.5,0.1
7.6279,3.8583,-189.9,0.2
7.625,4.8872,-201.2,0.3
7.6258,5.093,-191.5,0.1
7.626,4.5786,-190.0,0.2
7.6271,4.6814,-201.0,0.2
7.6477,9.26,-213.9,0.1
7.6479,9.5687,-208.7,0.1
7.6454,10.4947,-214.2,0.3
7.6497,9.9802,-214.1,0.7
7.6514,9.8773,-211.7,0.1
7.6474,10.9577,-202.7,0.1
7.6458,11.8837,-213.9,0.4
7.633,7.1508,-206.9,2.5
7.6301,11.7808,-192.7,1.9
7.6287,7.871,-201.0,2.5
7.631,13.1698,-202.5,0.6
7.6304,16.3593,-193.5,2.1
7.6191,0.3601,-201.2,1.1
7.623,0.463,-190.0,0.7
7.6216,0.2572,-195.5,0.1
7.6221,0.0514,-213.8,0.2
7.6217,0.463,-213.9,0.6
7.6229,0.3601,-213.9,0.4
7.6227,0.8746,-213.9,0.6
7.6241,0.8746,-213.9,0.2
7.6238,0.7717,-202.7,0.2
7.6231,0.3601,-206.9,0.3
7.6218,0.2572,-201.7,0.3
7.6252,1.0803,-198.7,0.3
7.6252,1.1832,-190.0,0.3
7.624,1.5948,-213.9,0.2
7.6235,1.389,-206.9,0.7
7.6259,1.0803,-213.9,0.1
7.6248,0.2572,-192.9,0.1
7.6246,0.7717,-191.0,0.1
7.5992,1.7491,-201.2,10.5
7.6201,1.4919,-208.9,10.5
7.5961,1.852,-201.2,10.6
7.5858,4.2699,-206.9,10.9
7.5996,5.1959,-213.6,10.8
7.5919,4.7843,-213.9,10.8
7.5866,5.4531,-210.5,10.7
7.5736,6.0704,-203.7,11.0
7.6053,5.556,-208.2,11.0
7.6044,6.3791,-201.2,11.0
7.5854,4.8872,-201.2,11.0
7.6041,4.6814,-193.2,11.0
7.6112,4.3728,-202.0,11.1
7.5976,6.2762,-202.0,11.1
7.5656,5.6589,-202.7,11.0
7.5945,5.3502,-213.2,11.0
7.5976,5.2988,-212.1,10.9
7.6103,4.2699,-212.1,10.9
7.5961,4.8872,-206.9,10.9
7.5804,5.3502,-201.2,10.9
7.6044,4.7843,-202.5,10.8
7.6077,4.6814,-206.9,10.7
7.591,5.093,-206.9,10.8
7.5983,5.3502,-206.9,10.8
7.5705,4.4757,-211.4,10.8
7.5944,5.093,-207.2,10.8
7.5904,4.9901,-213.1,10.7
7.5717,5.1959,-212.3,10.8
7.5704,5.8647,-211.3,10.8
7.5925,4.4757,-214.1,10.8
7.5884,4.3728,-204.7,10.8
7.5878,5.556,-197.0,10.8
7.5366,4.8872,-213.3,10.8
7.5929,4.0641,-199.9,10.8
7.5797,6.0704,-201.2,10.8
7.6064,4.5786,-202.5,10.8
7.5963,5.6589,-206.9,10.8
7.5892,6.8936,-201.2,10.7
7.5886,5.8647,-202.7,10.7
7.5731,2.6751,-199.2,11.0
7.6123,0.5659,-212.7,7.0
7.6117,0.7717,-201.5,7.0
7.612,1.389,-213.9,7.0
7.6102,0.5659,-210.6,7.1
7.6114,0.7717,-198.4,7.2
7.6116,0.463,-206.9,7.1
7.6117,1.7491,-202.7,7.2
7.6127,2.2636,-206.9,7.1
7.6111,1.7491,-202.7,7.2
7.611,0.9774,-210.0,7.0
7.6125,2.778,-213.9,7.2
7.6116,1.7491,-198.2,7.1
7.6081,0.7717,-192.5,7.2
7.6098,1.0803,-201.2,7.3
7.6098,1.389,-214.1,7.5
7.6096,0.9774,-213.9,7.5
7.6094,3.2924,-214.0,7.4
7.6102,2.778,-202.7,7.4
7.6121,2.6751,-198.2,7.4
7.6116,1.2861,-208.2,7.3
7.6113,1.852,-213.7,7.4
7.609,1.389,-188.0,7.4
7.6103,1.0803,-201.2,7.6
7.6135,2.778,-190.5,7.4
7.6094,2.1607,-190.9,7.6
7.6114,2.8809,-214.0,7.4
7.6106,3.1896,-213.9,7.5
7.6108,3.9612,-209.4,7.5
7.6089,4.167,-208.5,7.7
7.6094,2.2636,-191.4,7.6
7.6076,3.3953,-190.2,7.5
7.6092,1.5948,-207.1,7.6
7.6104,1.852,-212.1,7.6
7.6095,2.3664,-197.9,7.6
7.6102,3.4982,-211.1,7.6
7.6102,3.1896,-201.5,7.7
7.6088,2.2636,-213.9,7.5
7.6108,4.167,-212.5,7.6
7.6099,3.5497,-206.9,7.6
7.6121,4.0641,-206.9,7.5
7.6098,3.2924,-197.0,7.5
7.6088,2.778,-213.9,7.5
7.6122,3.0867,-203.0,7.4
7.6089,2.9838,-210.8,7.5
7.6107,3.0867,-201.2,7.5
7.6107,3.8583,-197.0,7.4
7.6098,3.6526,-201.2,7.7
7.6111,4.0641,-191.5,7.4
7.6137,3.6526,-200.9,7.2
7.6106,3.7554,-212.5,7.3
7.6112,5.093,-196.2,7.3
7.6118,4.167,-202.7,7.3
7.6117,4.167,-213.4,7.4
7.6121,5.3502,-213.9,7.5
7.6108,5.093,-202.7,7.5
7.6086,4.8872,-206.9,7.5
7.6056,5.6589,-213.0,7.6
7.6072,6.5849,-214.3,7.4
7.6121,6.0704,-213.9,7.4
7.6075,7.2537,-214.2,7.4
7.61,6.6878,-212.0,7.6
7.6063,8.1797,-213.9,7.5
7.6105,7.3566,-212.5,7.4
7.607,7.0993,-206.9,7.4
7.6047,7.6652,-214.2,7.4
7.6171,8.4883,-213.9,7.5
7.6083,7.9739,-213.9,7.4
7.6093,9.0542,-213.9,7.3
7.6032,9.26,-214.1,7.3
7.605,9.1571,-212.6,7.4
7.5946,9.6716,-207.2,7.3
7.5912,9.1571,-208.5,7.3
7.5896,7.3566,-211.3,7.3
7.5817,9.26,-213.9,7.4
7.5862,9.5687,-214.1,7.5
7.5831,8.0768,-212.3,7.5
7.5854,9.1571,-213.9,7.3
7.5879,9.5687,-205.2,7.4
7.5803,8.2826,-213.9,7.4
7.5867,9.0542,-213.1,7.2
7.5854,9.7744,-214.5,7.4
7.5835,9.4658,-212.5,7.3
7.5896,9.4658,-213.9,7.4
7.5876,9.7744,-213.6,7.3
7.5878,9.1571,-213.2,7.2
7.5813,9.3629,-213.9,7.2
7.5898,9.0542,-213.0,7.3
7.5838,7.7681,-204.4,7.3
7.5832,8.6941,-209.9,7.3
7.5874,8.4883,-202.7,7.2
7.5851,8.3854,-214.4,7.4
7.5876,8.5912,-212.4,7.1
7.5859,9.6716,-201.2,7.1
7.5898,8.8999,-213.9,7.1
7.5808,6.9964,-213.9,7.0
7.5873,7.7681,-211.3,6.9
7.5813,9.3629,-213.9,7.2
7.5956,9.6716,-213.9,6.9
7.5806,9.7744,-213.9,6.9
7.5943,9.3629,-212.5,7.1
7.5875,9.6716,-213.9,7.0
7.5885,9.3629,-214.8,6.9
7.5883,9.6716,-212.9,7.1
7.5829,9.1571,-207.5,7.3
7.5844,9.5687,-213.9,7.1
7.587,10.2889,-212.3,6.8
7.5859,8.797,-204.4,7.0
7.5864,9.3629,-214.3,7.1
7.5868,9.6716,-213.9,7.0
7.5828,9.0542,-213.7,7.0
7.5874,9.5687,-213.0,7.1
7.5805,9.4658,-202.7,7.0
7.5894,9.26,-211.4,6.9
7.589,9.26,-208.3,7.0
7.5837,8.6941,-202.7,7.0
7.5925,9.0542,-214.1,7.1
7.5816,7.6652,-202.0,7.0
7.5877,9.4658,-213.9,6.9
7.5855,9.0542,-203.4,7.0
7.5833,9.1571,-201.0,7.0
7.582,8.4883,-201.2,7.0
7.5846,9.4658,-212.5,7.0
7.5871,9.8773,-208.4,7.0
7.5808,8.797,-206.9,6.9
7.5938,9.1571,-206.1,6.9
7.59,8.797,-206.9,7.0
7.5868,9.1571,-212.1,7.4
7.5841,8.797,-213.6,7.0
7.5854,9.4658,-213.9,7.0
7.5861,9.0542,-213.6,7.1
7.5876,9.9802,-213.0,7.1
7.585,9.4658,-201.2,7.3
7.5863,9.3629,-201.2,7.1
7.5835,9.6716,-203.4,7.0
7.5924,9.3629,-201.5,7.1
7.5886,8.2826,-201.2,6.9
7.5727,7.9739,-197.7,6.9
7.5879,9.7744,-191.5,6.9
7.5817,9.3629,-190.0,6.8
7.5877,8.0768,-191.2,6.8
7.586,9.7744,-191.5,6.9
7.583,8.0768,-190.4,6.9
7.5857,8.1797,-203.7,7.0
7.5844,5.8647,-190.0,7.1
7.5843,3.4982,-203.2,7.0
7.5778,6.482,-191.5,6.9
7.5959,6.482,-199.7,7.0
7.5751,8.797,-190.7,7.1
7.5808,7.4594,-189.4,7.0
7.5795,6.8936,-198.5,7.0
7.5798,6.8936,-191.5,7.0
7.5862,5.4531,-197.0,6.8
7.5839,3.6526,-195.9,6.9
7.5905,7.871,-190.5,6.8
7.5755,7.4594,-200.5,6.7
7.5716,7.871,-201.2,6.9
7.587,6.7907,-193.0,6.8
7.5838,8.5912,-201.2,7.0
7.5827,9.3629,-213.9,6.9
7.5831,5.3502,-199.7,7.0
7.5813,5.4531,-195.0,7.0
7.5753,8.5912,-201.2,7.0
7.5833,9.0542,-192.9,7.0
7.5808,8.9513,-201.2,6.9
7.581,9.6716,-191.5,7.0
7.5748,8.9513,-187.7,6.9
7.5741,8.9513,-212.0,6.8
7.5732,5.6589,-207.9,6.9
7.5848,5.556,-197.0,6.9
7.5783,9.5687,-203.2,6.9
7.5714,7.2537,-213.2,6.8
7.5837,4.5786,-193.0,6.9
7.5784,9.1571,-201.5,6.8
7.5697,7.0993,-206.9,6.8
7.5785,6.6878,-192.0,7.0
7.5815,4.9901,-188.2,7.0
7.5811,4.6814,-211.1,6.6
7.5697,4.2699,-198.2,6.8
7.5705,6.2762,-194.7,6.8
7.5754,8.8999,-190.2,6.7
7.5836,8.6941,-189.4,6.7
7.5724,6.5849,-202.5,6.9
7.5868,3.1896,-204.4,7.0
7.5784,5.6589,-200.2,6.9
7.5826,6.7907,-200.0,6.7
7.5816,6.5849,-202.5,6.7
7.5885,2.8809,-209.2,6.8
7.59,9.26,-203.2,7.0
7.5823,3.8583,-190.0,6.8
7.5834,5.3502,-200.2,6.9
7.592,7.9739,-212.0,6.6
7.5876,5.1959,-202.0,6.7
7.5889,6.482,-214.2,6.9
7.5816,7.9739,-197.7,6.8
7.5833,5.7618,-201.0,6.9
7.5817,8.3854,-192.0,6.9
7.5874,5.556,-203.9,6.9
7.5838,8.0768,-210.8,7.3
7.5835,4.4757,-214.0,7.0
7.577,4.3728,-198.2,6.7
7.5765,3.3953,-190.9,6.7
7.5753,7.6652,-196.0,6.7
7.5832,3.2924,-200.0,6.7
7.5926,4.167,-213.6,6.6
7.5857,4.3728,-196.5,6.5
7.5793,7.1508,-192.0,5.7
7.5866,8.9513,-190.0,5.7
7.58,4.5786,-197.5,6.6
7.5787,5.7618,-189.5,5.8
7.5788,7.7681,-197.0,5.3
7.5752,8.797,-213.9,5.5
7.5862,5.3502,-190.4,5.8
7.575,3.8583,-190.2,6.1
7.5868,6.0704,-196.2,6.4
7.5814,9.9802,-213.7,6.6
7.581,7.6652,-196.0,6.7
7.5817,6.482,-189.9,6.9
7.59,3.3953,-193.7,7.0
7.5747,5.9676,-203.7,6.8
7.5766,5.093,-202.2,6.9
7.5736,7.871,-210.6,6.9
7.5824,4.3728,-199.5,6.7
7.5672,8.0768,-196.5,6.9
7.5782,7.0993,-201.2,7.0
7.5785,6.3791,-210.4,6.8
7.5778,3.2924,-211.0,6.8
7.5715,5.1959,-205.4,6.7
7.5613,5.4531,-191.7,6.8
7.5796,4.3728,-190.0,6.6
7.5699,6.2762,-191.7,6.7
7.5813,5.093,-191.5,6.7
7.5717,5.093,-191.4,6.7
7.571,5.093,-193.9,6.7
7.5786,7.9739,-206.9,6.6
7.5663,5.093,-201.2,6.8
7.5707,6.482,-190.0,6.9
7.5792,8.1797,-206.3,6.7
7.593,7.5623,-197.0,6.8
7.5793,8.2826,-190.4,6.8
7.5641,3.9612,-190.7,6.8
7.5742,4.3728,-202.0,6.7
7.5879,5.2988,-206.3,6.5
7.5656,7.1508,-199.4,6.7
7.574,6.482,-193.2,6.4
7.5587,8.6941,-191.4,6.6
7.5734,7.6652,-201.2,6.5
7.5759,7.3566,-197.0,6.6
7.5649,8.0768,-196.7,6.6
7.5641,6.1733,-199.2,6.6
7.573,7.1508,-190.4,6.5
7.5705,3.6526,-204.9,6.7
7.5658,7.5623,-190.0,6.6
7.5627,8.3854,-192.2,6.7
7.5842,7.4594,-189.7,6.4
7.5806,6.9964,-191.0,6.4
7.5821,9.5687,-197.0,6.7
7.5811,9.3629,-202.5,6.5
7.5633,6.9964,-189.9,6.5
7.5658,5.8647,-196.2,6.9
7.5688,5.093,-190.0,6.7
7.5595,7.5623,-212.7,6.7
7.5614,2.1607,-201.2,6.7
7.5658,7.3566,-197.0,6.7
7.5577,7.9739,-191.4,6.8
7.5666,8.4883,-205.8,6.7
7.5817,6.8936,-197.0,7.2
7.5655,9.0542,-197.0,6.7
7.5641,8.4883,-197.2,6.9
7.567,6.7907,-201.9,6.8
7.5777,6.8936,-197.0,6.9
7.5617,8.4883,-201.9,6.9
7.5679,6.9964,-201.2,6.9
7.5712,5.4531,-194.9,6.8
7.5619,7.7681,-202.0,6.9
7.5747,6.482,-201.0,6.7
7.5778,7.871,-206.9,6.8
7.5752,7.5623,-190.0,7.0
7.5726,6.5849,-191.4,7.0
7.5611,7.2537,-197.0,6.8
7.5833,8.3854,-190.9,6.9
7.5638,8.0768,-200.2,6.7
7.5816,7.871,-195.5,6.9
7.5624,7.4594,-189.2,6.9
7.5641,7.9739,-189.5,6.8
7.5665,2.0578,-189.5,6.8
7.5542,2.9838,-200.4,6.8
7.5634,5.2988,-191.5,7.0
7.5668,6.1733,-197.0,7.0
7.578,5.556,-195.0,7.0
7.5659,5.6589,-205.6,7.1
7.5831,5.093,-208.2,7.1
7.5694,4.8872,-208.6,7.1
7.5518,6.5849,-197.5,7.0
7.5585,5.6589,-193.4,7.1
7.5793,5.9676,-191.5,7.0
7.5681,5.556,-190.0,7.0
7.5776,4.3728,-206.5,7.1
7.5478,6.9964,-212.3,7.2
7.5683,4.8872,-204.7,7.0
7.5667,4.0641,-193.7,7.2
7.5793,4.3728,-201.0,6.9
7.5624,6.3791,-198.7,7.0
7.5734,3.2924,-211.5,6.9
7.5767,5.3502,-193.0,7.0
7.5664,3.6526,-211.5,7.0
7.5547,7.1508,-197.5,7.1
7.5729,4.167,-195.5,7.0
7.5499,6.5849,-194.2,7.0
7.5541,3.6526,-190.4,6.9
7.5576,4.5786,-211.7,6.9
7.5401,3.3953,-203.0,7.1
7.5601,2.2636,-214.2,7.0
7.5664,3.2924,-196.7,6.8
7.5331,7.9739,-195.5,6.8
7.5692,6.9964,-189.7,6.8
7.5539,4.167,-201.2,6.8
7.5805,5.8647,-207.3,6.8
7.5663,3.6526,-189.7,6.7
7.5504,3.6526,-212.5,6.9
7.5621,5.7618,-191.5,6.9
7.5689,4.2699,-189.9,6.9
7.578,7.1508,-190.5,6.9
7.5624,4.2699,-195.2,7.0
7.5724,5.7618,-192.0,6.8
7.5508,8.4883,-198.2,6.8
7.5742,6.5849,-197.5,7.1
7.5624,3.9612,-198.2,6.9
7.574,6.9964,-202.5,6.9
7.5736,4.5786,-206.4,6.8
7.566,5.093,-201.2,7.0
7.5534,6.7907,-192.2,6.9
7.5779,2.9838,-194.2,7.1
7.5712,8.8999,-196.7,6.9
7.5618,5.1959,-199.0,7.2
7.5572,5.2988,-198.4,7.0
7.5583,7.5623,-201.2,6.7
7.555,5.556,-189.9,6.8
7.5474,4.7843,-190.4,6.8
7.5717,2.778,-202.5,6.8
7.5436,6.482,-208.7,7.1
7.5564,2.9838,-203.2,7.0
7.5575,4.4757,-202.5,6.8
7.5572,3.9612,-187.9,6.9
7.5591,6.8936,-207.7,6.9
7.5582,3.5497,-197.2,6.8
7.5342,4.7843,-199.7,7.1
7.5354,5.556,-206.5,6.9
7.553,3.0867,-189.2,7.0
7.5318,5.7618,-200.7,7.0
7.5391,8.0768,-190.0,6.9
7.5487,7.1508,-194.9,6.7
7.5565,3.3953,-191.0,6.9
7.5571,7.871,-188.2,6.9
7.5292,6.9964,-189.2,7.0
7.5755,1.852,-194.2,7.0
7.5538,8.0768,-191.5,7.1
7.558,9.4658,-190.5,6.9
7.564,8.0768,-191.4,7.0
7.5457,6.482,-191.4,7.2
7.5439,5.2988,-205.7,7.0
7.5624,4.0641,-202.9,7.2
7.5457,7.3566,-200.7,7.2
7.5563,7.3566,-197.0,7.0
7.5667,8.1797,-189.7,7.1
7.5722,4.8872,-190.0,7.3
7.5487,5.556,-188.0,7.2
7.55,6.5849,-190.5,7.3
7.5519,6.6878,-191.7,7.3
7.5632,5.8647,-193.0,7.3
7.5433,6.8936,-190.5,7.3
7.5461,2.6751,-201.0,7.2
7.5601,6.8936,-201.2,7.2
7.5566,9.9802,-196.0,7.2
7.5399,9.3629,-189.2,7.1
7.5524,5.6589,-189.2,7.1
7.5526,8.2826,-191.4,7.1
7.5742,9.7744,-189.4,7.1
7.5629,9.8773,-189.4,7.1
7.5475,8.9513,-190.7,7.2
7.5653,7.1508,-195.4,7.2
7.5488,6.1733,-197.0,7.1
7.5694,9.26,-208.7,7.2
7.555,6.7907,-192.0,7.2
7.525,7.1508,-190.2,7.1
7.5586,6.9964,-191.0,7.1
7.5505,8.9513,-197.2,7.2
7.5642,7.4594,-193.5,7.2
7.5604,7.4594,-201.2,7.1
7.5671,9.1571,-192.5,7.1
7.5607,6.8936,-199.4,7.1
7.5461,8.797,-191.5,7.3
7.5635,9.5687,-191.0,7.2
7.5698,9.6716,-190.0,7.3
7.5634,9.9802,-195.9,7.1
7.5541,8.0768,-194.2,7.2
7.5641,7.871,-190.0,7.2
7.5653,7.5623,-194.5,7.2
7.5647,10.0831,-193.7,7.1
7.5549,9.6716,-190.0,7.2
7.5626,8.1797,-190.0,7.2
7.5684,9.8773,-199.0,7.1
7.5533,8.5912,-192.7,7.3
7.5409,8.5912,-213.9,7.4
7.5405,7.6652,-191.7,7.3
7.5623,9.9802,-206.9,7.2
7.5565,8.1797,-191.7,7.3
7.5759,9.26,-190.4,7.3
7.5649,9.1571,-191.4,7.3
7.551,9.5687,-191.9,7.3
7.5635,9.1571,-189.7,7.3
7.5457,9.3629,-189.9,7.4
7.5484,10.186,-197.0,7.3
7.5488,9.5687,-201.2,7.2
7.5754,9.8773,-201.2,7.3
7.5541,9.4658,-199.2,7.4
7.556,9.5687,-190.5,7.3
7.5621,9.8773,-198.0,7.4
7.5633,8.3854,-190.0,7.5
7.565,8.9513,-204.7,7.5
7.5671,9.5687,-207.7,7.4
7.554,9.7744,-202.7,7.5
7.5595,9.1571,-206.9,7.5
7.5712,9.6716,-201.2,7.4
7.5569,10.0831,-213.9,7.5
7.5685,10.4947,-202.7,7.3
7.5618,10.186,-209.3,7.4
7.5698,9.8773,-212.4,7.4
7.5475,10.5976,-213.1,7.4
7.5589,9.8773,-211.3,7.4
7.5662,10.9577,-212.3,7.4
7.572,11.2663,-206.6,7.3
7.571,11.7808,-210.1,7.4
7.5593,11.4721,-212.5,7.3
7.5548,9.7744,-206.9,7.3
7.5548,9.8773,-207.3,7.3
7.5788,9.26,-206.9,7.4
7.5693,9.7744,-198.9,7.3
7.5668,11.0606,-201.5,7.2
7.5717,9.8773,-201.2,7.1
7.5503,8.9513,-191.4,7.2
7.5553,10.0831,-197.0,7.2
7.5539,8.6941,-199.4,7.2
7.5435,11.3692,-201.2,7.2
7.5528,11.6779,-202.7,7.2
7.5566,10.5976,-205.0,7.3
7.5585,9.5687,-192.0,7.3
7.5542,9.26,-198.4,7.2
7.5692,10.0831,-201.2,7.3
7.5693,10.0831,-201.2,7.3
7.562,9.5687,-207.0,7.4
7.5644,9.6716,-201.2,7.4
7.5639,10.9577,-195.0,7.4
7.5717,10.3918,-200.9,7.5
7.5503,10.3918,-198.9,7.4
7.5633,9.4658,-197.2,7.4
7.5649,9.9802,-190.0,7.7
7.5541,8.797,-196.5,7.5
7.5743,8.797,-202.7,7.5
7.5585,9.4658,-190.2,7.5
7.5661,9.1571,-201.0,7.5
7.5633,9.4658,-198.5,7.5
7.5678,9.1571,-190.5,7.5
7.5605,9.1571,-197.7,7.7
7.563,6.7907,-193.2,7.5
7.565,8.4883,-193.0,7.6
7.5583,9.0542,-197.0,7.8
7.5717,9.0542,-197.0,7.9
7.5651,5.556,-197.0,7.8
7.5745,8.3854,-191.5,7.6
7.5664,9.1571,-193.0,7.7
7.561,7.5623,-212.3,7.7
7.5663,6.9964,-203.0,7.7
7.5608,10.0831,-197.2,7.6
7.5719,7.9739,-201.2,7.6
7.5623,9.6716,-197.0,7.6
7.5679,8.797,-202.2,7.6
7.5704,9.6716,-193.0,7.5
7.5659,9.26,-197.0,7.6
7.5698,7.9739,-203.0,7.6
7.5569,6.3791,-197.0,7.5
7.5756,9.5687,-199.7,7.4
7.5675,9.5687,-191.5,7.4
7.5762,9.1571,-197.0,7.3
7.5651,7.4594,-202.7,7.4
7.5732,8.6941,-197.0,7.3
7.5743,9.9802,-196.0,7.2
7.5519,9.26,-198.9,7.3
7.565,9.3629,-202.7,7.1
7.5725,8.1797,-197.0,7.3
7.5655,8.8999,-202.7,7.0
7.5774,7.9739,-202.7,7.1
7.5698,7.9739,-190.0,7.1
7.5652,9.26,-189.2,7.1
7.573,9.3629,-197.2,7.1
7.5652,9.8773,-190.0,7.0
7.5617,8.0768,-191.7,7.0
7.5613,8.1797,-196.2,7.1
7.5618,8.9513,-190.5,7.1
7.5709,9.8773,-188.5,6.9
7.5453,7.0993,-190.0,7.0
7.5462,5.2988,-207.2,7.0
7.5472,5.7618,-201.0,7.0
7.5712,4.167,-195.5,7.1
7.5647,3.8583,-191.7,7.1
7.5677,6.1733,-188.9,7.0
7.5628,5.9676,-194.4,7.1
7.5511,5.6589,-201.2,7.0
7.5539,7.0993,-210.7,7.1
7.5705,5.1959,-189.0,7.2
7.5712,8.2826,-205.6,7.3
7.568,11.0606,-193.5,7.0
7.5731,9.5687,-213.4,6.8
7.5717,7.0993,-204.2,7.0
7.5637,11.4721,-193.7,7.1
7.5663,5.3502,-205.6,7.0
7.5755,7.2537,-205.3,7.1
7.5801,5.093,-201.9,6.9
7.5691,5.6589,-208.5,6.8
7.5793,8.1797,-196.2,6.9
7.5737,8.4883,-194.2,6.8
7.5734,5.7618,-190.9,6.9
7.5753,3.9612,-192.5,7.0
7.5717,8.1797,-192.5,7.0
7.5795,6.3791,-189.0,6.8
7.5793,9.0542,-212.5,6.9
7.5892,7.9739,-196.2,6.8
7.5606,9.4658,-202.5,6.9
7.5784,5.093,-190.4,7.0
7.5747,9.26,-191.4,7.0
7.5793,10.0831,-194.7,6.9
7.5856,10.649,-191.5,6.8
7.5815,8.5912,-188.0,6.9
7.5645,8.6941,-190.0,6.9
7.5774,11.0606,-197.0,6.9
7.5678,7.4594,-203.9,6.8
7.5727,7.2537,-192.0,6.9
7.5717,8.797,-194.0,6.8
7.5761,5.8647,-196.2,7.0
7.5877,10.7519,-193.2,6.8
7.5714,7.0993,-185.9,6.8
7.5702,7.7681,-190.0,6.8
7.5662,8.8999,-191.5,6.8
7.5844,8.4883,-214.5,6.9
7.5769,10.2889,-199.2,6.8
7.573,9.9802,-201.2,6.8
7.5778,9.9802,-191.4,6.7
7.5796,9.1571,-190.0,6.8
7.5732,10.4947,-208.9,6.7
7.5683,8.9513,-193.2,6.7
7.5737,10.2889,-197.0,6.7
7.5763,9.6716,-212.5,6.9
7.5778,10.0831,-208.7,6.9
7.5712,9.7744,-206.7,6.7
7.5744,11.6779,-213.9,6.7
7.574,11.1635,-213.9,6.8
7.5747,11.3692,-213.9,6.9
7.5637,10.3918,-213.9,6.8
7.5773,11.3692,-214.1,6.7
7.5661,12.1923,-213.9,6.8
7.5653,10.2889,-213.1,6.9
7.5759,10.649,-213.9,6.8
7.5775,10.186,-214.1,6.9
7.5782,9.3629,-213.9,7.0
7.5781,11.575,-213.9,6.8
7.5732,11.0606,-208.3,7.0
7.5768,10.8548,-209.6,6.9
7.5649,11.4721,-202.7,6.9
7.5769,10.0831,-213.7,6.8
7.5817,11.7808,-213.9,6.8
7.5701,9.4658,-207.1,6.8
7.5732,11.0606,-207.0,6.7
7.5715,11.2663,-213.9,6.7
7.5676,10.649,-213.9,6.8
7.5789,9.8773,-213.9,6.8
7.5679,11.2663,-214.0,6.7
7.5812,9.26,-213.9,6.7
7.5734,8.8999,-212.8,6.7
7.5718,8.4883,-212.5,6.8
7.5778,9.0542,-197.0,6.8
7.582,9.7744,-198.0,6.7
7.5722,7.6652,-194.0,6.7
7.5752,5.9676,-191.4,6.6
7.5759,6.8936,-191.4,6.6
7.5755,6.3791,-212.3,6.6
7.5801,8.9513,-201.2,6.6
7.57,7.7681,-201.2,6.6
7.5747,7.3566,-194.9,6.8
7.5762,7.7681,-202.7,6.6
7.5764,7.4594,-191.4,6.6
7.5735,7.4594,-203.7,6.7
7.5693,7.4594,-207.3,6.7
7.5668,7.9739,-191.4,6.7
7.5697,8.1797,-207.9,6.7
7.5766,8.6941,-204.2,6.6
7.5732,7.2537,-204.7,6.8
7.5748,7.0993,-201.2,6.5
7.5717,7.871,-202.9,6.5
7.5715,7.7681,-202.4,6.6
7.5763,7.4594,-211.9,6.6
7.5786,7.871,-213.9,6.5
7.5787,9.0542,-203.0,6.5
7.5769,7.0993,-201.2,6.4
7.5683,7.7681,-186.2,6.4
7.5663,7.9739,-190.4,6.4
7.5742,8.2826,-198.7,6.4
7.5743,6.482,-190.0,6.4
7.5715,5.4531,-202.5,6.3
7.57,5.8647,-214.2,6.3
7.5689,3.8583,-212.0,6.4
7.5747,6.7907,-195.5,6.3
7.5719,7.6652,-191.0,6.2
7.5724,5.7618,-191.0,6.2
7.5699,8.797,-191.5,6.1
7.5681,7.1508,-195.9,6.3
7.5606,7.0993,-190.0,6.3
7.5737,7.7681,-187.2,6.4
7.5703,7.7681,-197.2,6.4
7.5691,2.9838,-197.5,6.5
7.571,6.1733,-191.4,6.6
7.5753,6.7907,-190.2,6.5
7.5773,8.5912,-199.4,6.4
7.5785,7.871,-184.2,6.6
7.5725,4.9901,-199.4,6.5
7.5719,5.8647,-191.4,6.6
7.5689,6.1733,-193.7,6.6
7.5648,7.4594,-190.0,6.6
7.5655,4.5786,-192.7,6.5
7.5663,5.556,-214.8,6.6
7.5785,4.9901,-187.5,6.4
7.5701,6.0704,-189.9,7.5
7.5766,4.0641,-189.2,9.4
7.5615,3.6526,-189.0,9.9
7.5714,5.8647,-191.5,9.8
7.5661,4.9901,-190.9,9.9
7.5594,3.0867,-194.2,9.9
7.5679,6.3791,-189.2,9.9
7.5672,2.0578,-192.2,10.0
7.5671,3.6526,-197.0,10.0
7.5679,7.3566,-191.4,10.0
7.5793,7.3566,-189.9,9.9
7.5665,7.5623,-202.7,9.8
7.574,8.9513,-201.5,9.7
7.5732,7.3566,-189.7,9.9
7.5752,9.0542,-214.2,9.7
7.5683,7.4594,-202.7,9.7
7.5661,9.7744,-201.2,9.6
7.571,8.1797,-202.5,9.7
7.5727,6.9964,-201.2,9.6
7.561,7.7681,-207.8,9.7
7.5622,9.7744,-201.2,9.7
7.5679,8.2826,-200.5,9.6
7.5671,9.26,-201.0,9.7
7.5686,8.6941,-206.1,9.6
7.5652,8.3854,-197.0,9.7
7.5679,9.26,-198.0,9.7
7.5718,8.9513,-207.1,9.7
7.5629,7.7681,-213.0,9.7
7.5742,8.6941,-201.5,9.7
7.5735,9.8773,-197.0,9.7
7.5679,9.0542,-201.0,9.8
7.5637,9.8773,-212.4,9.7
7.5676,9.0542,-201.2,9.6
7.5692,9.3629,-212.3,9.7
7.5734,7.871,-201.2,9.5
7.5731,7.7681,-192.2,9.6
7.5737,9.1571,-188.5,9.6
7.5842,9.3629,-189.9,9.6
7.5643,4.3728,-189.7,9.5
7.5705,8.6941,-196.0,9.6
7.5731,7.0993,-213.9,9.6
7.5618,5.556,-203.9,9.6
7.5736,8.3854,-189.5,9.6
7.5717,9.8773,-202.7,9.6
7.5701,6.8936,-201.0,9.7
7.5613,8.0768,-192.0,9.7
7.5632,9.6716,-192.7,9.7
7.5735,8.0768,-203.0,9.7
7.562,7.9739,-189.5,9.7
7.5769,9.4658,-202.7,9.7
7.5525,9.4658,-196.5,9.6
7.5793,9.5687,-191.4,9.6
7.5645,9.4658,-201.4,9.7
7.5679,8.4883,-186.5,9.6
7.5612,8.6941,-196.9,9.5
7.5803,6.8936,-186.7,9.7
7.5763,5.8647,-196.7,9.7
7.5694,6.9964,-193.0,9.7
7.5642,7.7681,-184.4,9.8
7.59,8.8999,-205.1,9.7
7.5854,7.6652,-196.5,9.7
7.5816,7.3566,-200.5,9.6
7.5886,9.3629,-190.0,9.6
7.5648,10.0831,-189.9,9.7
7.5874,9.4658,-191.5,9.8
7.5867,8.9513,-195.7,9.7
7.5839,5.1959,-201.5,9.7
7.5572,5.6589,-192.7,9.7
7.5681,7.2537,-208.7,9.6
7.576,6.6878,-189.9,9.7
7.5641,2.5722,-192.0,10.0
7.578,4.4757,-195.2,9.9
7.5692,9.0542,-188.2,9.7
7.5746,9.3629,-190.2,9.8
7.5786,9.9802,-200.5,9.9
7.5723,8.6941,-190.0,9.8
7.5823,8.5912,-191.5,9.7
7.5837,8.4883,-190.0,9.8
7.5971,5.9676,-206.7,9.7
7.572,5.093,-193.5,9.9
7.5779,7.6652,-199.4,9.9
7.5592,2.4693,-191.7,9.9
7.5721,9.0542,-194.2,10.0
7.5823,8.797,-195.5,9.9
7.5627,8.9513,-199.4,10.0
7.5772,7.3566,-192.4,9.9
7.5845,5.9676,-200.2,10.1
7.5919,8.6941,-198.9,10.1
7.5714,8.797,-189.2,10.2
7.5588,8.1797,-192.7,10.1
7.5709,8.3854,-190.5,10.3
7.5921,6.8936,-201.7,10.2
7.5674,4.7843,-197.0,10.1
7.5868,8.5912,-189.9,10.1
7.5774,9.7744,-190.0,10.3
7.5874,5.2988,-191.4,10.3
7.5767,7.3566,-208.2,10.4
7.5875,3.8583,-201.2,10.1
7.587,5.9676,-188.9,10.1
7.5896,5.8647,-191.5,10.0
7.5814,8.0768,-198.4,10.1
7.5776,7.4594,-197.0,10.0
7.5723,8.4883,-195.5,10.2
7.5828,7.871,-197.0,10.1
7.5835,7.9739,-191.5,10.2
7.5842,8.2826,-209.9,10.1
7.5684,8.1797,-190.7,10.1
7.5865,7.4594,-200.4,9.8
7.5862,6.5849,-193.2,9.8
7.5771,8.1797,-186.9,9.8
7.5655,8.3854,-205.6,9.8
7.5771,7.2537,-189.9,10.0
7.5811,5.4531,-198.2,9.8
7.5894,5.9676,-194.7,9.9
7.5974,5.4531,-203.5,9.8
7.5755,4.4757,-196.2,9.8
7.5907,3.2924,-205.0,9.8
7.584,3.1896,-188.7,9.7
7.586,4.3728,-201.2,9.7
7.5852,3.0867,-188.7,9.5
7.5793,4.167,-192.0,9.6
7.5811,3.0867,-191.4,9.5
7.5876,5.1959,-193.0,9.7
7.5926,4.7843,-200.5,9.7
7.5803,5.556,-191.4,9.6
7.5827,4.2699,-190.0,9.7
7.5808,5.093,-191.5,9.7
7.5925,6.9964,-201.7,9.6
7.5948,4.167,-209.2,9.7
7.5898,6.3791,-190.0,9.8
7.5802,7.2537,-197.0,9.9
7.5926,4.9901,-200.0,9.9
7.5891,5.8647,-190.0,9.8
7.585,4.0641,-190.0,9.9
7.5834,5.556,-193.2,9.8
7.5776,3.0867,-214.3,9.9
7.578,1.6977,-205.4,10.0
7.59,2.0578,-201.2,10.0
7.5866,3.0867,-195.7,9.9
7.5916,2.1607,-190.0,9.9
7.5928,4.3728,-198.7,9.9
7.5971,3.9612,-196.5,9.8
7.5874,3.4982,-197.0,9.8
7.5827,4.8872,-206.5,9.7
7.5852,4.8872,-202.7,9.8
7.5847,4.8872,-190.0,9.8
7.5876,5.8647,-206.1,9.9
7.5885,4.7843,-201.2,9.9
7.5791,5.6589,-197.0,9.8
7.5819,6.482,-201.2,9.9
7.5816,5.093,-210.3,9.8
7.5706,6.482,-208.0,10.0
7.5904,7.2537,-213.9,9.9
7.5762,5.6589,-212.3,9.9
7.583,7.4594,-214.0,9.9
7.5862,6.9964,-213.9,10.0
7.5876,7.7681,-213.9,10.0
7.5801,6.8936,-213.5,10.1
7.5826,6.482,-214.0,10.0
7.5779,7.9739,-207.6,10.0
7.5778,7.9739,-209.3,9.9
7.5899,7.0993,-201.2,9.8
7.577,8.0768,-205.2,9.8
7.5831,8.3854,-202.7,9.7
7.5801,9.1571,-203.2,9.7
7.5867,8.9513,-201.7,9.9
7.5799,8.4883,-206.9,9.4
7.5774,8.797,-212.2,9.8
7.5839,6.9964,-201.2,9.7
7.5867,7.1508,-204.9,9.8
7.5853,6.8936,-202.7,9.7
7.5858,7.871,-202.7,9.8
7.5837,7.871,-191.0,9.8
7.5839,7.0993,-191.5,9.8
7.5877,5.3502,-203.5,9.9
7.5898,7.1508,-197.0,9.8
7.5857,8.6941,-202.0,9.8
7.5812,8.1797,-197.0,9.8
7.5844,7.6652,-191.4,9.8
7.5967,7.9739,-190.0,9.6
7.5856,7.871,-190.0,9.8
7.5827,7.5623,-190.0,9.8
7.5898,7.4594,-192.5,9.8
7.5876,6.3791,-197.0,9.8
7.5846,6.8936,-190.0,9.8
7.5805,8.4883,-202.7,10.0
7.5909,6.9964,-202.7,10.0
7.5819,6.7907,-201.0,9.9
7.5807,7.3566,-213.9,9.9
7.5871,7.5623,-203.9,10.0
7.5836,6.3791,-202.9,10.0
7.5819,7.6652,-201.7,10.0
7.5853,8.5912,-201.2,10.0
7.5937,6.8936,-206.9,10.0
7.5828,7.5623,-202.9,10.0
7.5797,6.5849,-206.9,10.0
7.5797,8.4883,-196.0,10.0
7.5853,7.5623,-206.9,9.8
7.5834,6.9964,-196.5,9.9
7.5828,6.8936,-189.5,9.8
7.5856,5.7618,-206.7,9.8
7.5845,6.2762,-190.4,9.7
7.5816,8.5912,-197.0,9.8
7.5827,7.871,-191.4,9.8
7.5805,7.7681,-197.0,9.9
7.5896,5.556,-195.5,9.9
7.5828,8.797,-196.5,9.9
7.5846,5.7618,-191.4,9.9
7.5808,8.0768,-192.7,9.9
7.5809,5.8647,-201.2,9.7
7.5792,7.0993,-190.7,9.8
7.5779,3.5497,-195.2,9.7
7.5817,7.0993,-197.0,9.7
7.5762,7.3566,-206.3,9.7
7.582,6.1733,-202.7,9.7
7.5845,6.5849,-213.1,9.7
7.5836,5.1959,-201.2,9.7
7.5827,5.8647,-191.5,9.6
7.5834,8.1797,-201.2,9.5
7.5861,6.5849,-201.2,9.6
7.5798,7.4594,-203.2,9.6
7.5843,6.0704,-202.7,9.6
7.5923,6.8936,-212.7,9.7
7.5777,5.8647,-206.9,9.5
7.5828,6.7907,-201.2,9.6
7.5829,6.8936,-213.9,9.7
7.5822,7.6652,-213.9,9.6
7.5789,7.4594,-205.8,9.6
7.5785,9.1571,-201.2,9.5
7.5736,7.1508,-203.2,9.6
7.5804,6.6878,-213.7,9.6
7.5791,9.1571,-195.2,9.7
7.5862,9.7744,-195.7,9.6
7.5828,8.8999,-197.0,9.6
7.581,7.6652,-201.0,9.7
7.5797,9.8773,-201.5,9.7
7.5802,9.6716,-201.9,9.7
7.5857,9.3629,-190.4,9.7
7.583,6.7907,-206.9,9.6
7.5787,9.6716,-206.9,9.8
7.5869,9.5687,-207.3,9.8
7.5771,6.7907,-201.0,9.8
7.5801,9.1571,-207.3,9.8
7.5799,7.0993,-213.2,9.7
7.5888,8.4883,-200.7,9.8
7.5791,9.4658,-197.0,9.7
7.5749,8.8999,-201.2,9.6
7.5763,6.9964,-202.7,9.6
7.5871,8.9513,-205.3,9.7
7.5808,4.5786,-198.0,9.6
7.5862,8.1797,-201.2,9.5
7.5836,8.2826,-202.5,9.6
7.5821,7.1508,-190.0,9.6
7.5858,8.1797,-197.0,9.6
7.5848,6.482,-190.0,9.6
7.5762,6.7907,-211.8,9.6
7.5887,6.5849,-213.9,9.5
7.5834,8.1797,-201.7,9.5
7.583,8.6941,-191.4,9.6
7.583,9.26,-190.9,9.5
7.5793,8.3854,-201.2,9.6
7.5884,7.4594,-198.0,9.7
7.5816,7.5623,-213.0,9.5
7.5823,9.26,-202.7,9.6
7.5802,7.6652,-202.7,9.6
7.5795,8.3854,-210.1,9.5
7.5812,7.7681,-197.0,9.6
7.5788,7.4594,-196.2,9.5
7.5814,7.871,-203.9,9.5
7.582,8.3854,-201.2,9.4
7.5817,8.4883,-201.2,9.4
7.5755,6.0704,-190.0,9.4
7.59,6.8936,-209.4,9.5
7.5808,5.1959,-201.2,9.4
7.5824,6.3791,-200.9,9.3
7.5741,7.4594,-203.9,9.4
7.5839,7.1508,-194.7,9.3
7.5831,7.5623,-191.4,9.3
7.5803,7.2537,-190.0,9.3
7.5841,7.4594,-208.2,9.3
7.5807,5.9676,-213.9,9.4
7.58,8.4883,-206.9,9.3
7.5796,5.8647,-197.0,9.3
7.5851,9.26,-205.6,9.2
7.5772,8.6941,-212.7,9.2
7.5785,9.3629,-214.3,9.3
7.5752,8.8999,-203.7,9.4
7.585,8.4883,-213.9,9.5
7.5834,9.3629,-214.2,9.5
7.5808,6.5849,-200.0,9.4
7.5763,8.5912,-198.7,9.5
7.5786,8.4883,-200.5,9.6
7.5866,8.5912,-202.7,9.6
7.5813,8.4883,-213.0,9.5
7.5886,6.7907,-202.0,9.6
7.5762,6.6878,-202.7,9.5
7.5806,6.6878,-211.8,9.5
7.5754,6.2762,-212.3,9.5
7.5802,7.0993,-213.9,9.5
7.5814,6.9964,-201.9,9.5
7.5785,8.9513,-213.9,9.6
7.5784,9.4658,-203.2,9.7
7.5765,8.0768,-212.5,9.6
7.5807,8.0768,-213.6,9.7
7.5816,7.9739,-214.9,9.7
7.5774,8.5912,-213.9,9.7
7.5775,9.4658,-206.9,9.7
7.5793,9.4658,-201.2,9.6
7.5785,9.0542,-208.7,9.6
7.5788,9.26,-203.0,9.6
7.5835,9.3629,-201.2,9.6
7.5776,9.26,-202.7,9.7
7.5821,9.3629,-202.7,9.8
7.5804,9.26,-213.9,9.8
7.5807,9.7744,-204.7,9.7
7.5791,9.0542,-200.5,9.6
7.5827,7.871,-201.9,9.5
7.5802,7.5623,-191.4,9.6
7.5781,8.3854,-191.7,9.6
7.581,8.3854,-202.0,9.6
7.5822,7.2537,-209.0,9.6
7.5801,7.6652,-201.2,9.6
7.575,9.1571,-191.5,9.6
7.5785,7.871,-197.0,9.7
7.5792,8.0768,-213.9,9.7
7.5814,7.871,-201.2,9.7
7.5746,8.6941,-191.5,9.8
7.5828,7.9739,-192.0,9.9
7.5712,7.871,-212.3,9.8
7.5818,7.9739,-200.7,9.9
7.5766,8.1797,-202.9,9.8
7.5747,7.5623,-194.5,9.8
7.5775,6.8936,-197.7,9.7
7.578,6.1733,-203.5,9.7
7.5818,6.2762,-190.0,9.7
7.5777,7.3566,-197.0,9.6
7.5819,7.0993,-200.4,9.7
7.5788,8.6941,-203.0,9.9
7.5751,9.3629,-195.5,9.7
7.5767,9.6716,-191.7,9.7
7.5786,8.0768,-190.9,9.7
7.5782,8.3854,-200.5,9.7
7.5746,6.0704,-197.0,9.7
7.5775,8.1797,-189.0,9.7
7.5765,7.6652,-191.4,9.7
7.5781,7.6652,-189.0,9.8
7.5806,5.8647,-190.0,9.8
7.5746,7.6652,-185.0,9.7
7.5738,6.3791,-191.4,9.9
7.5698,5.4531,-213.9,9.5
7.5672,5.8647,-213.9,9.5
7.567,5.556,-207.1,9.5
7.569,5.093,-214.2,9.6
7.5682,5.093,-212.0,9.5
7.5675,5.4531,-203.0,9.5
7.5677,4.8872,-199.0,9.5
7.5662,4.7843,-207.5,9.5
7.5663,4.0641,-201.2,9.6
7.5679,4.167,-202.7,9.6
7.5686,4.6814,-213.9,9.6
7.5694,5.6589,-213.9,9.6
7.5669,4.6814,-206.9,9.7
7.5679,3.4982,-206.6,9.6
7.5676,4.167,-208.3,9.6
7.5686,3.3953,-201.2,9.6
7.5666,3.6526,-206.9,9.7
7.5671,3.5497,-201.2,9.6
7.5693,3.4982,-207.8,9.5
7.5675,3.8583,-212.5,9.7
7.5697,3.0867,-211.8,9.7
7.5681,3.0867,-213.0,9.7
7.5671,0.0514,-212.5,6.9
7.573,0.6688,-206.9,7.1
7.574,0.7717,-195.5,7.1
7.5752,0.5659,-195.5,7.0
7.5736,0.1543,-213.9,7.1
7.5748,0.8746,-212.5,7.3
7.5756,0.8746,-212.4,7.2
7.5417,0.3601,-199.5,6.6
7.5484,0.8746,-212.1,6.7
7.5544,2.1607,-212.5,6.4
7.5567,1.7491,-201.7,6.7
7.5581,1.7491,-201.2,6.7
7.5633,1.2861,-208.3,6.8
7.5724,2.4693,-197.0,6.8
7.5599,1.7491,-201.2,6.8
7.5782,2.0578,-192.5,6.8
7.5806,1.852,-202.2,6.8
7.5813,1.1832,-196.0,6.8
7.5759,2.4693,-201.2,6.9
7.5753,2.0578,-206.9,6.9
7.5568,2.0578,-202.7,6.9
7.5629,1.4919,-203.0,6.9
7.5564,1.852,-195.5,7.0
7.564,1.389,-208.7,6.9
7.5721,0.8746,-202.7,6.9
7.5538,1.5948,-202.7,7.0
7.5604,1.4919,-195.0,7.0
7.556,0.8746,-206.9,7.0
7.5732,0.463,-201.2,7.0
7.5641,0.0,-197.0,7.0
7.5587,0.7717,-213.9,7.0
7.5973,0.8746,-197.0,6.9
7.6015,0.5659,-201.0,6.8
7.5854,0.7717,-213.9,6.8
4.5511,3.8583,-213.9,10.4
4.5812,2.778,-207.4,10.5
4.5826,3.9612,-213.9,10.3
4.5566,4.167,-213.9,10.3
4.5334,2.2636,-209.9,10.5
4.5686,2.8809,-206.9,10.4
4.58,1.9549,-211.2,10.4
4.5248,2.1607,-202.7,10.4
4.5809,2.3664,-203.5,10.3
4.569,1.852,-201.2,10.4
4.5516,2.8809,-206.9,10.4
4.5634,3.1896,-213.9,10.4
4.5629,2.778,-206.9,10.4
4.5732,1.852,-204.7,10.4
4.5701,2.1607,-200.2,10.6
4.589,2.2636,-205.3,10.5
4.5702,3.0867,-213.9,10.5
4.571,2.3664,-201.2,10.4
4.5741,1.9549,-196.7,10.3
4.5822,1.5948,-213.9,10.3
4.5585,2.1607,-202.7,10.1
4.5705,2.0578,-206.9,10.1
4.5752,2.6751,-212.5,10.2
4.5765,2.9838,-213.9,10.2
4.5717,3.0867,-206.9,10.2
4.6033,2.2636,-202.2,10.2
4.5699,1.852,-212.0,10.2
4.5659,2.6751,-201.2,10.2
4.5928,1.9549,-202.7,10.2
4.5463,2.8809,-202.7,10.3
4.5581,2.9838,-209.4,10.2
4.5576,2.8809,-202.7,10.3
4.5736,2.8809,-211.1,10.4
4.5782,2.6751,-192.2,10.3
4.5771,2.3664,-206.9,10.1
4.571,2.6751,-202.7,10.2
4.5774,2.1607,-206.9,10.3
4.5748,2.5722,-195.2,10.3
4.5802,1.9549,-195.5,10.1
4.5932,2.6751,-202.7,10.1
4.5617,1.7491,-212.3,10.1
4.59,3.2924,-206.9,10.0
4.1901,3.7554,-214.2,10.0
4.2015,3.1896,-213.9,10.1
4.1695,3.0867,-202.7,10.1
4.1461,1.9549,-200.5,10.1
4.1388,2.5722,-206.9,10.1
4.1134,1.4919,-202.7,10.3
4.0877,1.0803,-202.7,10.4
4.0732,1.5948,-202.7,10.5
4.0585,1.9549,-208.3,10.6
4.0499,0.8746,-197.0,10.6
3.8646,0.463,-205.9,9.8
3.8583,0.5659,-201.2,9.9
3.8581,1.6977,-206.9,10.2
3.8575,0.2572,-201.5,10.1
3.8426,0.1543,-206.9,10.1
4.2876,0.6688,-201.2,9.9
4.3362,1.5948,-206.5,9.9
4.3499,1.6977,-212.5,9.8
4.3592,1.4919,-197.0,9.9
4.3708,0.3601,-210.6,9.8
4.3995,0.6688,-208.5,9.9
4.5007,1.0803,-202.7,9.8
4.5065,0.8746,-213.9,9.8
4.8011,1.7491,-195.7,0.6
4.8227,4.0641,-201.2,0.3
4.8385,3.7554,-201.2,0.2
4.8448,3.7554,-202.7,0.1
4.6265,0.7717,-201.2,11.8
4.6327,0.7717,-202.2,12.0
4.603,1.9549,-200.4,11.7
4.5271,2.6751,-202.7,11.6
4.5587,2.0578,-196.7,11.8
4.5278,5.8647,-206.9,11.5
4.7568,4.5786,-211.8,11.9
4.5981,4.0641,-214.2,11.7
4.74,5.093,-213.7,12.4
4.6833,0.0,-205.1,11.2
4.7416,0.2572,-200.7,10.9
4.8089,2.2636,-209.5,11.1
4.6858,2.2636,-205.2,11.7
4.7572,2.5722,-198.5,11.0
4.7653,4.2699,-197.0,10.7
4.8289,4.0641,-211.3,11.0
4.7248,4.0641,-201.0,11.1
4.8153,3.9612,-211.5,11.0
4.8027,2.9838,-212.0,11.0
4.7802,3.7554,-201.7,11.6
4.8016,3.0867,-213.9,11.3
4.74,2.0578,-207.5,11.3
4.8179,3.5497,-213.2,11.5
4.8531,2.778,-200.7,11.2
4.8304,2.9838,-203.0,11.1
4.8296,3.2924,-210.8,11.3
4.7234,2.8809,-213.9,11.2
4.8034,4.2699,-206.9,11.1
4.8235,3.1896,-211.5,11.4
4.8195,3.7554,-212.7,11.4
4.8291,2.8809,-213.9,11.4
4.7864,4.0641,-205.1,11.7
4.8512,3.9612,-213.1,11.5
4.8345,4.4757,-206.9,11.4
4.7782,2.778,-214.1,11.6
4.8484,2.778,-203.0,11.4
4.7531,3.6526,-212.5,11.3
4.7984,3.3953,-212.6,11.4
4.7621,4.2699,-212.5,11.6
4.8223,2.9838,-207.9,11.7
4.7193,3.5497,-202.4,11.7
4.738,2.8809,-213.9,11.6
4.8179,3.0867,-199.0,11.3
4.8062,3.5497,-203.5,11.5
4.8421,3.1896,-213.1,11.2
4.8095,2.778,-213.9,11.2
4.8386,1.1832,-196.0,11.3
4.8185,2.9838,-203.0,11.4
4.8649,1.4919,-213.6,10.8
4.8541,1.1832,-202.7,10.6
4.8792,3.5497,-212.3,11.5
4.8539,2.9838,-200.5,11.4
4.8671,2.3664,-202.7,11.1
4.8714,4.0641,-201.7,11.1
4.8317,3.1896,-213.2,11.0
4.8447,3.3953,-194.7,11.1
4.8528,1.9549,-212.5,11.2
4.8251,1.6977,-206.9,11.1
4.8756,2.0578,-197.4,11.2
4.8461,2.9838,-211.5,11.1
4.8679,1.1832,-191.9,10.9
4.8461,3.6526,-214.0,11.0
4.8544,3.1896,-200.5,11.2
4.8494,1.1832,-213.0,11.1
4.8655,1.4919,-210.0,11.4
4.8529,0.6688,-213.0,11.5
4.8689,0.6688,-201.2,11.6
4.8391,0.8746,-213.9,11.6
4.8608,0.3601,-205.2,12.1
5.0766,2.1607,-202.0,11.8
5.0847,2.0578,-194.5,11.8
5.0728,0.0514,-213.9,12.1
5.0692,0.463,-206.9,11.8
5.0719,0.0,-197.2,12.1
11.5286,8.4883,-202.2,10.5
11.5292,4.6814,-203.5,10.5
11.5251,4.7843,-202.7,10.5
11.9157,1.5948,-190.0,0.0
11.9213,1.5948,-212.5,9.2
11.9232,0.8746,-193.5,9.6
11.922,0.6688,-205.8,10.5
11.9111,1.0803,-188.7,11.8
11.9224,1.389,-189.5,8.5
11.9153,1.5948,-212.5,8.5
11.9332,0.9774,-212.5,9.2
11.9167,0.8746,-201.2,8.7
11.9224,0.3601,-201.2,10.8
11.9251,0.0,-201.2,10.8
11.9236,0.0,-201.2,10.8
11.9248,0.0,-199.9,10.8
11.9326,0.0,-201.2,10.8
11.9257,2.3664,-213.9,10.2
11.9219,1.6977,-201.5,10.1
11.9217,2.0578,-201.2,10.2
11.9169,2.2636,-206.9,10.1
11.922,2.9838,-206.9,10.1
11.9256,2.778,-202.7,10.1
11.9197,2.3664,-201.5,9.9
11.9179,2.5722,-191.4,9.8
11.9345,2.4693,-201.2,9.7
11.9343,3.4982,-197.0,9.7
11.9231,2.778,-201.2,9.7
11.9316,4.167,-201.2,9.6
11.9318,3.7554,-196.0,9.6
11.927,4.2699,-208.3,9.6
11.9207,4.2699,-213.9,9.6
11.9257,3.8583,-201.2,9.5
11.9423,3.8583,-206.9,9.4
11.9258,3.1896,-213.9,9.3
11.9257,3.5497,-213.9,9.3
11.9243,0.463,-212.5,10.8
11.9318,1.2861,-213.9,10.8
11.925,0.8746,-213.9,10.8
11.931,0.0,-213.9,10.7
11.9309,2.778,-206.9,10.7
11.9353,3.5497,-213.9,10.6
11.9249,2.4693,-206.9,10.8
11.9288,1.2861,-213.9,10.9
11.932,0.8746,-212.5,10.8
11.9212,2.3664,-191.0,2.1
11.9422,2.1607,-188.4,0.6
11.9328,0.463,-202.7,1.8
11.9352,0.463,-202.9,1.1
11.9382,2.778,-213.9,1.0
11.938,3.7554,-202.7,1.7
11.9309,7.5623,-192.7,1.3
11.9543,9.1571,-201.2,1.3
11.9402,8.9513,-199.4,1.7
11.9315,9.6716,-191.4,1.5
11.9278,10.7519,-197.7,1.0
11.9435,5.6589,-190.2,1.3
11.9376,2.2636,-191.0,10.4
11.9305,8.1797,-201.7,10.9
11.9273,9.1571,-214.2,10.9
11.9402,9.26,-206.9,10.9
11.9337,9.4658,-213.9,10.7
11.9352,5.556,-205.8,10.8
11.9347,5.4531,-199.4,10.8
11.9322,5.3502,-191.7,10.8
11.9271,4.5786,-188.7,10.9
11.9346,3.2924,-197.0,11.0
11.935,4.5786,-191.7,10.7
11.9352,3.9612,-201.2,10.9
11.9367,4.0641,-198.7,11.1
11.9296,4.167,-190.0,10.9
11.9324,4.4757,-189.7,10.9
11.9366,5.093,-197.0,10.9
11.93,4.2699,-190.4,10.9
11.9369,5.093,-197.0,10.9
11.9305,3.9612,-187.0,10.8
11.9363,4.0641,-202.0,10.8
11.9301,2.2636,-206.9,10.9
11.9336,2.2636,-191.7,10.7
11.9363,3.3953,-202.7,10.8
11.9277,3.8583,-213.9,10.9
11.9284,3.2924,-205.8,10.8
11.9318,3.1896,-197.2,10.8
11.9319,2.2636,-188.2,10.8
11.9329,1.5948,-197.0,10.7
11.9344,1.4919,-201.2,10.8
11.9382,2.1607,-191.4,10.7
11.9358,2.0578,-190.0,10.6
11.9369,2.0578,-197.0,10.5
11.9337,1.1832,-202.7,10.7
11.9336,1.389,-213.9,10.6
11.9361,1.4919,-202.7,10.7
11.9338,1.0803,-190.0,10.6
11.9281,2.8809,-213.9,10.9
