FOC_pred,FOC_act,PERC,stw,draft,trim,sensor_wind_speed,sensor_wind_dir,comb_waves_height,comb_waves_dir
43.82,42.43,3.2743628
44.86,44.35,1.1410118
45.75,47.04,2.7443924
148.02,150.24,1.4792109
90.39,88.32,2.3460734
40.95,41.28,0.7946639
42.83,42.34,1.1586728
40.51,40.03,1.1939796
43.35,43.1,0.5759304
43.68,43.3,0.898105
40.79,40.99,0.48898143
41.5,40.61,2.2033615
49.08,49.06,0.057077378
177.41,179.04,0.9128513
41.15,39.46,4.3046927
44.37,46.37,4.3072066
41.4,42.24,1.9886998
41.31,40.51,1.9797686
43.26,43.1,0.35218513
78.11,77.66,0.5724109
42.86,44.06,2.7402642
47.85,45.5,5.150671
41.0,41.28,0.670178
41.07,41.09,0.040674135
41.47,40.32,2.8613825
41.71,42.14,1.0319252
40.27,24.67,63.22955
41.39,41.57,0.42309663
41.01,41.95,2.2410254
150.46,148.61,1.2429904
41.27,40.8,1.1605936
40.24,39.84,1.015577
148.91,148.99,0.054514695
76.26,90.72,15.943341
48.08,41.57,15.656108
43.12,44.54,3.2015574
91.79,91.97,0.19802679
40.82,40.51,0.7526381
43.73,43.78,0.10624266
43.35,43.87,1.1858498
41.06,38.59,6.3989096
117.38,117.22,0.14092276
42.77,44.54,3.99
40.84,40.99,0.36725023
40.75,41.09,0.82385314
43.58,43.3,0.6588053
89.09,88.13,1.0930375
41.41,40.22,2.960753
41.62,39.55,5.2252154
43.58,44.54,2.1682045
39.93,40.13,0.48096293
43.66,43.2,1.061934
41.22,40.9,0.7952323
43.33,43.58,0.58251506
40.34,40.7,0.89264524
102.85,100.13,2.7199528
175.52,177.7,1.2222763
45.02,45.02,0.018156754
45.11,44.54,1.27816
40.14,40.61,1.1485049
43.29,43.39,0.22749987
42.57,42.72,0.36147648
40.13,40.51,0.9359341
43.71,43.68,0.06426822
43.55,43.3,0.5928305
177.54,177.41,0.07399404
46.67,48.19,3.1507425
43.07,41.95,2.6761894
45.18,47.33,4.5308156
43.43,42.43,2.3553994
175.28,177.98,1.5183518
40.85,39.74,2.779928
42.28,41.18,2.67014
42.72,36.77,16.183838
39.95,40.42,1.1432954
41.01,40.32,1.7192818
40.89,40.8,0.21531536
43.94,44.06,0.28699398
149.56,150.24,0.45089802
40.09,40.51,1.030068
44.14,43.58,1.2650714
78.41,76.42,2.61287
39.95,40.32,0.90828013
43.49,43.87,0.8712451
42.51,42.43,0.17843635
42.28,42.24,0.10587049
41.78,41.76,0.043901905
43.45,43.97,1.1886312
40.77,41.18,1.005341
40.76,41.28,1.252215
43.97,43.3,1.5599412
41.04,41.09,0.118308716
41.08,41.09,0.021641498
40.5,41.38,2.1162646
44.09,44.45,0.81143844
44.21,44.64,0.9527429
44.17,44.26,0.19393273
45.95,45.12,1.8370321
43.11,43.1,0.025487956
77.44,77.76,0.4085788
45.39,44.54,1.8987676
45.84,47.9,4.305781
40.57,40.8,0.5552816
43.22,42.34,2.0801616
40.74,40.42,0.7924256
39.98,40.13,0.36101213
41.45,42.14,1.6368693
41.34,40.61,1.7917278
44.62,43.78,1.9369417
47.69,43.3,10.137521
42.14,41.86,0.6702971
90.24,88.8,1.621736
41.6,41.86,0.61077446
40.64,40.7,0.16425954
43.2,43.39,0.43309197
88.05,69.79,26.155842
92.45,92.45,0.0073778545
77.59,77.86,0.34531987
43.81,41.47,5.631011
151.3,149.95,0.901035
41.56,40.7,2.1129565
40.74,41.28,1.2964796
40.96,40.61,0.8633608
15.83,16.22,2.425521
42.18,42.34,0.37411714
44.5,42.14,5.6013064
43.37,43.49,0.25992712
46.43,47.42,2.0947936
44.26,43.78,1.1148857
41.22,40.51,1.7558228
73.88,80.74,8.49013
40.62,41.28,1.5912685
43.64,44.45,1.8123245
86.1,85.06,1.2279453
40.76,44.16,7.692869
77.86,77.57,0.38077137
41.24,40.9,0.85154426
147.94,148.7,0.5168147
40.33,40.99,1.6235262
41.04,40.7,0.8242217
46.79,48.0,2.528397
149.45,149.28,0.11510532
41.61,40.51,2.702708
44.51,45.41,1.9845281
42.28,41.28,2.412297
45.17,43.78,3.1807792
108.99,108.77,0.2043708
41.02,41.28,0.62602437
43.48,43.49,0.013280564
41.49,42.34,1.9920475
92.21,89.09,3.5040765
46.92,47.71,1.6583363
43.29,44.26,2.1929424
44.12,44.54,0.94138515
43.71,43.1,1.4109353
41.87,40.99,2.1513693
40.98,41.18,0.48752618
41.06,41.66,1.4547745
40.96,40.7,0.63038474
78.28,78.14,0.16791815
43.58,44.26,1.5206295
44.45,44.83,0.8556691
47.9,46.56,2.8683228
40.05,40.9,2.059056
77.56,78.72,1.472758
43.54,43.68,0.321245
43.36,28.61,51.55397
40.36,39.65,1.7882837
44.15,45.22,2.3537972
76.77,76.99,0.29039302
43.21,41.38,4.4319396
149.68,149.38,0.20575093
42.97,43.78,1.8496437
46.66,47.71,2.1991515
43.32,43.87,1.2671138
47.65,45.7,4.286943
44.19,44.35,0.3689725
40.88,41.66,1.88206
42.58,41.86,1.7285621
78.41,76.9,1.962791
44.75,45.12,0.81584805
146.32,148.7,1.6030841
105.0,112.8,6.9178658
44.59,43.68,2.0785646
119.08,124.51,4.3604436
44.62,43.87,1.7119793
149.21,148.51,0.4726041
42.91,43.2,0.66275066
40.47,40.7,0.5799926
43.36,43.87,1.1563039
41.13,40.99,0.33295777
40.6,40.32,0.69069487
47.17,47.71,1.1464479
31.79,41.57,23.53156
40.81,40.42,0.9800646
77.52,77.76,0.3117887
143.39,144.77,0.9522092
44.1,44.35,0.5763416
46.01,45.02,2.1866138
44.55,43.78,1.7605329
40.14,40.32,0.44632527
40.98,41.47,1.1812022
42.96,43.78,1.8555518
147.08,151.68,3.032111
43.31,43.78,1.0739205
43.5,43.39,0.23954387
88.39,92.35,4.291997
43.92,43.87,0.11247931
42.21,40.9,3.2146306
47.24,46.46,1.6756786
43.97,43.78,0.4346956
42.24,41.57,1.6160797
42.41,43.58,2.6974733
151.02,150.53,0.32545352
43.5,43.68,0.4194508
43.34,43.78,1.0052619
182.81,178.46,2.4328356
41.75,41.95,0.47058117
43.3,43.2,0.23297027
77.0,79.58,3.2464519
49.05,50.78,3.4211411
47.54,45.41,4.695695
43.2,44.06,1.9677324
44.28,45.22,2.0767136
147.55,148.61,0.71339726
41.36,40.8,1.3749646
43.94,44.16,0.5061644
40.46,40.9,1.0678093
41.01,40.8,0.5267555
41.05,41.38,0.79093015
40.92,40.42,1.2429763
46.66,46.46,0.4236938
40.88,40.99,0.26656908
78.86,76.7,2.8043675
41.39,40.22,2.8991187
44.29,45.31,2.2519948
147.86,148.61,0.5062442
44.02,42.24,4.205153
40.13,39.74,0.9823632
43.69,43.58,0.24603328
40.57,40.7,0.31895983
43.97,43.68,0.6608998
41.72,41.86,0.3225213
78.8,77.57,1.5936669
43.8,44.83,2.309563
44.78,44.64,0.3223949
40.56,41.28,1.7331183
41.81,41.76,0.11234905
43.55,44.06,1.1567976
44.08,44.74,1.4626247
43.36,43.68,0.72632957
150.09,150.24,0.098515876
43.24,44.35,2.5046594
40.23,40.9,1.6377939
44.4,44.45,0.11544162
41.16,41.57,0.9723587
43.39,43.2,0.44913647
45.52,43.68,4.2057734
47.14,46.75,0.8268605
44.31,44.35,0.0959437
40.46,40.9,1.0779486
41.51,41.66,0.372616
41.47,41.28,0.46913013
43.34,43.58,0.5663579
41.17,40.61,1.3906528
40.19,40.7,1.2530097
90.79,98.69,8.002692
148.48,148.42,0.0437769
41.57,40.8,1.8763356
44.84,43.78,2.4296997
43.66,43.58,0.1759256
40.63,40.03,1.5014366
178.8,177.6,0.6772978
43.53,41.76,4.228897
41.3,40.61,1.6934295
46.9,46.37,1.1449193
46.75,48.96,4.521211
41.24,41.66,1.0090123
41.07,40.7,0.9061875
43.07,43.1,0.082959756
44.1,44.06,0.07619179
44.08,41.57,6.0371017
40.75,39.74,2.5230618
43.42,43.87,1.036373
41.64,43.78,4.880444
41.61,41.18,1.0370189
40.85,40.9,0.116644144
43.85,42.34,3.580883
40.9,40.99,0.23578498
43.17,44.54,3.0938494
43.71,43.58,0.29020724
46.55,45.98,1.2400255
108.59,104.64,3.771731
41.16,40.7,1.111458
44.21,45.98,3.8677068
76.77,78.72,2.4821408
44.03,44.83,1.7901304
43.77,45.89,4.6199503
45.03,45.31,0.61379313
40.0,39.84,0.40149117
40.48,40.32,0.3879789
44.98,45.22,0.5281739
147.77,148.13,0.24118957
43.82,43.49,0.7706587
40.09,40.61,1.287742
102.06,92.54,10.280194
40.96,41.28,0.7867813
41.22,40.51,1.7574236
40.78,41.09,0.75091636
76.57,77.66,1.4053138
44.95,44.74,0.4758992
40.14,40.22,0.19942187
47.7,49.34,3.3278253
40.93,41.47,1.3067766
147.13,147.07,0.038719676
149.37,153.12,2.4473655
40.1,40.13,0.06258012
40.68,41.28,1.4575323
42.05,41.95,0.23755476
43.82,43.87,0.113522716
42.99,43.2,0.47870037
40.29,40.8,1.2609538
40.75,40.32,1.0787116
44.07,43.87,0.4498303
49.3,49.15,0.3061956
45.39,46.66,2.7206292
41.69,42.82,2.6328323
40.03,40.03,0.0005526889
40.69,40.51,0.4434849
48.93,49.06,0.25030062
91.49,92.16,0.72881573
117.85,117.31,0.46066946
40.62,40.9,0.66278684
43.65,43.2,1.0324318
47.31,48.0,1.4335315
41.14,41.18,0.09972084
44.3,44.45,0.34155306
41.57,40.22,3.3474386
44.84,46.37,3.3020067
44.2,43.58,1.4158423
45.33,45.41,0.16574207
41.41,42.43,2.4028225
40.8,41.28,1.1670682
40.34,40.03,0.77345955
42.26,40.7,3.819599
43.92,43.68,0.5562052
144.85,145.34,0.33646312
40.74,41.09,0.8480385
43.52,44.26,1.66356
41.16,40.32,2.0783288
44.07,43.68,0.8975368
43.37,44.16,1.7860057
43.37,43.58,0.4951737
40.85,40.7,0.35168618
41.73,41.95,0.53368664
40.68,41.18,1.233793
40.96,40.32,1.579277
42.52,34.46,23.369415
44.28,44.74,1.0260696
46.94,46.08,1.8555008
40.81,40.99,0.4513109
41.94,42.05,0.2540682
93.99,90.53,3.8222232
43.94,44.64,1.5782541
40.14,40.03,0.25910628
45.34,45.31,0.07246005
46.55,47.52,2.0484972
44.21,44.93,1.5883025
44.47,43.87,1.3552643
45.7,47.62,4.024443
46.59,47.42,1.7481536
40.26,42.82,5.971209
40.91,40.9,0.041760564
46.54,75.65,38.476753
43.67,43.39,0.6310708
44.5,44.83,0.74865305
41.34,40.99,0.8552545
42.22,41.47,1.8072901
47.83,49.44,3.251119
45.13,45.5,0.81132734
147.81,149.28,0.9843595
41.78,40.8,2.3946295
47.19,46.56,1.3549794
43.57,43.58,0.029110873
43.37,42.24,2.6683643
123.8,120.19,3.0053117
41.58,40.7,2.1416156
45.35,47.14,3.7935586
41.23,41.18,0.10225879
43.63,43.78,0.3387095
40.33,40.8,1.1401551
30.13,29.95,0.5845395
40.09,41.28,2.8920822
39.99,41.38,3.3505094
42.89,41.38,3.6710746
42.63,41.66,2.3130445
148.33,148.99,0.44394192
48.69,38.5,26.480488
41.03,39.36,4.2312613
40.45,40.13,0.8000712
53.15,43.39,22.48347
41.55,40.03,3.7980595
40.82,40.61,0.5133045
43.37,43.78,0.91813815
43.28,43.39,0.24742082
44.36,44.74,0.83501077
43.58,43.49,0.21722582
39.81,40.7,2.196928
46.75,46.18,1.2423706
74.33,74.02,0.4200311
45.47,44.26,2.7445288
43.17,43.1,0.16336186
46.58,48.1,3.1476803
43.74,44.16,0.94347245
42.38,41.86,1.2491001
40.79,40.7,0.21196198
43.98,43.3,1.5867347
43.14,40.8,5.738408
41.64,40.99,1.5801605
40.81,40.8,0.03048953
44.32,43.97,0.7952405
77.96,77.66,0.3867057
151.51,152.26,0.48888335
178.12,177.6,0.29018334
40.81,41.76,2.263579
48.2,61.92,22.159203
41.17,40.7,1.1341096
40.63,42.72,4.898957
41.41,40.61,1.9703444
77.6,77.57,0.047683716
46.97,45.79,2.5799108
43.81,43.39,0.9630634
80.2,76.8,4.4263697
46.93,46.75,0.39034718
45.71,47.62,4.010792
44.39,44.64,0.56706023
43.47,44.06,1.3546314
40.38,40.9,1.2676761
49.43,44.26,11.688889
151.39,148.9,1.674874
40.76,42.72,4.5869055
45.54,45.98,0.9571004
50.59,48.29,4.7643113
43.44,43.39,0.121881835
76.41,77.57,1.4865359
78.56,78.91,0.45141935
70.2,73.06,3.9062529
43.35,43.3,0.12727112
41.08,41.18,0.24853332
41.62,41.57,0.11526317
84.89,89.95,5.627357
149.09,151.39,1.5230467
40.3,40.51,0.53380525
45.48,44.45,2.3210452
41.59,41.57,0.05847587
41.77,41.47,0.7176841
43.87,43.58,0.66110396
41.64,41.86,0.51650983
42.86,43.3,1.0013932
92.41,92.16,0.27011666
40.46,40.22,0.58647746
46.61,46.46,0.307358
41.32,42.62,3.0614772
40.84,40.61,0.5638533
43.07,43.1,0.0834288
45.36,47.33,4.165063
44.75,43.97,1.7762966
43.99,45.6,3.5228562
103.78,104.54,0.72825307
44.94,44.64,0.6753997
41.08,40.7,0.9161497
78.76,77.76,1.2804843
30.14,32.54,7.390074
43.24,43.78,1.235071
147.16,149.28,1.4178061
46.52,44.06,5.56884
45.61,44.16,3.2898135
175.13,177.6,1.3926394
151.03,150.62,0.26787776
45.19,44.45,1.6779929
144.97,144.0,0.6718847
44.34,51.07,13.171999
41.21,41.66,1.099518
40.17,40.42,0.6166037
40.68,40.32,0.886463
41.79,41.76,0.07049334
41.33,40.99,0.814969
41.47,41.76,0.6967852
152.77,151.3,0.97244316
43.18,43.1,0.18469033
78.58,76.9,2.195574
43.6,43.68,0.17414163
41.12,40.99,0.31488562
39.26,50.98,22.989897
45.83,47.33,3.1555884
40.74,40.42,0.80790484
45.15,45.7,1.1941298
44.85,45.12,0.59887874
77.41,79.39,2.4912386
44.5,45.12,1.367804
43.83,43.97,0.3055107
40.42,40.42,0.005757535
45.47,45.02,0.99907887
43.22,41.47,4.2182245
40.43,41.47,2.5220125
46.39,47.71,2.7608502
43.61,43.39,0.49257353
78.84,92.64,14.899283
42.68,41.86,1.9698972
80.81,80.64,0.21546607
41.02,40.61,1.0257635
43.66,43.78,0.25387743
41.38,40.99,0.9528461
43.26,43.3,0.090459846
43.94,43.68,0.5910685
40.6,41.09,1.1849904
43.93,45.5,3.4679592
149.45,151.2,1.155268
40.25,40.9,1.5826946
151.37,150.14,0.81393623
149.56,152.26,1.7728361
40.98,41.18,0.5067738
40.52,40.51,0.02898311
41.27,40.7,1.3838305
40.61,40.13,1.2014662
47.89,43.3,10.6075735
40.34,39.94,1.0070606
48.08,45.5,5.668016
44.24,43.68,1.2786047
43.96,45.31,2.983869
43.9,43.97,0.16597335
40.44,40.13,0.7837393
44.2,41.95,5.3519697
87.14,84.96,2.5659497
45.87,43.58,5.2556767
43.58,42.24,3.1757805
42.86,44.26,3.1485994
41.16,40.99,0.4078986
178.35,179.04,0.38657475
170.39,169.15,0.73033845
43.91,41.66,5.3942933
41.03,41.57,1.2873226
42.67,42.62,0.10997326
41.73,42.53,1.8779095
45.73,43.97,4.0081134
40.61,40.8,0.45881087
41.07,41.76,1.6525514
43.43,44.35,2.0720828
46.85,47.23,0.81918424
40.04,40.8,1.8601043
44.13,42.53,3.774064
77.66,76.8,1.122266
41.05,40.99,0.1381469
43.67,43.78,0.24838755
93.16,87.65,6.283265
41.42,41.57,0.35942656
84.14,91.2,7.743769
41.27,40.51,1.8763033
40.09,40.51,1.0481472
40.5,39.65,2.1468256
44.29,44.93,1.4256887
40.34,40.13,0.53649884
43.63,43.1,1.2154214
40.61,41.38,1.8575076
41.54,43.01,3.4198165
41.13,40.9,0.58321136
77.73,78.72,1.2631823
41.72,41.47,0.6022552
43.26,44.06,1.8306721
43.67,44.06,0.88368106
43.25,43.58,0.7663354
41.26,38.78,6.3865
44.51,45.31,1.7802845
41.94,42.91,2.2709503
44.82,46.85,4.3362055
46.88,46.46,0.9049233
43.34,43.97,1.434702
46.54,48.1,3.2327685
84.87,84.67,0.22948915
41.13,41.28,0.356482
45.76,44.45,2.9468293
47.08,46.56,1.1264582
40.97,40.99,0.053071864
42.86,45.79,6.3933754
40.38,40.22,0.3889713
40.71,40.9,0.4633212
40.63,40.42,0.5352997
44.12,41.57,6.138645
43.35,43.58,0.5288884
41.43,41.57,0.33044556
44.28,43.87,0.9374319
41.49,41.38,0.2659022
50.95,55.68,8.498622
43.34,43.97,1.4237095
92.7,89.86,3.170381
41.3,41.47,0.42108655
43.37,43.78,0.9302333
78.21,76.8,1.8359125
41.75,41.95,0.4829386
77.3,79.58,2.8662379
43.43,41.86,3.7502348
67.13,64.9,3.443044
148.32,148.7,0.25969002
41.39,40.32,2.654564
41.91,29.09,44.085686
77.46,77.38,0.107475705
43.45,43.68,0.519508
40.56,42.72,5.0584025
43.48,43.2,0.64297956
46.6,45.7,1.9732895
43.28,46.18,6.278645
44.08,44.35,0.60693526
40.41,40.99,1.4129883
45.18,42.43,6.465099
41.69,40.61,2.6571739
41.24,42.24,2.3780537
45.61,45.6,0.028417822
43.54,43.58,0.10863625
44.49,44.35,0.31358233
41.21,40.99,0.5265123
42.13,43.01,2.0421245
47.77,47.9,0.28754362
47.17,47.71,1.1286185
40.51,41.47,2.322484
43.17,42.05,2.6785347
41.33,41.95,1.484915
43.67,43.87,0.4663422
43.92,44.06,0.31800398
142.4,145.34,2.0257392
43.86,42.53,3.1290781
43.24,43.87,1.4406934
151.42,152.06,0.42027295
43.59,44.16,1.2831843
41.56,41.47,0.21549654
44.94,44.45,1.1116073
40.54,41.18,1.5650319
43.64,43.78,0.3054825
44.05,43.78,0.6297875
40.72,41.76,2.497485
43.84,44.35,1.1558657
41.74,42.82,2.5164564
45.24,42.53,6.3846483
43.48,43.3,0.43525928
42.84,43.2,0.82325935
41.81,41.57,0.5896776
47.49,46.75,1.5694503
77.64,77.18,0.59606624
46.39,47.71,2.7713242
40.88,40.9,0.043234356
43.22,43.58,0.82889843
41.36,42.53,2.7473571
45.56,45.31,0.54781556
41.33,41.18,0.35813734
41.87,41.95,0.19288081
42.37,41.57,1.9280244
43.56,43.2,0.83913624
43.69,43.2,1.1236844
43.86,45.12,2.7892184
85.72,84.58,1.3508041
46.74,45.6,2.4923024
77.34,77.95,0.78924763
41.23,41.66,1.0394281
40.72,39.74,2.4583702
40.4,40.13,0.6745497
46.44,47.71,2.6722307
41.57,41.09,1.179485
120.7,125.18,3.5828245
42.01,41.38,1.5249201
45.43,45.5,0.15944032
41.04,41.66,1.4875342
41.13,41.18,0.13150072
41.79,42.05,0.62515926
44.42,43.97,1.0370427
44.25,44.06,0.4249547
43.79,44.54,1.6862292
43.19,43.1,0.1926199
43.52,43.78,0.57891446
149.91,149.38,0.35900688
39.73,40.13,0.98242146
40.65,40.9,0.61112016
83.05,85.25,2.5832796
41.72,42.14,1.0070152
41.67,41.38,0.70491135
42.9,42.72,0.41201767
143.78,145.25,1.0117583
43.28,44.06,1.7872996
45.34,44.35,2.2264528
151.02,151.68,0.43715104
100.19,97.54,2.7187383
42.15,40.8,3.3027518
41.79,41.95,0.37471363
43.3,43.01,0.67692965
144.98,144.29,0.4761815
40.7,41.28,1.396523
40.5,39.94,1.4084367
41.11,41.66,1.3244865
41.27,41.28,0.025422074
68.41,64.42,6.1977344
43.52,43.97,1.0279155
40.17,39.84,0.8292084
41.49,40.42,2.6547143
45.24,46.85,3.425492
40.99,41.09,0.23601395
48.91,38.02,28.654903
42.26,42.14,0.27808258
79.85,78.24,2.0618477
86.78,84.38,2.8440163
41.56,41.18,0.90996426
41.0,41.09,0.21180072
43.6,43.58,0.04595072
84.22,84.77,0.6470063
39.92,40.99,2.6115022
40.46,39.94,1.3055423
40.57,40.51,0.15145041
43.21,43.97,1.7291768
43.48,43.97,1.1105031
40.41,43.58,7.2881603
40.7,40.32,0.9500034
41.25,41.76,1.2182733
43.69,42.14,3.6750767
41.04,40.7,0.83355594
43.74,44.54,1.8011308
40.33,41.47,2.7449596
44.87,43.78,2.5091116
41.01,41.09,0.18498793
43.78,43.58,0.45818555
40.48,40.8,0.77609456
75.15,89.09,15.647085
40.08,39.65,1.0968891
46.63,45.5,2.4759736
45.76,44.26,3.3879485
44.82,44.35,1.0626915
41.28,41.57,0.6922306
41.69,40.99,1.7010728
40.9,39.74,2.9085436
41.29,41.09,0.4828626
39.99,40.22,0.5843816
43.45,44.74,2.8723812
42.58,41.76,1.9676659
49.29,48.86,0.8680107
46.37,48.67,4.726041
42.66,42.43,0.5365677
180.69,177.5,1.79533
40.63,41.28,1.5636193
149.45,150.43,0.65068334
42.58,42.72,0.31632876
73.07,67.97,7.510163
41.1,40.9,0.50518435
43.41,46.27,6.1916533
72.77,85.92,15.302877
43.97,43.1,2.0002027
44.57,44.74,0.36456895
42.41,42.91,1.1583036
42.26,42.14,0.2713482
40.56,41.28,1.7422577
45.02,43.58,3.2908678
78.07,76.7,1.7843496
43.3,46.08,6.033132
40.63,41.57,2.2529728
44.96,44.45,1.1580637
43.42,43.97,1.2458932
40.48,41.28,1.9415035
46.47,41.86,11.015267
41.58,40.9,1.6691632
41.17,40.61,1.382264
43.26,41.86,3.3569536
42.8,42.24,1.3189334
44.58,44.64,0.13924842
41.2,40.8,0.98691267
44.25,44.64,0.865844
40.76,40.9,0.3386085
44.07,44.54,1.0748876
41.15,42.24,2.577061
45.44,45.98,1.1931962
42.02,41.28,1.8023059
41.23,40.7,1.2962042
47.03,47.71,1.4391062
43.77,42.53,2.9198294
45.9,45.6,0.667547
41.72,41.66,0.13278742
43.38,43.97,1.3307714
41.27,40.51,1.8599756
90.78,88.99,2.00678
44.01,44.06,0.1311129
41.96,41.66,0.71042144
78.96,77.38,2.045716
41.17,40.7,1.1492919
46.51,47.52,2.1221902
42.6,44.16,3.5315406
76.96,77.47,0.65657187
42.91,42.82,0.21181476
41.55,42.05,1.191485
24.56,31.39,21.75019
44.34,45.41,2.3480198
40.96,41.09,0.31286865
45.67,45.6,0.15389292
51.39,94.08,45.373882
78.14,78.14,0.0054771835
42.07,42.62,1.3077134
39.89,40.32,1.0761003
149.77,152.93,2.0669727
41.81,40.61,2.9628346
44.61,47.42,5.9248223
43.52,43.2,0.743186
30.93,30.82,0.37032247
45.67,45.98,0.67747706
41.23,40.51,1.7726024
46.19,45.31,1.9391967
40.35,39.74,1.5338166
47.14,48.19,2.182654
40.01,40.7,1.6933061
43.96,31.49,39.61004
43.24,43.1,0.32466167
42.17,41.47,1.6831322
44.41,43.97,0.9975232
46.05,46.94,1.8995395
44.06,43.87,0.43757892
43.79,43.68,0.24816492
40.96,40.13,2.0735288
46.44,46.27,0.3656988
43.47,44.64,2.6222796
39.35,40.13,1.9283102
40.91,41.09,0.42772368
42.31,43.68,3.1470551
41.37,41.57,0.4688715
41.49,41.66,0.42757863
47.76,46.46,2.7958603
40.94,40.9,0.11459202
41.25,42.24,2.3472307
40.38,41.18,1.9598676
42.99,41.57,3.425932
41.52,41.57,0.11863114
45.27,45.12,0.3434665
43.82,43.01,1.8866732
42.28,41.38,2.1950552
45.54,45.41,0.2807677
40.57,40.61,0.08238498
41.76,41.66,0.23151505
73.5,81.6,9.922851
43.3,43.68,0.8760442
41.55,41.47,0.17715825
43.43,43.58,0.36227545
43.76,42.72,2.426726
88.64,87.74,1.0223652
77.29,77.38,0.106371365
149.93,148.42,1.0217146
42.74,41.57,2.8232503
42.75,42.14,1.4398255
149.82,150.43,0.40793362
41.8,40.51,3.1705432
43.52,43.87,0.7947633
44.59,45.89,2.8379958
40.43,39.74,1.7300608
41.86,41.38,1.1658171
43.65,44.16,1.1617637
44.02,43.78,0.5628108
46.68,47.62,1.9563863
77.99,78.72,0.927487
41.55,39.17,6.087855
40.78,40.13,1.6176912
40.35,40.13,0.5565572
42.03,40.99,2.5324948
43.77,43.3,1.0910249
43.78,44.26,1.0753144
40.9,40.7,0.4735102
43.88,43.68,0.46274164
44.75,47.52,5.822262
78.04,77.38,0.85289365
43.82,43.87,0.1130184
43.27,43.3,0.069446236
43.68,43.97,0.6603883
113.17,110.98,1.9747287
39.73,43.01,7.616329
43.45,43.87,0.95208305
39.76,26.02,52.84742
41.2,40.22,2.4215038
40.82,41.66,2.0355399
11.72,12.86,8.890566
39.91,46.46,14.114881
40.87,41.28,0.9893817
41.47,41.38,0.22795436
42.7,42.82,0.27464464
40.98,40.61,0.9129703
44.32,43.68,1.4619688
41.08,40.99,0.20753211
12.84,12.96,0.8997137
43.3,57.22,24.326502
41.35,40.51,2.06217
41.44,40.32,2.772373
121.98,117.22,4.061037
46.75,48.0,2.609507
43.21,44.54,2.9985418
46.24,47.42,2.4966543
45.38,46.66,2.744103
43.96,43.3,1.5262313
145.81,147.36,1.0545505
41.89,41.09,1.9506408
41.34,41.28,0.13368075
40.96,39.36,4.0591054
40.82,42.62,4.231294
43.86,43.49,0.85457015
178.45,178.56,0.063509926
43.97,44.54,1.2791533
40.19,40.13,0.14788038
40.28,41.38,2.6385727
44.16,45.12,2.1372535
46.56,45.98,1.2504116
40.72,41.18,1.1289778
71.66,80.93,11.446392
75.35,77.57,2.8546886
43.36,43.58,0.5043201
149.68,148.51,0.78669405
43.47,43.87,0.9096425
44.42,44.54,0.27404433
31.65,38.4,17.586071
43.97,45.31,2.9507582
40.75,41.38,1.5042866
43.29,41.86,3.4169414
42.7,41.47,2.9650183
46.63,46.08,1.1971427
40.91,41.18,0.6657751
41.01,41.09,0.19052133
43.31,44.06,1.702061
47.08,46.85,0.4926666
46.39,46.75,0.77020955
43.48,44.35,1.9623088
44.24,42.43,4.25214
76.54,78.91,3.0089371
92.93,91.97,1.0440726
43.61,46.46,6.1340156
43.39,41.95,3.434528
43.39,43.2,0.44337907
43.23,43.39,0.37617743
40.59,41.18,1.4532049
43.88,43.49,0.896938
40.7,41.66,2.3253684
46.28,46.08,0.44138893
42.09,42.14,0.13944861
43.67,43.78,0.23743387
178.18,177.98,0.1085872
40.92,40.99,0.16569254
40.01,40.32,0.7811993
76.41,75.46,1.2651957
40.98,40.22,1.8835638
43.49,41.86,3.8925204
46.05,47.52,3.0872638
41.54,40.51,2.548009
41.42,41.09,0.804347
88.02,99.84,11.841502
44.07,44.45,0.8602722
41.0,40.61,0.95323277
43.29,43.49,0.45102164
43.18,42.43,1.7712739
40.35,40.13,0.5432864
40.6,41.38,1.8704888
41.4,40.9,1.2265497
43.3,43.2,0.2366172
48.95,49.15,0.4029367
40.35,40.51,0.40597072
41.92,41.47,1.0909306
42.33,41.28,2.5485654
41.51,41.57,0.14510679
39.84,40.42,1.4369203
76.94,77.57,0.8062561
43.94,43.49,1.046691
146.13,145.34,0.5426306
40.09,40.22,0.32626548
40.98,41.09,0.25552937
41.03,40.51,1.2757841
43.83,43.39,1.0122592
40.52,41.09,1.3794947
41.85,41.18,1.6077694
41.23,42.24,2.3843212
40.93,40.99,0.156126
151.2,153.6,1.5620886
44.27,42.34,4.5741587
41.6,41.09,1.250212
43.72,44.45,1.6385483
47.12,46.94,0.38306242
42.92,43.1,0.43440148
45.88,46.37,1.06297
41.73,41.28,1.0932878
40.8,40.99,0.4650651
111.56,114.62,2.669629
44.77,44.45,0.7198129
43.21,44.35,2.5675583
41.13,41.57,1.0467933
43.28,43.68,0.9259112
41.31,41.38,0.16329737
44.11,43.58,1.2003028
46.19,46.18,0.021256099
39.91,40.51,1.4969711
43.65,43.01,1.491491
40.19,40.61,1.0292674
46.4,47.33,1.9595864
43.87,44.26,0.88050234
47.38,45.31,4.573276
41.84,41.09,1.8353403
40.91,41.18,0.6534744
43.78,42.14,3.881887
43.31,44.93,3.59343
95.89,109.73,12.609881
44.43,43.97,1.0520958
40.97,41.66,1.6552329
41.49,42.43,2.2293487
42.98,41.47,3.6393237
44.04,45.12,2.4019659
43.55,42.24,3.1035776
44.1,43.78,0.7416944
40.31,41.18,2.1302989
40.43,41.09,1.5935887
43.3,41.76,3.693853
40.36,40.8,1.0835704
96.27,89.38,7.7178903
44.67,46.66,4.250964
40.51,41.09,1.3972832
41.82,41.38,1.0802501
40.76,41.47,1.7233653
43.27,43.39,0.2858034
43.29,43.49,0.4454603
43.3,43.68,0.8672148
43.73,44.45,1.6258035
148.47,145.82,1.8111023
41.41,40.8,1.4928275
43.69,45.7,4.3878703
147.61,148.22,0.41122058
41.2,41.57,0.895694
43.43,43.68,0.57067627
41.16,40.61,1.3539507
43.53,42.14,3.2959785
43.23,43.68,1.0293481
43.84,44.06,0.51633984
41.08,41.57,1.1746657
44.74,45.02,0.62445503
78.4,77.95,0.5759922
43.85,45.12,2.8217685
42.16,41.95,0.48919454
42.25,42.62,0.8766358
44.06,42.05,4.7859626
43.43,45.89,5.349654
147.31,150.43,2.0721571
43.42,43.3,0.2812652
41.1,42.53,3.353611
40.12,40.13,0.030230109
40.93,40.99,0.14301392
43.58,43.68,0.22653258
46.41,47.52,2.330666
43.68,42.24,3.414813
40.32,40.42,0.2451766
43.74,43.78,0.07476723
40.82,41.38,1.3375596
43.94,43.54,0.9321983
45.04,46.66,3.4595714
45.08,43.78,2.9688253
43.56,43.39,0.38124117
43.39,43.3,0.21631242
109.99,116.35,5.4706507
43.66,43.78,0.25426087
149.03,147.84,0.80547297
44.32,44.54,0.49747616
40.85,40.61,0.5926458
40.22,40.9,1.6503397
40.26,40.9,1.5602891
40.53,40.99,1.1264858
45.31,42.62,6.292747
42.74,43.3,1.2835395
40.62,41.28,1.5982455
90.35,88.32,2.2931807
87.17,84.38,3.306559
43.44,43.97,1.2108506
96.77,88.42,9.444758
79.15,76.03,4.0965953
40.66,40.7,0.10133727
40.35,39.84,1.2800492
40.84,40.42,1.0449076
42.36,42.24,0.28909153
43.94,46.08,4.636695
44.48,43.2,2.954368
42.45,43.01,1.2976339
40.58,41.47,2.1506975
43.92,43.97,0.10040824
43.24,43.3,0.12876894
47.28,47.33,0.10290365
151.29,149.57,1.148235
41.66,42.62,2.2647707
40.98,41.66,1.6350899
45.29,44.26,2.3476646
41.66,41.09,1.4037079
44.65,41.57,7.4213886
40.99,40.9,0.22888556
43.56,41.38,5.277422
44.29,44.35,0.13624778
123.52,122.4,0.91175
46.88,46.66,0.48463732
43.27,43.3,0.05719931
46.69,46.08,1.3282729
48.62,45.02,7.9869466
43.76,44.35,1.3381629
41.35,40.42,2.3072143
43.57,43.68,0.24088137
43.63,45.22,3.514472
44.97,46.94,4.2153525
40.81,41.47,1.6052138
43.11,41.95,2.756981
39.96,40.42,1.1235121
42.24,41.57,1.6217785
40.67,41.18,1.2496877
40.53,42.62,4.9036007
41.15,41.28,0.31890798
44.78,41.66,7.482223
40.31,40.22,0.20355675
43.51,44.74,2.7398865
42.43,42.05,0.9051378
40.83,40.51,0.78367394
43.34,42.53,1.914381
41.03,41.18,0.3855916
42.31,40.9,3.4634032
49.49,48.1,2.8928041
51.83,57.5,9.873216
44.26,44.64,0.8575036
43.81,43.97,0.36423036
75.76,77.66,2.4533734
43.75,43.78,0.05263334
90.78,89.47,1.4615161
179.36,178.37,0.55489
40.87,41.18,0.7572523
40.95,41.09,0.3368962
46.25,43.3,6.820983
41.06,40.32,1.8448489
44.3,45.31,2.2419512
44.51,44.06,1.0086215
41.74,42.14,0.96186596
43.75,44.45,1.5640703
46.46,47.62,2.4304676
43.37,42.05,3.1453743
43.44,43.3,0.3390284
45.21,45.5,0.6398487
48.34,43.2,11.906562
43.42,42.43,2.317461
42.0,42.72,1.6787347
42.72,42.05,1.5971504
41.46,39.07,6.1132793
45.36,45.12,0.52679515
40.31,40.9,1.4294388
43.41,43.78,0.83200765
41.12,42.53,3.3008146
43.42,41.95,3.4913592
47.59,45.89,3.7172682
143.17,144.96,1.2315345
44.53,44.54,0.028235134
149.23,151.68,1.61345
29.75,37.34,20.339346
41.92,41.57,0.84500027
43.11,42.24,2.064154
45.12,44.45,1.5028523
40.7,41.38,1.6386714
113.56,116.06,2.1563766
43.62,43.49,0.3064354
44.29,44.35,0.13920651
43.94,43.15,1.8176211
40.39,40.42,0.07536708
41.46,40.42,2.5718153
45.83,47.62,3.750494
78.18,77.18,1.293055
41.51,41.86,0.8256884
78.11,77.09,1.3220108
43.32,43.87,1.2477934
41.14,42.24,2.5944095
45.8,45.89,0.19412659
40.83,40.8,0.07474189
40.79,40.61,0.443188
39.96,40.9,2.2771306
41.13,41.66,1.2743216
40.65,39.74,2.2913043
41.55,40.7,2.067166
45.29,46.56,2.7211916
41.32,40.61,1.7606901
40.43,40.7,0.6628018
142.24,144.58,1.6161803
44.36,44.45,0.20227817
151.63,150.24,0.92527735
41.83,41.95,0.29089433
43.47,45.12,3.6463504
43.6,43.78,0.40482357
40.97,40.99,0.05843209
141.95,145.15,2.2073061
48.44,44.35,9.214335
41.15,40.9,0.62060654
43.36,43.87,1.159695
41.51,42.14,1.5036572
46.79,44.26,5.733777
41.06,40.8,0.6289856
44.12,43.78,0.7931949
43.3,43.68,0.86134607
44.77,46.75,4.246951
47.12,43.78,7.640635
40.7,40.9,0.47521415
46.92,47.23,0.6661102
40.92,40.61,0.7713564
44.47,44.64,0.3760348
43.83,44.16,0.75820565
150.11,150.62,0.3392159
40.98,41.18,0.49145353
43.09,46.08,6.479902
71.75,68.06,5.417762
43.12,42.82,0.70059067
40.67,39.65,2.58002
42.07,41.38,1.6746277
43.85,43.78,0.16425262
41.69,41.57,0.2895712
44.11,44.35,0.554478
41.05,40.8,0.61731714
40.33,40.42,0.20746002
44.08,43.97,0.26580897
175.54,178.08,1.4261758
41.91,39.36,6.4750805
43.29,43.87,1.3340136
41.84,41.09,1.8251555
44.52,44.45,0.16841209
43.25,43.39,0.32964534
40.6,39.94,1.6613362
41.55,40.61,2.3176577
148.9,149.47,0.37965262
42.88,43.78,2.0377817
147.74,148.51,0.522692
43.33,43.39,0.14108191
43.7,43.39,0.7125832
42.94,42.05,2.1165998
44.04,43.58,1.0360881
40.53,41.47,2.281009
41.27,40.9,0.9134249
41.91,42.34,1.0101614
39.55,43.1,8.239945
75.96,78.34,3.0292602
40.8,40.7,0.24203609
41.27,40.42,2.104766
40.57,41.09,1.2515397
41.09,41.76,1.615318
41.25,40.9,0.86643136
41.43,42.14,1.6985016
41.55,40.99,1.363276
40.74,40.61,0.31554294
44.37,44.16,0.4711445
43.35,43.58,0.5313128
44.29,44.64,0.78823406
45.88,46.18,0.6331806
41.0,41.57,1.3773582
43.82,43.49,0.773913
44.26,44.16,0.23724376
40.83,40.42,1.01965
43.69,43.39,0.6798183
43.17,43.68,1.1695086
43.43,45.79,5.148608
41.84,40.61,3.0312603
143.07,145.73,1.8230488
41.19,41.09,0.25668064
42.49,40.7,4.3868737
47.36,47.9,1.1260301
147.58,148.99,0.9473554
43.31,43.39,0.17957878
40.42,41.09,1.6275316
41.28,41.57,0.69313914
41.29,42.82,3.5706832
142.54,144.86,1.60749
46.85,47.23,0.80569655
43.19,48.58,11.087886
149.31,154.56,3.3957913
41.0,41.47,1.1345947
40.84,40.61,0.5797385
43.8,42.82,2.298387
40.61,39.84,1.9391665
78.27,77.66,0.77839196
44.3,45.02,1.608851
77.55,79.01,1.8477198
46.65,48.19,3.196487
44.57,44.54,0.055125736
40.81,40.8,0.02742281
46.01,44.06,4.4196086
43.41,36.58,18.688574
45.56,45.41,0.33803686
43.13,43.3,0.3867826
40.35,40.7,0.8809585
40.24,40.03,0.51575404
44.26,46.75,5.3235555
41.41,42.14,1.7301549
40.32,40.8,1.1659977
46.11,45.02,2.420279
22.55,17.76,26.972918
42.61,41.86,1.8063489
40.21,40.22,0.035231702
43.21,44.35,2.5805714
40.54,40.13,1.0319685
41.33,40.99,0.83456737
43.61,42.14,3.4854279
41.05,41.28,0.5451561
41.44,41.86,1.0056506
44.09,41.86,5.3322005
43.37,43.49,0.2727077
40.72,40.42,0.7547279
42.08,40.9,2.901851
142.37,141.02,0.95573014
44.9,43.49,3.2388437
47.65,49.54,3.8169074
120.81,110.3,9.523954
43.57,41.95,3.864627
41.3,41.18,0.27117106
45.96,45.79,0.36194307
40.82,40.8,0.051030923
41.37,40.9,1.1495302
41.82,41.09,1.7930692
43.14,41.86,3.0682814
41.35,42.34,2.320157
41.68,41.18,1.2010591
45.01,44.54,1.0513369
45.9,45.79,0.24182576
44.32,45.7,3.0087574
46.49,46.85,0.75972307
41.91,41.57,0.81723064
43.61,42.24,3.2468364
45.78,45.5,0.5982847
42.94,44.35,3.190586
40.89,40.9,0.011258655
44.46,45.22,1.6668463
44.25,44.74,1.0795518
41.58,41.28,0.737462
40.87,40.61,0.64817345
41.05,39.94,2.7886856
46.45,43.39,7.0439153
40.96,41.38,1.0124769
48.24,48.19,0.09506664
41.8,39.55,5.6962466
43.29,43.87,1.3221449
40.92,40.99,0.1731373
152.8,149.18,2.4270008
40.48,40.9,1.0155456
71.37,80.45,11.282965
43.25,41.86,3.3402026
40.89,40.61,0.6975763
41.1,40.22,2.1844604
41.68,41.09,1.4422002
98.06,96.77,1.332495
50.55,74.02,31.699287
40.73,39.74,2.482884
43.34,44.64,2.9223454
42.67,43.01,0.7965469
43.3,43.39,0.2099877
41.75,41.28,1.1362216
45.44,45.5,0.14656371
41.57,41.57,0.0050473525
40.98,40.8,0.448816
45.44,45.12,0.71445256
43.68,43.78,0.22175714
43.29,43.58,0.6843594
46.65,47.52,1.8409445
43.11,43.39,0.6448555
46.5,46.94,0.94425625
41.24,40.99,0.6096052
40.46,40.7,0.60143524
41.29,41.66,0.89179903
43.44,43.39,0.10198725
45.77,46.08,0.6741285
85.16,89.95,5.324851
40.88,40.32,1.3874826
40.1,40.32,0.55142814
43.91,44.35,1.0052198
43.02,43.49,1.0816116
43.59,43.1,1.1211338
43.63,44.45,1.84347
45.51,46.27,1.6397048
40.66,40.7,0.09868505
43.73,43.58,0.3383636
41.22,40.7,1.2688105
42.98,41.47,3.6342642
145.61,147.07,0.99129415
40.55,41.38,1.9890711
43.45,44.16,1.6129276
43.38,43.87,1.1291059
43.26,43.1,0.35990232
40.2,39.84,0.9156901
43.87,43.78,0.20904325
40.59,41.28,1.6667309
43.97,44.64,1.5048656
147.77,147.17,0.41027278
40.56,41.18,1.5132263
45.32,44.93,0.8613805
49.41,49.25,0.33646607
45.36,45.5,0.31025434
47.91,49.82,3.8327203
40.38,40.03,0.8766409
41.38,40.7,1.661592
40.07,40.51,1.0954919
41.41,40.51,2.2080836
45.23,45.5,0.6102895
77.45,80.74,4.0731306
42.51,42.43,0.17982084
43.7,43.68,0.05435594
146.8,146.78,0.012734369
41.61,41.18,1.0368893
148.63,152.45,2.5059674
41.91,42.14,0.5519924
148.05,149.28,0.8216216
41.48,40.32,2.8670402
44.17,43.78,0.89623946
104.52,100.9,3.588332
39.94,40.51,1.4139012
42.94,43.87,2.12476
41.57,41.76,0.4510679
41.08,41.86,1.8431051
40.84,41.09,0.6105205
85.58,84.96,0.73409575
44.11,41.86,5.3961983
44.76,41.66,7.4248986
41.05,42.62,3.6828153
43.25,42.43,1.9300219
44.51,44.35,0.35505617
77.91,77.47,0.5641588
40.62,42.72,4.904734
40.96,41.66,1.69019
41.66,41.76,0.23025207
44.59,46.94,5.0039706
39.57,40.32,1.8542721
40.29,40.13,0.39968383
43.56,44.26,1.5726057
40.57,40.9,0.7878913
49.87,45.7,9.129228
44.13,44.54,0.93088585
43.24,43.39,0.36155757
43.12,43.2,0.19319852
41.07,41.38,0.73502254
47.65,46.46,2.5428605
40.59,42.91,5.4064746
41.32,40.42,2.2326965
147.17,146.4,0.52260315
43.6,43.01,1.3843888
43.71,44.06,0.81275284
151.5,149.86,1.0960025
43.63,44.64,2.253013
41.16,41.57,0.9828847
45.55,43.58,4.520334
41.43,40.99,1.0595669
41.42,40.8,1.5128921
41.4,41.09,0.75927216
41.12,40.9,0.55286807
30.76,36.38,15.462362
77.8,78.72,1.1684836
40.26,41.38,2.7083375
47.51,43.68,8.770179
41.16,41.76,1.4284014
40.86,41.28,1.0253848
47.01,46.85,0.35420793
149.52,152.93,2.2309475
44.07,44.54,1.0541973
41.15,40.51,1.5808884
44.0,42.24,4.166789
34.71,41.38,16.111546
39.37,40.8,3.516674
77.58,77.47,0.14327765
48.42,47.81,1.2882903
43.03,42.91,0.28285763
141.85,144.96,2.1461039
41.57,41.38,0.47892082
150.05,145.82,2.8946643
41.38,41.18,0.46505517
40.81,40.61,0.48767775
41.11,41.38,0.65252566
42.52,42.72,0.45855838
42.93,43.3,0.8458396
45.01,44.35,1.4821258
41.06,40.51,1.3459162
40.63,40.13,1.2575154
41.19,40.42,1.9125965
41.85,40.51,3.304018
41.69,42.05,0.85504997
41.19,41.28,0.2160368
40.72,40.9,0.43770704
40.78,40.99,0.5084309
41.42,41.28,0.34250954
40.45,40.61,0.39050668
42.68,40.61,5.1030593
178.86,178.94,0.045782164
41.23,40.51,1.7810583
41.5,41.66,0.39427876
43.29,45.31,4.4664
40.2,40.03,0.42592305
41.55,40.9,1.5943917
45.55,45.12,0.96150327
75.58,79.39,4.806455
43.74,43.39,0.8046276
45.2,45.41,0.45016417
44.52,45.12,1.3315171
40.49,40.99,1.2255292
42.75,43.49,1.6910877
40.07,39.65,1.0588557
43.84,43.2,1.4788133
45.42,44.74,1.5335704
43.36,43.78,0.9601228
41.44,41.09,0.8493662
43.26,43.1,0.35130015
78.51,77.62,1.1512212
78.24,77.47,0.99009204
113.17,111.74,1.2805166
45.63,47.42,3.778235
46.35,47.42,2.2655718
41.76,41.66,0.2415682
43.82,43.39,0.9854547
40.56,40.61,0.10759835
41.04,41.57,1.2794763
97.36,88.61,9.882214
44.5,31.01,43.49566
40.95,40.42,1.3106037
43.52,44.06,1.2243929
43.27,43.39,0.2776979
44.2,44.64,0.983669
46.64,45.89,1.6493527
46.06,45.89,0.365093
42.32,41.76,1.3406523
43.3,43.49,0.4394867
44.15,47.04,6.140308
77.52,77.38,0.18176211
41.77,41.57,0.4780577
42.37,41.66,1.7021475
78.42,77.18,1.6027719
43.29,43.2,0.19922079
45.31,45.12,0.42124844
43.37,43.3,0.16145676
43.7,41.95,4.1683335
41.4,40.9,1.2364466
43.99,44.45,1.0196298
43.56,43.78,0.48738128
43.33,43.39,0.13142912
41.33,40.7,1.5369189
43.78,43.49,0.66255456
43.62,43.87,0.5688135
48.34,48.86,1.0667632
42.04,41.57,1.1262571
40.97,40.32,1.6196191
46.87,46.18,1.5058786
40.83,41.47,1.5546142
77.75,78.34,0.74613917
46.61,45.41,2.6414309
41.07,40.9,0.4151897
41.23,41.28,0.12967938
40.0,41.09,2.6394365
43.14,41.76,3.3038058
40.09,39.94,0.37605372
43.12,42.34,1.8620437
40.78,40.42,0.9069345
43.11,41.47,3.9493136
44.91,46.18,2.735494
44.39,44.83,0.9760696
43.49,44.06,1.3083328
46.17,47.62,3.040678
86.95,85.92,1.2042314
40.95,41.09,0.3465425
44.32,44.93,1.3430912
43.56,43.97,0.93929803
40.73,40.22,1.26249
43.62,43.78,0.35989353
41.0,40.51,1.1967821
40.71,40.03,1.6840717
95.46,79.58,19.945187
43.5,44.06,1.2805086
40.98,40.32,1.6485983
44.55,44.45,0.2314926
43.24,43.87,1.4488058
42.58,42.05,1.2739065
42.02,42.14,0.2881027
81.96,92.06,10.976668
41.8,41.57,0.5572002
41.64,41.18,1.1170291
40.26,39.84,1.0528431
40.66,40.42,0.5944608
45.81,47.9,4.3733964
41.13,41.38,0.5830929
43.48,41.47,4.843126
46.82,43.1,8.620744
40.16,39.84,0.7943935
44.21,43.78,0.9910928
141.23,144.48,2.248179
43.58,43.78,0.4435492
45.49,44.35,2.5688226
41.93,41.28,1.5662253
143.71,142.75,0.67027634
81.95,84.86,3.4388554
44.18,44.64,1.0350614
41.12,40.61,1.2542433
41.09,41.18,0.22013427
41.15,40.8,0.85678285
43.5,44.06,1.2810973
44.25,45.12,1.927124
40.37,40.13,0.6099637
41.04,39.84,3.0147886
40.35,40.61,0.64280957
147.01,147.17,0.104771465
43.31,43.87,1.2715657
42.48,43.01,1.2259399
41.02,39.46,3.9643998
41.07,40.9,0.42336088
41.08,40.8,0.68600976
47.64,49.06,2.8880842
43.72,44.26,1.2190808
40.72,40.8,0.19988827
42.77,44.64,4.1979527
43.42,44.64,2.7421982
146.7,150.05,2.23125
39.47,40.32,2.0962293
41.91,40.8,2.7090054
42.33,41.95,0.8919419
40.86,41.18,0.78774464
41.07,40.61,1.1454613
40.6,40.99,0.96711206
44.32,42.05,5.4122014
43.44,43.97,1.2005868
41.48,40.61,2.1351426
40.77,40.61,0.39922428
43.95,44.35,0.91363686
39.8,40.03,0.5906625
40.41,40.42,0.021576598
41.3,43.01,3.9719841
78.07,79.1,1.3099134
142.53,144.19,1.149277
40.51,40.42,0.22354338
43.98,41.95,4.8332596
40.52,40.8,0.6839809
41.76,40.9,2.1012456
40.32,40.8,1.1832013
44.18,44.06,0.26521254
41.3,41.76,1.1056685
42.72,42.72,0.004643358
41.07,41.28,0.49799913
48.49,45.5,6.562052
40.58,40.22,0.88499385
41.57,42.05,1.1293039
41.4,40.61,1.9513311
41.49,41.18,0.7430342
40.14,40.99,2.0828683
144.98,144.96,0.012378818
40.98,41.47,1.1919825
73.56,82.18,10.48713
43.95,44.16,0.46530497
46.24,47.62,2.8811076
46.88,48.86,4.0520387
41.37,40.8,1.4049773
44.38,44.54,0.378892
44.55,41.76,6.6713996
41.18,41.38,0.48192638
40.62,39.65,2.4578762
46.42,47.62,2.5075529
43.39,41.57,4.378514
48.82,47.71,2.323318
46.11,45.7,0.91247696
43.85,41.86,4.762548
41.34,41.95,1.451289
30.67,32.06,4.3496046
41.36,39.84,3.818537
44.61,44.06,1.2439407
43.71,43.49,0.51309115
42.7,42.24,1.0785911
40.94,40.99,0.13066491
147.53,146.78,0.5068279
41.03,41.47,1.0541008
40.28,40.22,0.13449691
40.16,40.13,0.07330326
41.52,41.76,0.57689077
41.61,41.47,0.34076747
44.36,43.78,1.3388736
41.09,40.99,0.23520803
40.94,40.99,0.12590027
41.24,41.57,0.7793204
112.41,116.64,3.6264286
45.47,45.31,0.35129696
39.74,40.32,1.4406916
40.79,40.42,0.92836004
41.39,41.09,0.73247796
40.46,40.61,0.36450422
40.67,40.61,0.14681812
44.16,43.78,0.8739749
40.63,40.61,0.056946155
42.53,41.57,2.3189924
78.45,77.09,1.7664552
44.77,44.64,0.3006125
41.61,41.57,0.08984287
43.97,42.24,4.1000857
41.44,40.9,1.3333437
41.37,41.09,0.6983492
43.4,41.95,3.4551144
41.23,40.61,1.5263392
44.11,43.87,0.54312825
40.83,40.99,0.392032
44.35,44.06,0.65862054
41.11,40.9,0.5233736
41.76,41.18,1.398954
40.99,39.55,3.642191
43.45,43.68,0.51727223
40.94,40.9,0.11341673
41.53,41.47,0.13453357
78.72,76.99,2.2406492
39.98,40.13,0.3747963
45.63,45.02,1.3520893
43.52,44.26,1.667137
148.09,151.78,2.4287932
43.93,42.82,2.602843
43.32,43.49,0.38140833
41.99,41.47,1.2452036
43.82,44.06,0.5445536
95.69,88.7,7.88013
40.45,40.9,1.0931716
43.65,42.24,3.339016
43.37,43.1,0.60821515
41.6,41.18,1.0193274
144.33,144.58,0.1693099
43.2,43.58,0.89029735
43.85,43.87,0.048205417
39.97,40.61,1.573713
41.39,40.32,2.6594458
43.45,43.1,0.79964036
44.25,44.64,0.87664545
96.76,93.89,3.0588193
81.1,80.26,1.0479865
43.38,44.26,1.9690564
39.08,40.13,2.6165013
40.67,40.22,1.1022354
47.88,50.21,4.642514
40.37,40.61,0.59676033
39.95,40.13,0.43871683
40.94,40.51,1.0546726
42.06,45.12,6.7746305
86.24,101.28,14.845546
149.25,150.34,0.7207772
149.11,149.38,0.17871179
40.37,40.13,0.6099352
43.44,44.26,1.8343577
149.13,149.18,0.033118807
42.18,40.8,3.3755302
40.23,41.57,3.2168705
41.0,41.18,0.4512354
40.6,41.09,1.1827437
40.92,41.09,0.4019507
41.52,41.28,0.59229463
40.56,40.61,0.11584625
177.58,178.66,0.6022087
46.33,46.56,0.4966808
43.25,43.39,0.3173376
149.61,151.58,1.3035159
149.96,147.46,1.6973459
150.45,152.74,1.4976864
59.38,83.9,29.227173
148.72,146.98,1.1870577
41.57,41.18,0.9392248
44.44,44.74,0.661586
43.85,43.68,0.3841683
42.11,41.38,1.7677641
43.59,42.43,2.720651
46.58,47.52,1.972966
44.31,44.64,0.74425906
44.86,45.6,1.6125796
45.13,47.33,4.6360326
41.18,40.7,1.1705284
43.99,44.35,0.82383424
152.87,152.16,0.469647
43.39,43.49,0.22874326
43.24,43.78,1.230069
47.81,49.73,3.8478136
40.74,41.57,1.9935942
44.96,45.12,0.34987506
45.6,45.12,1.0706093
43.15,43.87,1.6444186
43.76,44.16,0.90580916
40.57,41.38,1.9558806
43.79,43.97,0.4005658
37.59,27.94,34.556995
40.14,39.94,0.5008605
48.55,45.12,7.5955853
43.44,43.97,1.1942185
43.13,44.54,3.1687577
40.55,40.61,0.13777174
78.23,78.05,0.23658085
86.95,84.58,2.8081703
41.17,41.38,0.49459407
40.87,41.47,1.4577751
39.68,40.32,1.5788419
41.04,39.74,3.2562852
41.77,40.51,3.0992436
43.44,43.39,0.11453235
44.92,44.26,1.4966499
46.37,45.79,1.2716324
41.0,40.61,0.95480156
41.32,41.57,0.5848872
41.86,42.82,2.235201
43.3,43.39,0.2105679
112.79,113.28,0.43398243
45.75,46.37,1.3369129
43.38,43.78,0.9064437
44.11,46.94,6.0473485
45.32,46.66,2.8726006
43.7,44.16,1.0393494
43.91,46.37,5.2938633
40.68,40.7,0.057861496
42.39,41.95,1.0418674
43.77,43.58,0.42710537
143.13,144.58,1.0033528
41.19,41.95,1.8088987
43.77,43.3,1.1016154
45.74,37.34,22.489817
43.09,45.31,4.893659
131.79,114.91,14.689001
94.83,90.43,4.8674088
149.34,148.7,0.43047714
43.67,43.78,0.24227023
40.94,40.7,0.57672185
41.33,40.8,1.3029155
45.36,44.45,2.057463
40.46,41.18,1.7479584
43.39,43.49,0.21473463
45.42,45.6,0.3964859
43.4,44.35,2.1407871
40.91,40.7,0.51308733
40.79,41.09,0.7275759
43.89,44.06,0.40371004
83.38,85.06,1.9754566
149.7,153.79,2.658739
43.4,43.2,0.46397135
45.44,45.22,0.50257725
39.73,40.61,2.170661
77.53,77.95,0.536892
44.04,43.3,1.7254068
41.52,41.09,1.052347
43.53,45.79,4.9461274
43.59,44.35,1.7240707
42.12,41.76,0.86254543
40.23,40.13,0.24402733
42.64,43.87,2.8148694
43.86,43.49,0.8521052
147.24,146.5,0.5053036
40.83,44.64,8.537726
44.46,44.06,0.89100504
41.23,40.99,0.58771765
68.54,77.66,11.754203
43.12,43.87,1.7090142
43.59,43.68,0.20566003
41.14,41.09,0.118605815
44.35,44.16,0.4388025
43.67,43.58,0.2009403
42.13,41.76,0.8800386
40.41,39.84,1.4206012
123.57,119.42,3.473558
43.96,42.34,3.8455315
43.69,42.24,3.4280977
41.1,41.18,0.2000345
47.53,47.9,0.77728915
40.05,40.99,2.2979846
45.34,47.42,4.399418
40.88,41.18,0.73037225
44.38,44.54,0.37604022
149.04,148.22,0.5516673
43.83,41.57,5.429722
42.62,43.2,1.3390381
43.27,43.3,0.0543182
41.32,42.34,2.402297
43.39,43.87,1.1084638
45.94,46.37,0.92133397
46.98,57.98,18.971039
41.09,41.66,1.3729761
13.3,12.48,6.580521
41.38,41.38,0.012612398
46.39,46.18,0.4737888
42.38,42.91,1.2467905
42.56,47.33,10.080149
41.44,42.14,1.6600142
41.92,41.86,0.14100054
43.77,43.3,1.1000912
42.13,42.14,0.031381823
41.3,41.66,0.87320346
41.42,41.18,0.5732976
40.16,40.61,1.1005582
41.74,42.24,1.1929779
46.78,47.42,1.3643029
41.54,40.7,2.0600433
43.51,43.78,0.5973449
41.07,41.18,0.27072644
148.65,152.16,2.3075006
42.53,40.99,3.7633657
40.74,41.18,1.0740693
40.41,39.55,2.1752706
43.3,41.95,3.2104034
40.86,40.99,0.3276906
45.39,46.18,1.7077496
44.37,44.93,1.2339181
31.59,39.46,19.933296
97.82,102.14,4.2325797
41.15,42.62,3.4530866
40.18,40.42,0.5921955
43.31,44.16,1.9358207
40.47,40.03,1.093295
40.91,41.76,2.0420415
45.87,45.79,0.16747615
40.63,40.8,0.4210472
43.52,43.1,0.9584356
41.84,40.8,2.5608118
78.51,78.53,0.018002838
44.19,43.68,1.1753949
40.56,40.8,0.5849857
39.88,40.22,0.8596915
41.1,41.18,0.21405803
40.81,41.09,0.66559446
148.6,147.36,0.84165645
41.54,41.47,0.15977356
150.86,148.7,1.4491869
22.59,17.28,30.703985
42.43,44.45,4.535403
149.38,150.72,0.88660324
49.67,82.27,39.62461
40.96,41.28,0.7833991
46.89,46.46,0.91420877
40.84,40.51,0.80642354
46.28,47.71,3.0016356
39.88,39.94,0.14898296
43.3,43.49,0.44373223
40.4,40.42,0.051610164
43.64,43.1,1.235626
42.56,44.64,4.6640487
48.92,42.72,14.520942
47.23,52.7,10.37904
63.03,67.58,6.740326
102.36,102.24,0.12119425
43.68,41.86,4.3591685
40.59,40.42,0.43279672
149.27,146.98,1.562423
40.81,40.22,1.4463491
75.96,92.45,17.838324
43.9,43.49,0.95655155
146.31,150.82,2.9909923
41.04,40.51,1.3004642
45.74,44.93,1.8142227
40.99,41.57,1.3819283
47.27,47.04,0.4906719
39.75,40.99,3.0336206
143.5,144.58,0.7439947
40.4,40.32,0.19390431
47.55,49.82,4.558335
40.7,40.61,0.236164
43.42,42.62,1.8748794
148.67,148.22,0.29969093
44.18,44.26,0.18017583
41.04,40.99,0.12763119
18.06,25.92,30.327654
44.19,46.94,5.859896
40.77,41.09,0.77585375
148.22,144.77,2.3829737
41.36,40.8,1.3662319
41.67,40.22,3.6001492
40.49,40.03,1.1364905
40.87,40.13,1.8509003
44.58,43.97,1.393482
49.59,43.3,14.546308
48.17,45.22,6.536685
40.66,40.51,0.35903087
40.58,39.94,1.6176643
40.1,39.84,0.6431078
43.51,55.68,21.855515
42.31,41.57,1.7841197
41.39,40.42,2.4000428
46.54,43.01,8.2187805
43.52,45.79,4.9518256
59.41,92.93,36.071686
40.65,40.99,0.84453404
41.72,39.55,5.489955
40.47,40.13,0.8515194
43.22,43.58,0.84278
41.03,41.47,1.077501
71.96,70.18,2.5487847
41.16,40.99,0.41159308
43.98,41.86,5.0638795
41.59,42.14,1.3171042
43.48,43.2,0.6409574
41.45,40.7,1.835167
42.79,41.47,3.180018
43.95,43.58,0.85097224
39.9,40.7,1.9725764
41.59,41.86,0.64151555
40.72,40.42,0.7448268
73.78,58.94,25.166115
43.19,43.39,0.45904368
44.27,44.54,0.62459844
77.44,79.3,2.3446708
77.01,77.18,0.22958168
42.62,42.34,0.680367
43.47,44.06,1.3575143
41.31,40.61,1.7227008
41.67,41.57,0.23834516
77.95,77.38,0.74065554
43.73,43.78,0.099585064
44.54,41.76,6.6651692
40.97,41.28,0.7530516
41.42,41.66,0.58471143
43.22,43.58,0.836128
40.93,40.61,0.78670615
43.38,43.49,0.23798877
48.57,48.86,0.6039938
40.96,41.38,0.9974028
178.29,178.08,0.11985621
40.45,40.61,0.38250306
26.8,19.39,38.203342
42.59,43.87,2.9283574
42.97,43.49,1.1871808
43.15,44.54,3.1182992
41.7,39.36,5.9481945
41.12,40.61,1.267282
79.09,77.57,1.962232
40.63,40.99,0.87268454
46.45,46.18,0.58795875
126.16,121.73,3.6395247
179.97,178.18,1.006642
77.44,79.78,2.925854
43.5,43.3,0.47963893
43.67,44.26,1.3185686
45.8,45.41,0.8538543
145.89,145.25,0.44053072
40.71,40.61,0.244581
40.71,40.61,0.24611221
41.55,41.18,0.8849646
45.31,47.42,4.45015
43.72,43.49,0.5228893
41.54,40.61,2.2899268
39.81,40.22,1.0271156
41.65,41.76,0.269888
41.79,41.57,0.5223826
39.59,41.28,4.0941277
44.59,43.68,2.093254
41.25,38.69,6.626765
40.71,41.28,1.3901836
42.75,43.58,1.9239786
43.88,43.49,0.89946437
79.26,77.95,1.683513
41.75,41.47,0.6607193
45.65,43.87,4.0541244
44.41,44.35,0.13973977
44.72,43.68,2.3887446
40.56,40.22,0.8330994
95.34,90.72,5.093403
49.11,46.75,5.0444546
41.19,40.42,1.9248854
83.62,85.15,1.8026451
43.47,42.24,2.9204016
47.88,50.11,4.4634743
43.39,43.97,1.3256264
41.18,40.8,0.9370598
149.38,148.61,0.52251863
41.45,41.09,0.89307624
42.94,44.64,3.7987602
44.59,44.26,0.7606552
44.45,45.41,2.1098027
43.15,43.1,0.11249215
43.15,43.68,1.2155505
43.79,43.97,0.41469043
80.69,80.35,0.41574654
41.49,40.7,1.9285196
46.63,47.62,2.0741935
148.71,149.57,0.5746429
149.92,146.88,2.0667098
43.23,43.68,1.0325358
41.3,41.76,1.1122456
43.43,43.49,0.1344372
43.37,43.3,0.17120145
40.48,40.42,0.16995111
40.84,41.18,0.8294077
47.12,46.94,0.3648763
41.4,40.32,2.673013
78.86,77.66,1.5337476
41.5,40.7,1.9638045
42.21,42.72,1.2036655
40.4,41.09,1.6766638
45.43,46.08,1.4158007
151.01,153.89,1.8700464
42.28,41.09,2.9049556
40.41,40.22,0.45923555
41.07,40.9,0.43678358
40.86,40.42,1.0991323
47.86,47.81,0.11731024
46.9,43.78,7.136419
43.67,43.39,0.64867085
40.95,41.86,2.1643322
43.45,43.68,0.523796
41.46,40.13,3.316262
44.07,41.86,5.2809076
43.88,43.39,1.1272663
41.87,41.38,1.194195
40.13,40.42,0.69703925
41.19,41.57,0.9135892
44.13,43.68,1.0286932
40.61,40.51,0.23840915
44.68,45.6,2.0234628
76.77,77.38,0.7805891
43.63,43.97,0.76345134
47.74,45.41,5.126831
44.32,44.54,0.5002851
39.72,40.32,1.476407
40.88,40.7,0.42095315
43.39,42.43,2.251851
38.37,33.12,15.855654
43.6,43.78,0.40751627
42.3,41.18,2.702207
149.65,149.57,0.05484546
43.85,42.43,3.3466258
41.46,41.47,0.021551494
149.67,150.72,0.69542295
43.57,43.78,0.46313852
40.18,40.99,1.9851929
46.66,46.18,1.0440768
44.48,44.64,0.35615805
45.06,43.3,4.0782175
41.25,40.7,1.3413951
13.4,12.19,9.920834
43.25,43.1,0.33988366
127.17,127.49,0.24843647
41.69,41.76,0.1778822
41.75,40.51,3.0435846
124.27,123.46,0.66097194
43.65,44.45,1.7939323
41.35,40.99,0.8787893
41.7,41.66,0.07874039
42.18,41.66,1.2339717
41.6,41.76,0.37932307
121.23,119.33,1.5923536
43.9,44.45,1.2230324
43.37,43.78,0.91666543
41.67,41.28,0.94533896
41.25,41.18,0.15512028
43.34,43.58,0.55315036
41.3,40.8,1.2138498
42.91,42.05,2.0543644
46.22,47.14,1.9535594
41.5,41.95,1.0720744
39.9,39.94,0.07792543
144.41,144.58,0.11537812
40.71,40.32,0.9645735
40.03,40.7,1.6473657
77.43,77.86,0.5439334
43.21,43.1,0.24078153
45.44,45.5,0.14974095
47.16,48.38,2.537794
43.58,43.68,0.22921368
40.82,41.38,1.3501904
44.28,44.45,0.36824426
44.38,43.49,2.0527506
41.4,40.61,1.9448493
22.38,16.61,34.772785
41.48,41.38,0.24867998
43.7,43.87,0.40259868
111.48,116.64,4.4198093
41.26,40.51,1.8404464
43.85,40.99,6.969574
40.62,40.13,1.2151554
45.98,45.79,0.41504157
41.64,41.18,1.0956326
43.83,45.7,4.083452
40.56,40.8,0.5888378
42.5,42.14,0.8475083
40.86,41.66,1.921055
43.6,43.01,1.3751466
43.37,43.49,0.26179555
47.58,49.34,3.5828655
40.52,41.28,1.8355644
40.34,40.13,0.52158344
46.4,45.6,1.7646239
143.13,144.19,0.73964787
46.46,45.79,1.4686984
43.56,43.49,0.165086
77.69,78.14,0.5834812
42.84,41.86,2.3440118
41.06,41.28,0.53849334
43.41,43.78,0.8409048
67.78,75.36,10.061092
46.96,46.75,0.4370926
58.1,41.18,41.078205
45.84,45.89,0.09471901
39.64,39.65,0.013883697
44.05,43.58,1.0709406
46.36,47.81,3.020256
78.69,79.97,1.6032434
43.58,44.54,2.1659267
40.41,40.7,0.7241496
43.27,43.97,1.5863684
40.68,40.13,1.3814589
45.83,47.23,2.9577553
41.74,40.9,2.0614347
41.89,41.28,1.4778072
45.55,45.7,0.32178995
37.0,33.12,11.715394
43.17,43.1,0.16283087
21.16,18.91,11.8749695
46.21,48.19,4.122393
40.94,41.47,1.2707379
41.73,41.57,0.39618048
43.38,41.86,3.6348171
148.35,147.74,0.41092476
76.12,77.47,1.7462068
41.43,40.99,1.0648525
45.94,45.7,0.5347889
175.27,178.46,1.789768
43.28,43.78,1.1294557
43.44,41.47,4.7508945
45.69,45.5,0.401296
148.98,151.68,1.7822746
43.91,43.39,1.1912842
43.76,42.82,2.1954644
41.92,41.57,0.8379706
43.93,37.06,18.551517
43.61,43.58,0.06565264
41.51,42.24,1.7335289
49.47,48.67,1.6319603
46.67,46.66,0.020326085
47.49,45.41,4.575931
47.35,56.93,16.828485
44.12,45.12,2.2229319
44.33,44.93,1.3239872
103.56,113.95,9.117953
74.78,81.31,8.027613
43.7,45.22,3.3492074
41.65,41.28,0.89340436
41.22,41.95,1.7528222
41.56,39.46,5.3276305
45.74,44.16,3.5793283
43.25,43.01,0.5622971
41.26,41.47,0.51936984
41.3,41.38,0.18154293
42.12,41.57,1.3353001
44.08,43.87,0.4682986
177.74,179.23,0.83236647
44.72,42.53,5.165485
41.37,40.8,1.4072961
43.46,44.35,2.002002
90.05,88.8,1.4113262
44.04,45.22,2.5941477
43.04,42.05,2.3659506
48.53,41.57,16.749575
43.47,43.2,0.6146784
40.76,40.9,0.32312435
44.3,43.68,1.4173242
40.85,40.9,0.11419093
43.74,43.97,0.52754885
41.15,41.09,0.14916016
44.11,34.27,28.695091
43.64,43.78,0.31690675
43.36,44.74,3.075037
43.49,44.45,2.163524
41.09,40.99,0.24165705
46.94,42.72,9.886531
40.83,40.61,0.5515379
50.25,48.29,4.0659847
45.98,47.71,3.6250417
127.48,114.34,11.499737
42.05,41.57,1.164314
46.41,44.93,3.3009424
43.57,42.05,3.6202517
41.03,40.61,1.0393753
43.71,44.06,0.8041216
43.27,43.39,0.27008468
47.08,46.18,1.9489107
43.46,43.58,0.2830389
65.73,64.9,1.2814293
41.43,40.99,1.0803748
78.6,77.62,1.2688823
85.2,84.48,0.8563742
43.86,43.68,0.40283135
45.27,46.18,1.9626575
41.07,40.61,1.1399
42.95,41.47,3.5577993
44.77,45.98,2.6340275
40.54,40.9,0.85852146
40.88,41.76,2.1126263
43.35,43.49,0.3059442
41.31,41.76,1.0835987
41.05,41.09,0.09462469
131.55,128.26,2.5720773
77.83,77.66,0.21650213
41.69,41.38,0.75530565
43.27,41.95,3.1480074
42.16,42.14,0.03935626
42.42,41.76,1.5907178
42.93,41.76,2.7902923
40.85,41.28,1.0393941
40.39,40.32,0.17717718
45.28,47.33,4.3277326
41.04,41.18,0.35236675
42.98,41.95,2.4582665
48.26,48.58,0.65163815
45.19,46.18,2.1434624
73.3,78.91,7.1125402
41.1,41.57,1.1162357
43.35,41.95,3.3417885
43.83,43.2,1.4503886
41.22,41.76,1.2814223
45.55,45.5,0.10957697
43.01,43.1,0.22055046
46.23,46.18,0.11979584
41.02,40.99,0.067421645
44.32,44.16,0.3718898
40.08,40.8,1.7580893
44.01,42.14,4.432114
42.44,41.57,2.1030207
39.97,40.99,2.4942658
148.34,148.9,0.3720109
151.22,153.79,1.6692277
41.72,41.18,1.2936292
77.5,79.1,2.031959
41.53,41.28,0.59861547
44.1,44.35,0.57388175
78.01,76.51,1.9531976
42.27,41.57,1.6846411
40.84,41.28,1.0596504
41.02,41.57,1.3303169
46.73,47.71,2.063784
41.17,40.9,0.6752861
78.15,77.09,1.3727131
43.19,41.66,3.6741548
46.95,47.33,0.7914482
41.28,40.61,1.6560603
41.69,40.42,3.1441994
40.44,40.8,0.88950706
41.18,41.28,0.23438025
43.62,44.16,1.2147168
45.65,47.33,3.5479636
41.84,40.8,2.5397563
44.73,44.83,0.22562122
44.27,44.64,0.8354563
39.94,40.22,0.700651
40.52,40.99,1.1604061
40.89,41.28,0.95130867
178.06,178.75,0.38848656
42.88,43.49,1.400617
78.18,78.82,0.8109426
45.41,46.08,1.4468696
39.51,40.32,2.021184
147.97,148.51,0.36522582
40.62,41.18,1.3749824
41.16,40.7,1.117081
48.32,46.94,2.9243166
40.49,41.28,1.9113777
41.32,40.9,1.0429133
40.61,40.32,0.71090364
40.54,40.13,1.0192014
20.99,20.06,4.6153674
38.01,41.09,7.4969554
44.14,46.85,5.776309
43.26,42.43,1.9570642
148.57,148.03,0.36425576
43.04,45.22,4.8195815
40.19,40.9,1.714403
44.42,44.64,0.49669683
45.59,45.31,0.6234494
44.09,42.91,2.7407649
40.72,40.9,0.42210162
45.87,36.96,24.115019
41.18,40.7,1.179488
41.27,40.99,0.67969763
43.81,44.35,1.2194611
43.29,43.78,1.1198527
45.27,45.41,0.29562056
45.15,43.87,2.9185147
43.65,43.97,0.72911143
43.47,46.37,6.2506227
46.32,47.81,3.117395
42.64,17.18,148.12463
47.98,31.78,51.00033
44.32,44.26,0.13787076
86.79,88.32,1.7320765
43.89,44.35,1.0307475
41.81,38.69,8.082203
46.72,45.6,2.4628139
43.68,43.97,0.6524496
40.69,41.28,1.4214461
43.13,42.34,1.8797945
41.22,41.47,0.61944675
43.57,43.68,0.24648814
178.34,178.37,0.014029655
43.64,41.86,4.2631173
78.46,77.38,1.3953009
43.29,43.87,1.3311269
45.23,44.06,2.653173
148.38,153.12,3.0940902
41.74,40.8,2.3054423
45.83,44.93,2.0051188
41.28,41.66,0.91258276
41.09,40.99,0.2491018
45.29,47.23,4.1211767
41.08,42.14,2.5285313
41.09,41.09,0.003973643
119.63,117.79,1.5593003
41.36,42.05,1.6268077
42.99,43.3,0.7083745
40.29,40.13,0.39931312
40.1,40.32,0.5368391
40.77,40.8,0.06981457
43.87,43.49,0.88556975
40.97,41.09,0.2900388
44.61,44.26,0.8063392
41.11,40.51,1.4824702
148.41,151.39,1.9715015
43.37,43.39,0.052896928
43.58,44.45,1.9552382
43.2,43.2,0.00862722
46.86,47.23,0.7916757
78.28,77.47,1.0425618
44.16,43.87,0.6459126
40.85,41.57,1.7314438
43.0,43.1,0.2468526
40.52,40.61,0.22806644
43.23,43.49,0.5882746
79.98,92.45,13.481544
51.53,43.3,19.023283
43.89,45.02,2.5112238
41.3,40.22,2.6699371
78.35,76.8,2.01417
47.94,49.54,3.2214384
43.11,43.3,0.43011376
40.71,40.61,0.24488162
44.1,43.01,2.5358493
45.61,45.6,0.02444418
43.12,43.68,1.2891458
149.56,149.57,0.0035808699
39.98,41.18,2.912532
43.29,43.1,0.42882597
40.95,40.99,0.09747988
44.77,46.75,4.240163
42.67,41.28,3.3764322
44.26,45.22,2.1218748
44.38,44.26,0.2713024
41.56,42.14,1.3859143
127.0,126.43,0.44898242
42.78,43.2,0.97228855
37.59,51.65,27.213377
148.41,148.9,0.32799593
42.83,42.72,0.2660019
43.35,43.78,0.96418357
55.35,42.62,29.856476
41.64,41.47,0.39489916
46.72,47.71,2.086898
125.94,119.04,5.7983913
40.97,40.8,0.41105235
43.45,43.68,0.5275775
41.28,40.61,1.6591227
46.31,47.71,2.9461243
148.91,149.47,0.37685552
44.43,44.64,0.46294224
41.18,40.8,0.9321979
40.33,40.61,0.69248474
43.83,44.64,1.8067684
43.4,43.39,0.029169355
41.01,40.61,0.996924
45.71,46.27,1.2211862
44.32,44.83,1.1327605
43.4,44.16,1.7262887
43.94,43.78,0.36581916
148.58,148.99,0.27542055
43.57,45.02,3.2207437
94.84,91.49,3.6607552
43.6,43.78,0.39671943
45.45,45.31,0.29993427
44.58,46.94,5.0326066
41.25,39.46,4.540056
91.04,92.45,1.51827
43.36,44.35,2.2302716
43.59,43.49,0.22487487
78.12,77.38,0.9560999
45.44,44.45,2.2306468
41.42,41.57,0.36267522
43.3,43.58,0.6595285
44.81,43.49,3.0492227
43.44,41.76,4.011982
111.16,111.55,0.35561028
46.1,26.3,75.276085
47.75,47.81,0.11089496
41.27,40.8,1.1473264
41.56,41.86,0.7009926
41.04,41.09,0.11002721
46.37,45.22,2.5514584
44.04,43.78,0.6046037
43.54,43.58,0.10823363
76.03,77.28,1.6215129
43.32,43.39,0.17452382
41.35,41.76,0.97322285
44.33,44.26,0.17114247
40.91,40.61,0.7491491
43.49,44.54,2.3737292
44.92,46.18,2.7276459
42.36,42.05,0.74240893
43.68,43.68,0.0039474433
41.35,41.09,0.62873614
43.53,46.18,5.733826
41.15,41.09,0.15767378
40.9,40.42,1.1923572
43.6,44.06,1.0460378
43.49,42.53,2.253818
25.8,23.52,9.678748
42.43,38.88,9.13302
42.68,43.2,1.2055503
41.08,40.61,1.1719991
43.71,44.16,1.0090029
43.65,43.39,0.5912816
42.57,44.35,4.016811
46.34,46.18,0.35361293
46.42,47.71,2.7035964
40.18,41.18,2.44141
40.89,41.28,0.9566314
43.38,43.3,0.19849712
40.88,41.57,1.6570826
44.05,44.35,0.67642236
40.88,40.8,0.1947646
43.36,43.49,0.29315487
43.56,41.95,3.8345563
42.49,41.47,2.4639347
151.09,151.58,0.32473648
43.36,44.54,2.66491
40.48,40.9,1.021049
141.78,144.86,2.1279135
142.31,145.54,2.2160451
41.02,40.61,1.0111654
41.85,41.28,1.3850272
41.12,40.9,0.5557037
44.3,43.68,1.4084686
44.79,41.66,7.496826
47.93,56.74,15.526065
43.83,42.72,2.6087992
41.34,41.86,1.2228887
44.46,45.02,1.2622714
40.15,40.03,0.29653668
40.96,41.18,0.53693277
43.84,43.87,0.08369866
40.83,40.42,1.0303345
42.56,42.24,0.7668137
41.82,41.47,0.8333612
44.6,43.97,1.4476295
42.68,42.72,0.09292967
45.84,44.54,2.9065485
43.38,43.01,0.861704
40.41,40.51,0.2476088
44.32,45.89,3.4149885
44.66,44.64,0.03532697
44.17,44.45,0.6229779
103.54,101.66,1.8486931
150.33,151.01,0.4471195
41.29,40.8,1.200087
41.15,40.8,0.8634586
41.5,41.95,1.0661184
41.22,40.61,1.4994067
41.72,41.47,0.6064957
43.18,43.1,0.18083173
44.82,46.27,3.1469028
75.98,77.86,2.4054012
47.95,50.3,4.687033
43.48,41.95,3.6376839
40.54,41.09,1.3253678
45.59,45.89,0.65666527
39.53,40.42,2.185485
41.67,41.38,0.7137345
44.06,44.35,0.6557629
41.21,40.99,0.5252933
41.31,40.13,2.9535005
43.29,43.68,0.89849746
41.27,40.8,1.1428946
40.87,40.9,0.07021035
13.51,12.48,8.24897
41.07,41.28,0.50683355
43.0,43.2,0.45383418
43.14,43.1,0.09157079
41.57,41.66,0.23724663
45.43,47.33,4.01163
40.8,41.38,1.4002343
149.64,149.28,0.24068777
41.43,40.99,1.0563841
47.76,61.15,21.903395
77.65,76.51,1.4839985
42.78,43.2,0.9658425
130.12,115.58,12.573425
43.64,43.97,0.74082416
40.69,40.42,0.68605274
78.05,77.09,1.2461206
43.46,43.3,0.37116116
40.02,40.03,0.031874906
43.66,44.06,0.92128783
41.55,41.47,0.19274008
44.34,44.64,0.67392987
43.35,44.16,1.8299232
78.28,78.05,0.2919479
46.44,46.66,0.4702962
42.94,42.05,2.1241753
43.76,41.95,4.303492
41.05,41.47,1.0195521
45.92,47.42,3.169455
40.44,41.47,2.49955
40.67,41.28,1.4809121
43.91,43.68,0.53703564
43.23,43.49,0.6027394
41.14,40.8,0.83733547
40.65,39.46,3.0236619
43.66,44.45,1.7802864
44.38,44.26,0.2806461
43.24,43.39,0.34781685
44.13,43.97,0.35978824
44.35,44.83,1.0713861
46.47,46.18,0.63503116
40.75,40.9,0.34610805
40.44,40.22,0.53454506
40.97,40.99,0.060609687
43.9,44.06,0.365705
44.76,44.64,0.2580048
41.22,40.42,1.9849243
43.2,42.34,2.0362535
46.05,49.06,6.130421
42.62,41.09,3.7209172
42.34,41.95,0.92196697
43.97,43.49,1.0981289
47.33,43.2,9.556205
43.33,43.01,0.74166095
41.85,41.09,1.8516712
48.58,48.38,0.40188193
77.88,79.3,1.7804615
78.69,77.57,1.4432193
151.52,144.38,4.941468
44.46,43.78,1.5689963
77.87,77.38,0.6403185
44.67,43.68,2.2754128
77.88,77.47,0.52055216
43.79,43.49,0.704712
43.38,44.26,1.9841839
43.59,44.26,1.4987875
39.8,40.51,1.7564632
41.81,40.9,2.232954
78.19,77.28,1.1822501
41.16,40.61,1.3661252
41.34,41.09,0.61908054
40.43,40.61,0.4319528
46.29,46.18,0.24002951
41.43,41.09,0.8364611
42.35,41.66,1.6453812
45.71,44.54,2.613407
45.24,45.5,0.5808561
41.66,40.22,3.5584304
46.92,81.89,42.696854
42.85,42.62,0.5281365
40.89,41.09,0.47554663
41.13,41.18,0.13258444
43.75,43.3,1.0457906
40.48,40.13,0.86749
44.53,44.26,0.61582845
41.25,40.32,2.2997742
41.0,40.61,0.9603346
40.29,39.74,1.3733159
43.41,43.49,0.17233154
129.74,130.94,0.92126757
103.04,98.98,4.10275
41.43,39.55,4.7547245
40.64,40.8,0.3929419
43.64,44.26,1.4029373
43.84,43.68,0.36724323
41.48,41.28,0.47705895
69.26,78.72,12.014639
78.18,77.09,1.4122516
41.35,41.09,0.6367577
43.98,43.58,0.9075748
40.83,40.99,0.40439028
43.61,43.58,0.056655046
42.17,41.66,1.2043067
44.43,46.46,4.372395
43.22,42.43,1.8646455
73.06,44.35,64.729
41.45,40.42,2.5508144
42.32,42.05,0.64802134
45.59,45.31,0.6198462
44.14,44.16,0.050776247
44.47,46.75,4.886977
42.08,41.86,0.53583115
43.78,44.35,1.2856026
41.77,42.24,1.104763
151.12,150.14,0.6506206
10.54,13.25,20.434307
78.11,79.2,1.3762677
43.95,43.1,1.9734846
12.2,12.19,0.025836501
41.31,41.28,0.06587931
43.33,42.34,2.3456748
40.31,41.57,3.0172706
41.52,41.95,1.0306284
122.27,126.34,3.2157943
45.93,47.23,2.7649853
40.51,40.51,0.007250486
41.03,41.09,0.14517723
45.97,47.52,3.256252
41.35,42.82,3.422242
40.56,40.7,0.34816238
41.7,41.09,1.4861888
43.78,43.3,1.1273956
46.33,46.46,0.28770325
43.29,45.5,4.8755755
40.79,41.18,0.95389664
46.54,46.46,0.16676985
43.91,44.45,1.2008212
126.16,120.86,4.3815427
41.71,40.99,1.7531583
40.94,40.61,0.8115344
46.98,46.46,1.1165608
42.27,40.99,3.1238508
39.89,41.38,3.5939806
45.57,44.54,2.2960806
39.89,40.22,0.82058096
40.7,40.32,0.93950164
41.49,40.22,3.155319
43.42,44.16,1.6798145
42.34,42.24,0.23316252
43.43,43.87,1.0061663
45.23,44.83,0.88638616
41.1,41.47,0.8957346
43.89,43.39,1.1544312
78.77,77.76,1.3018636
80.17,67.49,18.786842
40.0,40.99,2.4136763
43.21,43.3,0.19060269
42.23,40.99,3.0233002
78.62,76.9,2.24046
41.61,41.95,0.80472183
41.55,41.86,0.73969
44.27,44.06,0.4776942
47.81,47.71,0.20411092
