001;V1.19;6/8/2019 12:04:57 AM
UTC;'Richtungswinkel' [°];'Speed over gnd.' [kn];'SpeedThrWater' [kn];'Latitude' [°];'Latitude dir' [];'Latitude' [°];'Longitude dir' [];'MainEngine FlowRateHr' [kg/h];'MainEngine kg total HFO' [kg];'MainEngine kg total DFO' [kg];'MainEngine running Time' [min];'AuxEngine FlowRateHr' [kg/h];'AuxEngine kg total HFO' [kg];'AuxEngine kg total DFO' [kg];'AuxEngine running Time' [min];'Boiler FlowRateHr' [kg/h];'Boiler kg total HFO' [kg];'Boiler kg total DFO' [kg];'Boiler running Time' [min];'SHP-Speed' [rpm];'SHP-Torque' [kNm];'SP-Power' [kW];'Engine load' [%];'SP-Speed' [%];'SFOC' [g/kWh];'Propeller slip' [%];'Efficiency' [kg/nm]
6/8/2019 12:04:57 AM;0;0;2.2956;3326.99858490566;S;6002.69111498332;W;0;3578444.55521422;1494620.74755832;392870.3521877;78.4725165367126;523316.178569689;279574.616939131;563759.710706684;51.5846338078655;121701.445565979;96675.4982800553;262816.816649145;0;-4.57740833333333;0;;35.1515151515151;;;56.6530783858062
6/8/2019 12:09:57 AM;0;0;2.35063333333333;3326.99698433334;S;6002.69139722224;W;0;3578444.55521422;1494620.74755832;392870.3521877;77.1668601036072;523322.430243312;279574.616939131;563764.713606685;53.8698636398135;121705.846522492;96675.4982800553;262821.819549144;0;-4.57505208333334;0;;35.1515151515151;;;55.9071629673195
6/8/2019 12:14:57 AM;0;0;2.31013333333333;3326.99773711111;S;6002.69090977777;W;0;3578444.55521422;1494620.74755832;392870.3521877;87.4447274208069;523329.407150887;279574.616939131;563769.716390019;55.0809353186348;121710.40378885;96675.4982800553;262826.822332477;0;-4.60247755102041;0;;35.1515151515151;;;61.7214903187418
6/8/2019 12:19:57 AM;0;0;2.33883333333333;3326.99886855557;S;6002.69119466665;W;0;3578444.55521422;1494620.74755832;392870.3521877;84.3766379356384;523336.469259792;279574.616939131;563774.719290019;54.0118507043181;121714.959192948;96675.4982800553;262831.825232477;0;-4.58290625;0;;35.1515151515151;;;59.1554939059496
6/8/2019 12:24:57 AM;0.004;0.002;2.3245;3326.99810266666;S;6002.69173211105;W;0;3578444.55521422;1494620.74755832;392870.3521877;86.5843212604523;523343.689517066;279574.616939131;563779.722123353;51.6866623087079;121719.380450713;96675.4982800553;262836.828065809;0;-4.56876875;0;;35.1515151515151;;;59.5763990507833
6/8/2019 12:29:57 AM;0.000666666666666667;0.000333333333333333;2.29503333333334;3326.99891955557;S;6002.69086766668;W;0;3578444.55521422;1494620.74755832;392870.3521877;92.2155547142029;523351.090361523;279574.616939131;563784.725023353;14.7720663413107;121722.128258525;96675.4982800553;262838.328949143;0;-4.5593918367347;0;;35.1515151515151;;;46.6421881085983
6/8/2019 12:34:57 AM;0;0;2.3422;3326.99677244444;S;6002.69195666664;W;0;3578444.55521422;1494620.74755832;392870.3521877;87.9603266716003;523358.672061412;279574.616939131;563789.727923353;0;121722.128258525;96675.4982800553;262838.328949143;0;-4.61667916666667;0;;35.1515151515151;;;37.594361477519
6/8/2019 12:39:57 AM;0.00466666666666667;0.00233333333333333;2.29950000000001;3326.99614155555;S;6002.69191444441;W;0;3578444.55521422;1494620.74755832;392870.3521877;84.238418340683;523365.7798778;279574.616939131;563794.730756687;0;121722.128258525;96675.4982800553;262838.328949143;0;-4.56012916666667;0;;35.1515151515151;;;36.7130176768735
6/8/2019 12:44:57 AM;0;0;2.36986666666667;3326.99707144445;S;6002.69135388885;W;0;3578444.55521422;1494620.74755832;392870.3521877;84.7543607323857;523372.645938783;279574.616939131;563799.650273354;0;121722.128258525;96675.4982800553;262838.328949143;0;-4.51553673469388;0;;35.1515151515151;;;35.8018440564675
6/8/2019 12:49:57 AM;0;0;2.36123333333333;3326.99737844443;S;6002.69128722218;W;0;3578444.55521422;1494620.74755832;392870.3521877;86.0024571418762;523379.829349714;279574.616939131;563804.653156688;47.3298704299799;121724.70136257;96675.4982800553;262843.331832475;0;-4.533425;0;;35.1515151515151;;;56.4828282996133
6/8/2019 12:54:57 AM;0.005;0.0025;2.31326666666667;3326.99626644445;S;6002.68991033331;W;0;3578444.55521422;1494620.74755832;392870.3521877;89.9408876895905;523387.189575391;279574.616939131;563809.655940022;50.0398572533592;121728.753951499;96675.4982800553;262848.334615808;0;-4.53631020408163;0;;35.1515151515151;;;60.6112843031184
6/8/2019 12:59:57 AM;0.000333333333333333;0.000166666666666667;2.33409999999999;3326.99608622221;S;6002.69045522222;W;0;3578444.55521422;1494620.74755832;392870.3521877;82.3523640632629;523394.395842235;279574.616939131;563814.658790022;52.1597100727641;121733.029704075;96675.4982800553;262853.337465807;0;-4.52635625;0;;35.1515151515151;;;57.6860534621489
6/8/2019 1:04:57 AM;0;0;2.34206666666666;3326.99778633334;S;6002.69120822223;W;0;3578444.55521422;1494620.74755832;392870.3521877;86.3652956485748;523401.526082344;279574.616939131;563819.661623356;52.5541450392949;121737.406164228;96675.4982800553;262858.34029914;0;-4.524;0;;35.1515151515151;;;59.3591448224802
6/8/2019 1:09:57 AM;0.00166666666666667;0.000833333333333333;2.33823333333333;3326.99939122221;S;6002.69146799997;W;0;3578444.55521422;1494620.74755832;392870.3521877;84.1556131839752;523408.543381556;279574.616939131;563824.664456689;51.0856721066771;121741.739628366;96675.4982800553;262863.343149139;0;-4.53323265306123;0;;35.1515151515151;;;58.0537367230055
6/8/2019 1:14:57 AM;0.000333333333333333;0.000166666666666667;2.3925;3326.99854611113;S;6002.69103244446;W;0;3578444.55521422;1494620.74755832;392870.3521877;82.2454476356506;523415.519097251;279574.616939131;563829.667373356;46.1129547330213;121745.789121682;96675.4982800553;262868.095865806;0;-4.52007291666667;0;;35.1515151515151;;;53.7710538387509
6/8/2019 1:19:57 AM;0.007;0.0035;2.38093333333333;3326.99670488891;S;6002.69017133331;W;0;3578444.55521422;1494620.74755832;392870.3521877;77.698380947113;523422.327471775;279574.616939131;563834.67030669;0;121745.789121682;96675.4982800553;262868.095865806;0;-4.55148958333333;0;;35.1515151515151;;;32.7084426284833
6/8/2019 1:24:57 AM;0;0;2.36613333333333;3326.9978367778;S;6002.68997977773;W;0;3578444.55521422;1494620.74755832;392870.3521877;82.4558079242706;523428.699452622;279574.616939131;563839.673173357;0;121745.789121682;96675.4982800553;262868.095865806;0;-4.51784489795918;0;;35.1515151515151;;;34.8562067300441
6/8/2019 1:29:57 AM;0;0;2.32193333333334;3326.99972077777;S;6002.69383144446;W;0;3578444.55521422;1494620.74755832;392870.3521877;82.3351621627808;523435.662390075;279574.616939131;563844.676073357;0;121745.789121682;96675.4982800553;262868.095865806;0;-4.51300416666667;0;;35.1515151515151;;;35.4748411971866
6/8/2019 1:34:57 AM;0;0;2.36136666666666;3327.00291622222;S;6002.68959144442;W;0;3578444.55521422;1494620.74755832;392870.3521877;82.082701921463;523442.454670727;279574.616939131;563849.678973358;17.8151113485381;121748.437024235;96675.4982800553;262870.013682472;0;-4.51614583333333;0;;35.1515151515151;;;42.2598927322723
6/8/2019 1:39:57 AM;0.001;0.0005;2.3261;3327.00006066666;S;6002.6907968889;W;0;3578444.55521422;1494620.74755832;392870.3521877;74.5426225662231;523449.124506404;279574.616939131;563854.681856691;49.1497603781354;121751.203252347;96675.4982800553;262875.016565805;0;-4.50861224489796;0;;35.1515151515151;;;53.1751402938138
6/8/2019 1:44:57 AM;0.005;0.0025;2.32243333333333;3326.99718222225;S;6002.69123744445;W;0;3578444.55521422;1494620.74755832;392870.3521877;76.9221925735474;523455.337754463;279574.616939131;563859.684740025;52.3400637599651;121755.449002659;96675.4982800553;262880.019449138;0;-4.50829166666667;0;;35.1515151515151;;;55.6954606883645
6/8/2019 1:49:57 AM;0.00133333333333333;0.000666666666666667;2.30076666666666;3326.99868511112;S;6002.69115399997;W;0;3578444.55521422;1494620.74755832;392870.3521877;84.5924520492554;523462.017448745;279574.616939131;563864.687573359;53.6571239656778;121759.88207563;96675.4982800553;262885.022282471;0;-4.48787083333333;0;;35.1515151515151;;;60.101982918531
6/8/2019 1:54:57 AM;0.00466666666666667;0.00233333333333333;2.3125;3326.99914866667;S;6002.69133844444;W;0;3578444.55521422;1494620.74755832;392870.3521877;84.1738092899323;523469.11408402;279574.616939131;563869.690506693;53.1850169952733;121764.351389;96675.4982800553;262890.025215803;0;-4.51015102040816;0;;35.1515151515151;;;59.4161770510534
6/8/2019 1:59:57 AM;0;0;2.277;3326.99925355555;S;6002.69337188889;W;0;3578444.55521422;1494620.74755832;392870.3521877;83.2323253154755;523476.123492327;279574.616939131;563874.693456693;50.8285197041815;121768.694362409;96675.4982800553;262895.028165803;0;-4.49022708333333;0;;35.1515151515151;;;59.0155823241352
6/8/2019 2:04:57 AM;0;0;2.32093333333333;3326.99723577778;S;6002.69108833334;W;0;3578444.55521422;1494620.74755832;392870.3521877;85.3445756435394;523483.146408449;279574.616939131;563879.696290026;20.2987751624966;121771.63962109;96675.4982800553;262897.112682469;0;-4.43603333333333;0;;35.1515151515151;;;45.4905439086404
6/8/2019 2:09:57 AM;0;0;2.34123333333333;3326.99857833335;S;6002.69169011111;W;0;3578444.55521422;1494620.74755832;392870.3521877;80.07195353508;523490.100263508;279574.616939131;563884.699140027;0;121771.63962109;96675.4982800553;262897.112682469;0;-4.46475714285714;0;;35.1515151515151;;;34.2919559507417
6/8/2019 2:14:57 AM;0.001;0.0005;2.30253333333333;3326.99903977778;S;6002.68882211111;W;0;3578444.55521422;1494620.74755832;392870.3521877;84.2006170749664;523496.939169927;279574.616939131;563889.702006693;0;121771.63962109;96675.4982800553;262897.112682469;0;-4.46116666666667;0;;35.1515151515151;;;36.5745174053244
6/8/2019 2:19:57 AM;0.00366666666666667;0.00183333333333333;2.42353333333334;3326.99987722224;S;6002.69148577776;W;0;3578444.55521422;1494620.74755832;392870.3521877;82.8620159626007;523503.795191777;279574.616939131;563894.704856694;0;121771.63962109;96675.4982800553;262897.112682469;0;-4.47373333333333;0;;35.1515151515151;;;34.2306342627353
6/8/2019 2:24:57 AM;0;0;2.33743333333334;3326.99796833333;S;6002.6910395555;W;0;3578444.55521422;1494620.74755832;392870.3521877;84.3451702594757;523510.783634975;279574.616939131;563899.707706694;46.5330593398375;121774.397568813;96675.4982800553;262901.948782469;0;-4.44013673469388;0;;35.1515151515151;;;56.1205314068827
6/8/2019 2:29:57 AM;0.000333333333333333;0.000166666666666667;2.31516666666666;3326.99741866667;S;6002.69205822225;W;0;3578444.55521422;1494620.74755832;392870.3521877;86.4303517341614;523517.936515977;279574.616939131;563904.710540028;52.1607557660155;121778.517627573;96675.4982800553;262906.951615801;0;-4.439175;0;;35.1515151515151;;;60.0383675432617
6/8/2019 2:34:57 AM;0;0;2.33943333333333;3326.99766222223;S;6002.69139711114;W;0;3578444.55521422;1494620.74755832;392870.3521877;86.7217326164246;523525.23739914;279574.616939131;563909.713440028;54.5018398429884;121782.979818607;96675.4982800553;262911.954515801;0;-4.41628571428571;0;;35.1515151515151;;;60.4357232082799
6/8/2019 2:39:57 AM;0.0163333333333333;0.00816666666666666;2.35;3326.99849177774;S;6002.69106255558;W;0;3578444.55521422;1494620.74755832;392870.3521877;84.1669642925262;523532.228112417;279574.616939131;563914.716306695;55.0250198584128;121787.557386854;96675.4982800553;262916.957382467;0;-4.45566875;0;;35.1515151515151;;;59.2504911389108
6/8/2019 2:44:57 AM;0.0276666666666666;0.0138564273789649;2.22973244147157;3326.99788911112;S;6002.69299377781;W;0;3578444.55521422;1494620.74755832;392870.3521877;86.0889387130737;523539.42675488;279574.616939131;563919.719173362;53.621096633573;121792.100432218;96675.4982800553;262921.960249133;0;-4.46823541666667;0;;35.1515151515151;;;62.6565048514944
6/8/2019 2:49:57 AM;0.0309999999999999;0.0155;2.42083333333333;3326.99668711112;S;6002.69218588888;W;0;3578444.55521422;1494620.74755832;392870.3521877;83.0821001529694;523546.439651794;279574.616939131;563924.722006695;47.4442367960759;121796.315577272;96675.4982800553;262926.629549133;0;-4.49245510204082;0;;35.1515151515151;;;53.9095041887886
6/8/2019 2:54:57 AM;0.0133333333333333;0.00666666666666667;2.35070000000001;3326.99766988888;S;6002.69087488885;W;0;3578444.55521422;1494620.74755832;392870.3521877;80.7331109046936;523553.227979107;279574.616939131;563929.724840029;0;121796.315577272;96675.4982800553;262926.629549133;0;-4.50279375;0;;35.1515151515151;;;34.3525461083032
6/8/2019 2:59:57 AM;0.00133333333333333;0.000666666666666667;2.31566666666666;3326.99827366667;S;6002.69260744444;W;0;3578444.55521422;1494620.74755832;392870.3521877;77.774852514267;523559.877667505;279574.616939131;563934.727673363;0;121796.315577272;96675.4982800553;262926.629549133;0;-4.5004375;0;;35.1515151515151;;;33.6575785186993
6/8/2019 3:04:57 AM;0.0376666666666666;0.0188333333333333;2.32359999999999;3326.99802422223;S;6002.69234066658;W;0;3578444.55521422;1494620.74755832;392870.3521877;61.4349675178528;523565.73921443;279574.616939131;563939.730556696;0;121796.315577272;96675.4982800553;262926.629549133;0;-4.5247693877551;0;;35.1515151515151;;;26.5272576045399
6/8/2019 3:09:57 AM;0.0973333333333338;0.0486666666666669;2.27996666666667;3326.99795244447;S;6002.69202344445;W;0;3578444.55521422;1494620.74755832;392870.3521877;83.4778332710266;523571.690965053;279574.616939131;563944.733423363;23.5869443814821;121799.252121416;96675.4982800553;262929.131015799;0;-4.55148958333333;0;;35.1515151515151;;;47.2545469292006
6/8/2019 3:14:57 AM;0.0516666666666665;0.0258333333333333;2.35503333333333;3326.9980578889;S;6002.69052811116;W;0;3578444.55521422;1494620.74755832;392870.3521877;87.1421813964844;523578.769970634;279574.616939131;563949.652923364;49.9454392865622;121802.26231259;96675.4982800553;262934.050499132;0;-4.533425;0;;35.1515151515151;;;58.2405894079238
6/8/2019 3:19:57 AM;0.00233333333333333;0.00116666666666667;2.3674;3326.9974317778;S;6002.69067800003;W;0;3578444.55521422;1494620.74755832;392870.3521877;84.7465932369232;523585.872486357;279574.616939131;563954.655773364;52.7039762526895;121806.521551834;96675.4982800553;262939.053365798;0;-4.54477346938776;0;;35.1515151515151;;;58.1364504798419
6/8/2019 3:24:57 AM;0.00133333333333333;0.000666666666666667;2.36056666666666;3326.99991366667;S;6002.68992199999;W;0;3578444.55521422;1494620.74755832;392870.3521877;84.3997693061829;523592.960295699;279574.616939131;563959.658623365;53.5710669718291;121810.963523852;96675.4982800553;262944.05619913;0;-4.55070416666667;0;;35.1515151515151;;;58.4877052323921
6/8/2019 3:29:57 AM;0;0;2.2767;3326.99778844445;S;6002.69123088889;W;0;3578444.55521422;1494620.74755832;392870.3521877;75.5776405334473;523599.724173797;279574.616939131;563964.661423365;52.8238754680802;121815.413897664;96675.4982800553;262949.05899913;0;-4.5192875;0;;35.1515151515151;;;56.4199239833344
6/8/2019 3:34:57 AM;0;0;2.2651;3326.99769300003;S;6002.6903833333;W;0;3578444.55521422;1494620.74755832;392870.3521877;79.3541550636292;523606.064361822;279574.616939131;563969.664306699;50.2400289923354;121819.71756261;96675.4982800553;262954.061882463;0;-4.53015510204082;0;;35.1515151515151;;;57.3329800872081
6/8/2019 3:39:57 AM;0.000333333333333333;0.000166666666666667;2.39056666666666;3326.99787455559;S;6002.69086355555;W;0;3578444.55521422;1494620.74755832;392870.3521877;82.0836925506592;523612.840477046;279574.616939131;563974.667190032;10.5416756007787;121822.228530046;96675.4982800553;262955.145849129;0;-4.54677708333333;0;;35.1515151515151;;;38.6383414128972
6/8/2019 3:44:57 AM;0;0;2.35646666666667;3326.99891666668;S;6002.69108322223;W;0;3578444.55521422;1494620.74755832;392870.3521877;77.2254288196564;523619.441668521;279574.616939131;563979.670023366;0;121822.228530046;96675.4982800553;262955.145849129;0;-4.56876875;0;;35.1515151515151;;;32.8195543788413
6/8/2019 3:49:57 AM;0.00133333333333333;0.000666666666666667;2.35886666666666;3326.9973602222;S;6002.69044088891;W;0;3578444.55521422;1494620.74755832;392870.3521877;82.5038051605225;523626.155397632;279574.616939131;563984.672840033;0;121822.228530046;96675.4982800553;262955.145849129;0;-4.55400612244898;0;;35.1515151515151;;;34.9740509731831
6/8/2019 3:54:57 AM;0;0;2.3428;3326.99609755556;S;6002.69163088893;W;0;3578444.55521422;1494620.74755832;392870.3521877;82.8199660778046;523633.021354403;279574.616939131;563989.675690033;6.26626224910691;121822.929046115;96675.4982800553;262955.812899129;0;-4.59547291666667;0;;35.1515151515151;;;38.0827519932864
6/8/2019 3:59:57 AM;0;0;2.34613333333333;3326.99708333333;S;6002.69100177776;W;0;3578444.55521422;1494620.74755832;392870.3521877;81.7693912982941;523639.8963739;279574.616939131;563994.6785067;48.8139576500171;121825.195679977;96675.4982800553;262960.815715795;0;-4.56400816326531;0;;35.1515151515151;;;55.6911424631202
6/8/2019 4:04:57 AM;0;0;2.33456666666667;3327.00004511111;S;6002.69077811109;W;0;3578444.55521422;1494620.74755832;392870.3521877;82.1972000598907;523646.659607243;279574.616939131;563999.681406701;52.5223150963264;121829.433878995;96675.4982800553;262965.818615795;0;-4.61825;0;;35.1515151515151;;;57.7379698854661
6/8/2019 4:09:57 AM;0.008;0.004;2.33946666666666;3326.99930422222;S;6002.69194777775;W;0;3578444.55521422;1494620.74755832;392870.3521877;81.1337721347809;523653.479481174;279574.616939131;564004.684240035;54.1410605966234;121833.897540957;96675.4982800553;262970.821449128;0;-4.58840416666667;0;;35.1515151515151;;;57.8702076276939
6/8/2019 4:14:57 AM;0.00866666666666667;0.00433333333333333;2.3163;3326.99684877777;S;6002.68997022223;W;0;3578444.55521422;1494620.74755832;392870.3521877;83.8149082660675;523660.408149205;279574.616939131;564009.687173368;54.2830888857846;121838.424992149;96675.4982800553;262975.82438246;0;-4.6001693877551;0;;35.1515151515151;;;59.7270249440504
6/8/2019 4:19:57 AM;0.007;0.0035;2.33749999999999;3327.00009411112;S;6002.68824311111;W;0;3578444.55521422;1494620.74755832;392870.3521877;80.5284333229065;523667.219919878;279574.616939131;564014.690040035;52.4440633813626;121842.88867774;96675.4982800553;262980.827249126;0;-4.60646875;0;;35.1515151515151;;;56.9559875286364
6/8/2019 4:24:57 AM;0.028;0.014;2.28536666666667;3326.99876255557;S;6002.68951577778;W;0;3578444.55521422;1494620.74755832;392870.3521877;78.2906377315521;523673.776944599;279574.616939131;564019.692873369;35.6367347937218;121846.551524414;96675.4982800553;262984.412615793;0;-4.646525;0;;35.1515151515151;;;50.0818095892477
6/8/2019 4:29:57 AM;0.00233333333333333;0.00116666666666667;2.3106;3326.99786622224;S;6002.69037155555;W;0;3578444.55521422;1494620.74755832;392870.3521877;80.8754360675812;523680.486573794;279574.616939131;564024.695790036;0;121846.551524414;96675.4982800553;262984.412615793;0;-4.62094285714286;0;;35.1515151515151;;;35.0759555894835
6/8/2019 4:34:57 AM;0.007;0.0035;2.35633333333334;3326.99663544446;S;6002.69143477776;W;0;3578444.55521422;1494620.74755832;392870.3521877;78.1755065917969;523687.058036476;279574.616939131;564029.698706703;0;121846.551524414;96675.4982800553;262984.412615793;0;-4.62453333333333;0;;35.1515151515151;;;33.1476905398894
6/8/2019 4:39:57 AM;0.0223333333333333;0.0111666666666667;2.35886666666667;3326.99729944445;S;6002.6916382222;W;0;3578444.55521422;1494620.74755832;392870.3521877;84.3608736991882;523693.846474741;279574.616939131;564034.701606703;0;121846.551524414;96675.4982800553;262984.412615793;0;-4.64809583333334;0;;35.1515151515151;;;35.7739725587816
6/8/2019 4:44:57 AM;0;0;2.35786666666667;3326.99779533335;S;6002.69145522226;W;0;3578444.55521422;1494620.74755832;392870.3521877;78.6012947559357;523700.728241318;279574.616939131;564039.704456704;30.593493698836;121849.294075517;96675.4982800553;262987.664449125;0;-4.69480408163266;0;;35.1515151515151;;;46.2336483788397
6/8/2019 4:49:57 AM;0.00233333333333333;0.00116666666666667;2.30983333333333;3326.99836355558;S;6002.69114744442;W;0;3578444.55521422;1494620.74755832;392870.3521877;80.3427958488464;523707.328662243;279574.616939131;564044.707273371;50.2056068281296;121852.643105787;96675.4982800553;262992.667265792;0;-4.69365;0;;35.1515151515151;;;56.5745452932097
6/8/2019 4:54:57 AM;0.00766666666666667;0.00383333333333333;2.35843333333333;3326.99775122226;S;6002.69112244441;W;0;3578444.55521422;1494620.74755832;392870.3521877;85.9265613555908;523714.160877752;279574.616939131;564049.710190038;52.9775428721057;121856.96062995;96675.4982800553;262997.670199124;0;-4.69914791666667;0;;35.1515151515151;;;58.9083054491757
6/8/2019 4:59:57 AM;0;0;2.2658;3326.99805444445;S;6002.69059566667;W;0;3578444.55521422;1494620.74755832;392870.3521877;80.9340441226959;523721.27941446;279574.616939131;564054.712990038;53.8928546497747;121861.427614968;96675.4982800553;263002.672982457;0;-4.71865510204082;0;;35.1515151515151;;;59.5614267868735
6/8/2019 5:04:57 AM;0;0;2.36206666666667;3326.999134;S;6002.68971577775;W;0;3578444.55521422;1494620.74755832;392870.3521877;70.8793222904205;523727.345125061;279574.616939131;564059.715873372;53.076497353354;121865.903645914;96675.4982800553;263007.67586579;0;-4.69757708333334;0;;35.1515151515151;;;52.4391436272291
6/8/2019 5:09:57 AM;0;0;2.37526666666666;3326.99966011113;S;6002.69235500003;W;0;3578444.55521422;1494620.74755832;392870.3521877;95.9042108058929;523734.283459822;279574.616939131;564064.718790039;50.4220455584406;121870.22468807;96675.4982800553;263012.678782456;0;-4.73019591836735;0;;35.1515151515151;;;61.5752961620663
6/8/2019 5:14:57 AM;0.00266666666666667;0.00133333333333333;2.35013333333333;3326.99749411766;S;6002.69208390678;W;0;3578444.55521422;1494620.74755832;392870.3521877;99.300502538681;523742.722285454;279574.616939131;564069.721656706;9.75026777800262;121872.709315855;96675.4982800553;263013.679399123;0;-4.77297708333334;0;;35.1515151515151;;;46.3766054170701
6/8/2019 5:19:57 AM;0.0423333333333332;0.0211666666666666;2.31366666666666;3326.99748;S;6002.69155033332;W;0;3578444.55521422;1494620.74755832;392870.3521877;101.33064866066;523751.012685229;279574.616939131;564074.724523373;0;121872.709315855;96675.4982800553;263013.679399123;0;-4.75883958333334;0;;35.1515151515151;;;43.8307450616199
6/8/2019 5:24:57 AM;0.00166666666666667;0.000833333333333333;2.27633333333333;3326.99923999998;S;6002.69138366668;W;0;3578444.55521422;1494620.74755832;392870.3521877;94.7261774539948;523759.209265435;279574.616939131;564079.727356706;0;121872.709315855;96675.4982800553;263013.679399123;0;-4.77405102040817;0;;35.1515151515151;;;41.6242771044602
6/8/2019 5:29:57 AM;0;0;2.38040000000001;3326.99806899999;S;6002.69242366666;W;0;3578444.55521422;1494620.74755832;392870.3521877;86.5474104881287;523766.785119068;279574.616939131;564084.730173373;0;121872.709315855;96675.4982800553;263013.679399123;0;-4.797325;0;;35.1515151515151;;;36.3786679285207
6/8/2019 5:34:57 AM;0.001;0.0005;2.31536666666667;3326.99621466667;S;6002.6907956666;W;0;3578444.55521422;1494620.74755832;392870.3521877;88.2612669467926;523774.000799987;279574.616939131;564089.733056707;26.3778745899005;121874.20623732;96675.4982800553;263016.43096579;0;-4.81381875;0;;35.1515151515151;;;49.8369337526102
6/8/2019 5:39:57 AM;0.00133333333333333;0.000666666666666667;2.29313333333333;3326.99878100001;S;6002.69106666663;W;0;3578444.55521422;1494620.74755832;392870.3521877;83.1988140688104;523781.050642095;279574.616939131;564094.652556708;51.9752129706872;121877.414336102;96675.4982800553;263021.350465789;0;-4.7886693877551;0;;35.1515151515151;;;58.9620899567558
6/8/2019 5:44:57 AM;0.00366666666666667;0.00183333333333333;2.32203333333333;3326.99725466667;S;6002.69318799999;W;0;3578444.55521422;1494620.74755832;392870.3521877;81.9340717792511;523787.943905855;279574.616939131;564099.655406708;55.8471103089774;121881.89011674;96675.4982800553;263026.353315788;0;-4.84445;0;;35.1515151515151;;;59.4517936386799
6/8/2019 5:49:57 AM;0;0;2.3308;3326.997597;S;6002.69140633335;W;0;3578444.55521422;1494620.74755832;392870.3521877;84.2688989639282;523794.86300554;279574.616939131;564104.658273375;57.460113685686;121886.630579742;96675.4982800553;263031.356182454;0;-4.8602224489796;0;;35.1515151515151;;;60.8252505580095
6/8/2019 5:54:57 AM;0;0;2.35016666666667;3326.99870566667;S;6002.69252299997;W;0;3578444.55521422;1494620.74755832;392870.3521877;83.7794673442841;523801.894013049;279574.616939131;564109.661106708;57.3851525951994;121891.430250351;96675.4982800553;263036.359015787;0;-4.79968125;0;;35.1515151515151;;;60.2485350560371
6/8/2019 5:59:57 AM;0;0;2.38083333333334;3326.99867333334;S;6002.691709;W;0;3578444.55521422;1494620.74755832;392870.3521877;84.1616213321686;523808.898279298;279574.616939131;564114.663956709;55.3133135649045;121896.140092666;96675.4982800553;263041.361865787;0;-4.86251458333334;0;;35.1515151515151;;;58.6640031539575
6/8/2019 6:04:57 AM;0;0;2.3501;3326.99834400002;S;6002.69266933337;W;0;3578444.55521422;1494620.74755832;392870.3521877;82.331131696701;523815.668631215;279574.616939131;564119.666856709;30.4370505102272;121899.707458908;96675.4982800553;263044.280182453;0;-4.88253469387756;0;;35.1515151515151;;;48.0520254915908
6/8/2019 6:09:57 AM;0;0;2.47933333333334;3326.99918800001;S;6002.69151833332;W;0;3578444.55521422;1494620.74755832;392870.3521877;81.9123315811157;523822.733996096;279574.616939131;564124.66975671;0;121899.707458908;96675.4982800553;263044.280182453;0;-4.88136458333334;0;;35.1515151515151;;;33.0516965406241
6/8/2019 6:14:57 AM;0;0;2.37879999999999;3326.99776500001;S;6002.692535;W;0;3578444.55521422;1494620.74755832;392870.3521877;85.0081264972687;523829.669768077;279574.616939131;564129.672640043;0;121899.707458908;96675.4982800553;263044.280182453;0;-4.90492708333334;0;;35.1515151515151;;;35.7640614644531
6/8/2019 6:19:57 AM;0.000666666666666667;0.000333333333333333;2.36496666666667;3326.99961366667;S;6002.69151233333;W;0;3578444.55521422;1494620.74755832;392870.3521877;84.4014716148376;523836.647847891;279574.616939131;564134.67545671;0;121899.707458908;96675.4982800553;263044.280182453;0;-4.85868367346939;0;;35.1515151515151;;;35.6992738632505
6/8/2019 6:24:57 AM;0;0;2.37356666666667;3326.99798499999;S;6002.69065233334;W;0;3578444.55521422;1494620.74755832;392870.3521877;81.7675137519836;523843.584737787;279574.616939131;564139.678440044;41.5012548449503;121902.673034351;96675.4982800553;263048.616065786;0;-4.8774375;0;;35.1515151515151;;;52.0877522819679
6/8/2019 6:29:57 AM;0;0;2.28446666666666;3326.9991686667;S;6002.69202033332;W;0;3578444.55521422;1494620.74755832;392870.3521877;83.1527388095856;523850.496300853;279574.616939131;564144.681190045;51.3602027094241;121906.539841487;96675.4982800553;263053.618815785;0;-4.93477291666667;0;;35.1515151515151;;;58.9331746864118
6/8/2019 6:34:57 AM;0;0;2.337;3326.99875766666;S;6002.69125699999;W;0;3578444.55521422;1494620.74755832;392870.3521877;85.4455018043518;523857.494341954;279574.616939131;564149.684140045;53.7185721338541;121910.93474603;96675.4982800553;263058.621765785;0;-4.95024081632654;0;;35.1515151515151;;;59.5619856140199
6/8/2019 6:39:57 AM;0;0;2.29590000000001;3326.99759666667;S;6002.69070233336;W;0;3578444.55521422;1494620.74755832;392870.3521877;87.927793264389;523864.786524568;279574.616939131;564154.687006712;54.3045319009364;121915.449562637;96675.4982800553;263063.624632451;0;-4.95048125;0;;35.1515151515151;;;62.0289165301522
6/8/2019 6:44:57 AM;0;0;2.32206666666667;3326.99645066668;S;6002.69102233333;W;0;3578444.55521422;1494620.74755832;392870.3521877;84.6283829212189;523871.905117088;279574.616939131;564159.689873379;53.0005720965721;121919.937750703;96675.4982800553;263068.627499117;0;-4.91121041666667;0;;35.1515151515151;;;59.3861463281664
6/8/2019 6:49:57 AM;0;0;2.33876666666666;3326.99775300001;S;6002.6925526667;W;0;3578444.55521422;1494620.74755832;392870.3521877;87.2521376609802;523879.099383186;279574.616939131;564164.692706712;50.1009980160985;121924.240966691;96675.4982800553;263073.63033245;0;-4.9756306122449;0;;35.1515151515151;;;58.7380591749793
6/8/2019 6:54:57 AM;0;0;2.3119;3326.99905833335;S;6002.69132666668;W;0;3578444.55521422;1494620.74755832;392870.3521877;86.049610376358;523886.414985947;279574.616939131;564169.695556713;1.6294519900737;121926.373886275;96675.4982800553;263073.797099116;0;-4.985825;0;;35.1515151515151;;;37.9750240283465
6/8/2019 6:59:57 AM;0.00133333333333333;0.000666666666666667;2.3853;3326.99753800001;S;6002.69041299997;W;0;3578444.55521422;1494620.74755832;392870.3521877;81.7594885826111;523893.312656516;279574.616939131;564174.698423379;0;121926.373886275;96675.4982800553;263073.797099116;0;-4.96304791666667;0;;35.1515151515151;;;34.2827237011702
6/8/2019 7:04:57 AM;0.002;0.001;2.34796666666666;3326.99761600001;S;6002.69411566668;W;0;3578444.55521422;1494620.74755832;392870.3521877;74.2154467105865;523900.016483702;279574.616939131;564179.701206713;0;121926.373886275;96675.4982800553;263073.797099116;0;-4.94100816326531;0;;35.1515151515151;;;31.6924966873933
6/8/2019 7:09:57 AM;0.000333333333333333;0.000166666666666667;2.39620000000001;3326.99601566668;S;6002.691519;W;0;3578444.55521422;1494620.74755832;392870.3521877;78.7095952033997;523906.136188114;279574.616939131;564184.704090047;18.8304702178865;121927.224714409;96675.4982800553;263075.798265783;0;-5.02038333333333;0;;35.1515151515151;;;40.6722914698794
6/8/2019 7:14:57 AM;0.005;0.0025;2.3885;3326.99882566667;S;6002.69355233332;W;0;3578444.55521422;1494620.74755832;392870.3521877;83.4262382984161;523912.940605398;279574.616939131;564189.706923381;49.8065163183201;121930.059340393;96675.4982800553;263080.801115782;0;-4.97332244897959;0;;35.1515151515151;;;55.794389239666
6/8/2019 7:19:57 AM;0.003;0.0015;2.33763333333333;3326.99973733334;S;6002.69002133332;W;0;3578444.55521422;1494620.74755832;392870.3521877;78.8580715656281;523919.788082916;279574.616939131;564194.709790048;53.1232663480334;121934.366682553;96675.4982800553;263085.803965781;0;-5.02666666666667;0;;35.1515151515151;;;56.4360048181217
6/8/2019 7:24:57 AM;0;0;2.30823333333333;3326.99919466668;S;6002.69278733332;W;0;3578444.55521422;1494620.74755832;392870.3521877;89.1406774520874;523926.610317925;279574.616939131;564199.712656714;54.5803862047509;121938.869685673;96675.4982800553;263090.806832448;0;-5.05101458333333;0;;35.1515151515151;;;62.3285837679785
6/8/2019 7:29:57 AM;0.003;0.0015;2.3488;3326.99801733333;S;6002.69192466666;W;0;3578444.55521422;1494620.74755832;392870.3521877;91.9782400131226;523934.393828004;279574.616939131;564204.715506715;54.2285165944207;121943.420715924;96675.4982800553;263095.809682447;0;-5.08180612244898;0;;35.1515151515151;;;62.2598223485811
6/8/2019 7:34:57 AM;0;0;2.3646;3326.99807566666;S;6002.69143166666;W;0;3578444.55521422;1494620.74755832;392870.3521877;82.5897824764252;523941.629767404;279574.616939131;564209.718356715;51.9176470638422;121947.853671391;96675.4982800553;263100.812532446;0;-5.0565125;0;;35.1515151515151;;;56.9429974286809
6/8/2019 7:39:57 AM;0;0;2.32756666666667;3326.99878166667;S;6002.69103499997;W;0;3578444.55521422;1494620.74755832;392870.3521877;79.9849033355713;523948.371627837;279574.616939131;564214.721223383;27.1682697620182;121951.134946048;96675.4982800553;263103.564049113;0;-5.03452083333333;0;;35.1515151515151;;;46.1056170052558
6/8/2019 7:44:57 AM;0;0;2.38063333333333;3326.997929;S;6002.69151333332;W;0;3578444.55521422;1494620.74755832;392870.3521877;79.5242178440094;523955.036121841;279574.616939131;564219.724073383;0;121951.134946048;96675.4982800553;263103.564049113;0;-5.0902693877551;0;;35.1515151515151;;;33.4375659494798
6/8/2019 7:49:57 AM;0.00366666666666667;0.00183333333333333;2.36503333333333;3326.99797333334;S;6002.69244899999;W;0;3578444.55521422;1494620.74755832;392870.3521877;84.71959233284;523961.869733554;279574.616939131;564224.726973383;0;121951.134946048;96675.4982800553;263103.564049113;0;-5.1036375;0;;35.1515151515151;;;35.8393082665679
6/8/2019 7:54:57 AM;0.00233333333333333;0.00116666666666667;2.2645;3327.00075033332;S;6002.69073699996;W;0;3578444.55521422;1494620.74755832;392870.3521877;83.2224977016449;523968.765865719;279574.616939131;564229.729823384;0;121951.134946048;96675.4982800553;263103.564049113;0;-5.08243125;0;;35.1515151515151;;;36.8159664007998
6/8/2019 7:59:57 AM;0;0;2.33423333333333;3326.99917800002;S;6002.69390500001;W;0;3578444.55521422;1494620.74755832;392870.3521877;84.6792912483215;523975.833327234;279574.616939131;564234.732690051;13.4688464251041;121952.821305393;96675.4982800553;263104.981599112;0;-5.13335510204081;0;;35.1515151515151;;;42.1283024702594
6/8/2019 8:04:57 AM;0;0;2.29236666666667;3326.99851366665;S;6002.69209899998;W;0;3578444.55521422;1494620.74755832;392870.3521877;84.1014683246613;523982.92720666;279574.616939131;564239.735573384;50.7544770785213;121955.46260386;96675.4982800553;263109.984482445;0;-5.06279583333333;0;;35.1515151515151;;;58.836513879148
6/8/2019 8:09:57 AM;0;0;2.3378;3326.99832133334;S;6002.69126766659;W;0;3578444.55521422;1494620.74755832;392870.3521877;80.5367534443483;523989.729087311;279574.616939131;564244.655023385;55.3713901119257;121959.866437081;96675.4982800553;263114.903932445;0;-5.09719387755102;0;;35.1515151515151;;;58.1523024798168
6/8/2019 8:14:57 AM;0;0;2.31113333333333;3326.99826000001;S;6002.69201333327;W;0;3578444.55521422;1494620.74755832;392870.3521877;82.1011054515839;523996.393326402;279574.616939131;564249.657856719;57.6747404892293;121964.558587383;96675.4982800553;263119.906765777;0;-5.14526458333333;0;;35.1515151515151;;;60.5200164847583
6/8/2019 8:19:57 AM;0;0;2.31403333333333;3326.997166;S;6002.69147700001;W;0;3578444.55521422;1494620.74755832;392870.3521877;88.9575576782227;524003.487534851;279574.616939131;564254.660740052;58.110734057669;121969.395000339;96675.4982800553;263124.90964911;0;-5.19238958333333;0;;35.1515151515151;;;63.5566083184436
6/8/2019 8:24:57 AM;0;0;2.27846666666666;3326.99877633333;S;6002.69234166665;W;0;3578444.55521422;1494620.74755832;392870.3521877;84.2348027229309;524010.744488836;279574.616939131;564259.663623386;56.7725312929115;121974.198938425;96675.4982800553;263129.912532443;0;-5.16413061224489;0;;35.1515151515151;;;61.9469241824243
6/8/2019 8:29:57 AM;0;0;2.31623333333333;3326.99796233333;S;6002.69161533332;W;0;3578444.55521422;1494620.74755832;392870.3521877;85.2803242206573;524017.902153646;279574.616939131;564264.666540053;48.8137898091654;121978.619955373;96675.4982800553;263134.498582442;0;-5.2450125;0;;35.1515151515151;;;57.9425043649836
6/8/2019 8:34:57 AM;0;0;2.31406666666667;3326.99774533333;S;6002.69118566665;W;0;3578444.55521422;1494620.74755832;392870.3521877;84.3105375766754;524024.971761774;279574.616939131;564269.669490054;0;121978.619955373;96675.4982800553;263134.498582442;0;-5.24658333333333;0;;35.1515151515151;;;36.4238925841059
6/8/2019 8:39:57 AM;0;0;2.3476;3326.99881399999;S;6002.69094766664;W;0;3578444.55521422;1494620.74755832;392870.3521877;84.4997406005859;524031.886718943;279574.616939131;564274.672340054;0;121978.619955373;96675.4982800553;263134.498582442;0;-5.24414693877551;0;;35.1515151515151;;;35.9848199058575
6/8/2019 8:44:57 AM;0;0;2.25293333333333;3326.99815866669;S;6002.69205799998;W;0;3578444.55521422;1494620.74755832;392870.3521877;86.3585042953491;524039.046382387;279574.616939131;564279.675206721;0;121978.619955373;96675.4982800553;263134.498582442;0;-5.26229166666666;0;;35.1515151515151;;;38.3515877218355
6/8/2019 8:49:57 AM;0;0;2.34983333333334;3326.99822000005;S;6002.69178833336;W;0;3578444.55521422;1494620.74755832;392870.3521877;88.714724779129;524046.244231893;279574.616939131;564284.678240055;20.5119157578918;121981.467701304;96675.4982800553;263136.666582442;0;-5.28506875;0;;35.1515151515151;;;46.8703703871851
6/8/2019 8:54:57 AM;0;0;2.4147;3326.99713933334;S;6002.69074399998;W;0;3578444.55521422;1494620.74755832;392870.3521877;85.1386857032776;524053.658841596;279574.616939131;564289.681140055;50.3257838887234;121984.393250118;96675.4982800553;263141.669482441;0;-5.32801020408163;0;;35.1515151515151;;;56.2674190979806
6/8/2019 8:59:57 AM;0;0;2.3707;3326.99800333334;S;6002.69256666668;W;0;3578444.55521422;1494620.74755832;392870.3521877;87.7707767486572;524060.974324973;279574.616939131;564294.684090055;53.6709465656131;121988.745570256;96675.4982800553;263146.672432441;0;-5.31491458333333;0;;35.1515151515151;;;59.6732973077695
6/8/2019 9:04:57 AM;0;0;2.33126666666667;3326.99813800001;S;6002.69329433334;W;0;3578444.55521422;1494620.74755832;392870.3521877;75.2994275093079;524067.759726228;279574.616939131;564299.687023389;55.161081487957;121993.296544817;96675.4982800553;263151.675365773;0;-5.3298375;0;;35.1515151515151;;;56.0469550604769
6/8/2019 9:09:57 AM;0;0;2.27543333333333;3326.99910600001;S;6002.69141166669;W;0;3578444.55521422;1494620.74755832;392870.3521877;80.3043866157532;524073.94905445;279574.616939131;564304.689890056;54.9047781768803;121997.899206114;96675.4982800553;263156.678232439;0;-5.37725102040816;0;;35.1515151515151;;;59.4703259782776
6/8/2019 9:14:57 AM;0.00133333333333333;0.000666666666666667;2.23236666666667;3326.997987;S;6002.69200766665;W;0;3578444.55521422;1494620.74755832;392870.3521877;90.8837985992432;524081.220566061;279574.616939131;564309.69282339;52.6933685762496;122002.393942376;96675.4982800553;263161.681182439;0;-5.39424166666666;0;;35.1515151515151;;;64.3786862067935
6/8/2019 9:19:57 AM;0;0;2.2923;3326.99748533333;S;6002.69252299999;W;0;3578444.55521422;1494620.74755832;392870.3521877;92.8482019901276;524088.869830241;279574.616939131;564314.695656724;26.7694629954002;122005.690144428;96675.4982800553;263164.349332439;0;-5.3918693877551;0;;35.1515151515151;;;52.4373119539248
6/8/2019 9:24:57 AM;0.005;0.0025;2.32333333333333;3326.99850066667;S;6002.69183733336;W;0;3578444.55521422;1494620.74755832;392870.3521877;88.8832676410675;524096.56048651;279574.616939131;564319.698540057;0;122005.690144428;96675.4982800553;263164.349332439;0;-5.45000625;0;;35.1515151515151;;;38.3392578247488
6/8/2019 9:29:57 AM;0.000333333333333333;0.000166666666666667;2.34576666666666;3326.99779666668;S;6002.69196766667;W;0;3578444.55521422;1494620.74755832;392870.3521877;84.8543071746826;524103.691016104;279574.616939131;564324.701390058;0;122005.690144428;96675.4982800553;263164.349332439;0;-5.57645833333333;0;;35.1515151515151;;;36.209905622525
6/8/2019 9:34:57 AM;0;0;2.39826666666666;3326.99752033333;S;6002.69047999998;W;0;3578444.55521422;1494620.74755832;392870.3521877;83.9363193511963;524110.762481762;279574.616939131;564329.704340058;0;122005.690144428;96675.4982800553;263164.349332439;0;-5.62576326530612;0;;35.1515151515151;;;35.0435408121413
6/8/2019 9:39:57 AM;0;0;2.36563333333334;3326.99853000001;S;6002.69060266668;W;0;3578444.55521422;1494620.74755832;392870.3521877;84.9252033233643;524117.719529803;279574.616939131;564334.707290059;41.4841804945952;122008.512233931;96675.4982800553;263168.685199105;0;-5.63300833333333;0;;35.1515151515151;;;53.3551419355962
6/8/2019 9:44:57 AM;0;0;2.38613333333333;3326.99913866668;S;6002.69147566669;W;0;3578444.55521422;1494620.74755832;392870.3521877;81.566344499588;524124.755224839;279574.616939131;564339.710156726;51.4316086520412;122012.380780179;96675.4982800553;263173.688065771;0;-5.758675;0;;35.1515151515151;;;55.8405180592268
6/8/2019 9:49:57 AM;0;0;2.3181;3326.99721066667;S;6002.69066300002;W;0;3578444.55521422;1494620.74755832;392870.3521877;84.5840549468994;524131.657052836;279574.616939131;564344.71304006;53.8545202649334;122016.786265302;96675.4982800553;263178.690949103;0;-5.79272040816327;0;;35.1515151515151;;;59.8471044234239
6/8/2019 9:54:57 AM;0;0;2.29293333333333;3326.996459;S;6002.69110833332;W;0;3578444.55521422;1494620.74755832;392870.3521877;84.1718995571136;524138.717666773;279574.616939131;564349.715923394;54.3915897797374;122021.308183624;96675.4982800553;263183.693832436;0;-5.834075;0;;35.1515151515151;;;60.5001876604275
6/8/2019 9:59:57 AM;0.000333333333333333;0.000166666666666667;2.2769;3326.99791833334;S;6002.69069599999;W;0;3578444.55521422;1494620.74755832;392870.3521877;82.7644550800323;524145.759281139;279574.616939131;564354.718673394;53.1903372651077;122025.80857517;96675.4982800553;263188.696582436;0;-5.82229375;0;;35.1515151515151;;;59.7810374515197
6/8/2019 10:04:57 AM;0;0;2.33546666666667;3326.997998;S;6002.69018566666;W;0;3578444.55521422;1494620.74755832;392870.3521877;87.7899599075317;524152.809902032;279574.616939131;564359.721556728;50.3426262842871;122030.129091578;96675.4982800553;263193.699465768;0;-5.87119795918367;0;;35.1515151515151;;;59.1711756672743
6/8/2019 10:09:57 AM;0;0;2.3344;3326.99746533335;S;6002.69269266666;W;0;3578444.55521422;1494620.74755832;392870.3521877;82.0500040054321;524159.895428967;279574.616939131;564364.724340061;0.820660847122362;122032.239751515;96675.4982800553;263193.782865768;0;-5.86235;0;;35.1515151515151;;;35.5876735134722
6/8/2019 10:14:57 AM;0;0;2.3363;3326.99664033333;S;6002.69426699998;W;0;3578444.55521422;1494620.74755832;392870.3521877;82.6751804351807;524166.78316337;279574.616939131;564369.727173394;0;122032.239751515;96675.4982800553;263193.782865768;0;-5.92428571428572;0;;35.1515151515151;;;35.3822862232742
6/8/2019 10:19:57 AM;0;0;2.41856666666667;3326.99903633334;S;6002.690996;W;0;3578444.55521422;1494620.74755832;392870.3521877;118.028408288956;524174.95477218;279574.616939131;564374.730090061;0;122032.239751515;96675.4982800553;263193.782865768;0;-6.02650208333334;0;;35.1515151515151;;;49.5342486127729
6/8/2019 10:24:57 AM;0;0;2.32080000000001;3326.99820066669;S;6002.69095600001;W;0;3578444.55521422;1494620.74755832;392870.3521877;82.2414743900299;524183.425687478;279574.616939131;564379.732940062;11.0183384374178;122032.732351284;96675.4982800553;263194.950132435;0;-6.04299583333334;0;;35.1515151515151;;;40.4425853002801
6/8/2019 10:29:57 AM;0;0;2.2709;3326.99875466666;S;6002.69094499997;W;0;3578444.55521422;1494620.74755832;392870.3521877;87.118524312973;524190.536446781;279574.616939131;564384.735856728;49.5729221205083;122035.226625713;96675.4982800553;263199.953049101;0;-6.09355102040816;0;;35.1515151515151;;;60.2277058401889
6/8/2019 10:34:57 AM;0;0;2.33403333333333;3326.99888199999;S;6002.69223566668;W;0;3578444.55521422;1494620.74755832;392870.3521877;85.9078451738519;524197.557723692;279574.616939131;564389.655340062;53.5197406503416;122039.502547346;96675.4982800553;263204.872549101;0;-6.19536666666666;0;;35.1515151515151;;;59.7862853363318
6/8/2019 10:39:57 AM;0;0;2.31353333333333;3326.99935533334;S;6002.69255166666;W;0;3578444.55521422;1494620.74755832;392870.3521877;83.9800357818604;524204.64308138;279574.616939131;564394.658240062;55.4121110035555;122044.02404463;96675.4982800553;263209.875432433;0;-6.23542291666666;0;;35.1515151515151;;;60.3315280950641
6/8/2019 10:44:57 AM;0.00166666666666667;0.000833333333333333;2.33476666666667;3326.998033;S;6002.69196766667;W;0;3578444.55521422;1494620.74755832;392870.3521877;87.0196115970612;524211.742559673;279574.616939131;564399.661123396;55.6284776747778;122048.660465568;96675.4982800553;263214.878332433;0;-6.21434489795918;0;;35.1515151515151;;;61.0588665382902
6/8/2019 10:49:57 AM;0.00533333333333333;0.00266666666666667;2.34913333333333;3326.99739433332;S;6002.69218399999;W;0;3578444.55521422;1494620.74755832;392870.3521877;84.3202757835388;524218.960345926;279574.616939131;564404.663973396;54.0072047795297;122053.245167852;96675.4982800553;263219.881165766;0;-6.25505833333333;0;;35.1515151515151;;;58.9880178465925
6/8/2019 10:54:57 AM;0.000666666666666667;0.000333333333333333;2.33826666666667;3326.99806566667;S;6002.69309966668;W;0;3578444.55521422;1494620.74755832;392870.3521877;91.035772562027;524226.218621633;279574.616939131;564409.666873397;51.1210098665319;122057.626810749;96675.4982800553;263224.884065765;0;-6.29040208333333;0;;35.1515151515151;;;60.9519088253374
6/8/2019 10:59:57 AM;0.009;0.0045;2.37396666666667;3326.997396;S;6002.692484;W;0;3578444.55521422;1494620.74755832;392870.3521877;84.838353395462;524233.608397231;279574.616939131;564414.669740064;45.3122886023821;122061.641987212;96675.4982800553;263229.553415765;0;-6.27435714285714;0;;35.1515151515151;;;54.9892988623247
6/8/2019 11:04:57 AM;0;0;2.25483333333334;3326.99791266665;S;6002.69193433335;W;0;3578444.55521422;1494620.74755832;392870.3521877;74.760274887085;524240.124718839;279574.616939131;564419.672606731;0;122061.641987212;96675.4982800553;263229.553415765;0;-6.33124375;0;;35.1515151515151;;;33.2059442847785
6/8/2019 11:09:57 AM;0.00266666666666667;0.00133333333333333;2.28186666666666;3326.99864633335;S;6002.69181633332;W;0;3578444.55521422;1494620.74755832;392870.3521877;98.7891376018524;524247.501910463;279574.616939131;564424.675390065;0;122061.641987212;96675.4982800553;263229.553415765;0;-6.32667551020408;0;;35.1515151515151;;;43.3559640998707
6/8/2019 11:14:57 AM;0.001;0.0005;2.3939;3326.998321;S;6002.69221366668;W;0;3578444.55521422;1494620.74755832;392870.3521877;97.7734851837158;524255.690221178;279574.616939131;564429.678356732;0;122061.641987212;96675.4982800553;263229.553415765;0;-6.44591458333333;0;;35.1515151515151;;;40.8695319924288
6/8/2019 11:19:57 AM;0;0;2.35936666666667;3326.996989;S;6002.69200099995;W;0;3578444.55521422;1494620.74755832;392870.3521877;97.737021446228;524263.820644955;279574.616939131;564434.681223399;25.0143424743822;122064.554730622;96675.4982800553;263232.221632431;0;-6.44591458333333;0;;35.1515151515151;;;51.8638933267731
6/8/2019 11:24:57 AM;0.024;0.012;2.36763333333333;3326.996908;S;6002.69376866666;W;0;3578444.55521422;1494620.74755832;392870.3521877;92.3520648479462;524271.856653003;279574.616939131;564439.684090066;49.1633360936118;122067.631497078;96675.4982800553;263237.224499097;0;-6.51825306122449;0;;35.1515151515151;;;59.858247338576
6/8/2019 11:29:57 AM;0.0966666666666671;0.0483333333333336;2.27523333333333;3326.99631733332;S;6002.69289500004;W;0;3578444.55521422;1494620.74755832;392870.3521877;87.7117967605591;524279.192488277;279574.616939131;564444.686940066;51.2594666758861;122071.832527067;96675.4982800553;263242.22733243;0;-6.57236666666667;0;;35.1515151515151;;;61.1583991811719
6/8/2019 11:34:57 AM;0.0956666666666671;0.0478333333333336;2.2915;3326.99823766666;S;6002.69284166666;W;0;3578444.55521422;1494620.74755832;392870.3521877;91.1777579784393;524286.840465228;279574.616939131;564449.689840067;51.8299678007034;122076.136783854;96675.4982800553;263247.230249096;0;-6.60928125;0;;35.1515151515151;;;62.5402533531494
6/8/2019 11:39:57 AM;0.0860000000000003;0.0430000000000002;2.2931;3326.99697433333;S;6002.69285833331;W;0;3578444.55521422;1494620.74755832;392870.3521877;86.5204238891602;524294.064058572;279574.616939131;564454.6927234;51.8832647366827;122080.466074989;96675.4982800553;263252.233115762;0;-6.59365306122449;0;;35.1515151515151;;;60.4082380922119
6/8/2019 11:44:57 AM;0.0463333333333332;0.0231666666666666;2.23853333333333;3326.99695866667;S;6002.69211799999;W;0;3578444.55521422;1494620.74755832;392870.3521877;86.6643190383911;524301.387594384;279574.616939131;564459.695606734;50.2111433730487;122084.733820201;96675.4982800553;263257.235999094;0;-6.69960416666667;0;;35.1515151515151;;;61.4688000955566
6/8/2019 11:49:57 AM;0.062;0.031;2.3358;3326.997941;S;6002.69161266666;W;0;3578444.55521422;1494620.74755832;392870.3521877;91.4831829071045;524308.758454242;279574.616939131;564464.698490068;47.9791254043616;122088.820798196;96675.4982800553;263262.238882427;0;-6.68153958333333;0;;35.1515151515151;;;59.7863011281313
6/8/2019 11:54:57 AM;0.0233333333333333;0.0116666666666667;2.36823333333333;3326.99781266666;S;6002.69271999998;W;0;3578444.55521422;1494620.74755832;392870.3521877;86.9329297542572;524316.210746454;279574.616939131;564469.701356735;0;122088.820798196;96675.4982800553;263262.238882427;0;-6.71829387755102;0;;35.1515151515151;;;36.822926396283
6/8/2019 11:59:57 AM;0.00666666666666667;0.00333333333333333;2.27506666666667;3326.99769100001;S;6002.6917549999;W;0;3578444.55521422;1494620.74755832;392870.3521877;80.9310865402222;524323.187676599;279574.616939131;564474.704240068;0;122088.820798196;96675.4982800553;263262.238882427;0;-6.757725;0;;35.1515151515151;;;35.6126358317039
6/8/2019 12:04:57 PM;0;0;2.34033333333334;3326.99790933336;S;6002.69090599996;W;0;3578444.55521422;1494620.74755832;392870.3521877;90.2422642707825;524330.221908815;279574.616939131;564479.707073402;0;122088.820798196;96675.4982800553;263262.238882427;0;-6.77264791666667;0;;35.1515151515151;;;38.5586373305262
6/8/2019 12:09:57 PM;0;0;2.26436666666667;3326.99717299999;S;6002.69172499998;W;0;3578444.55521422;1494620.74755832;392870.3521877;101.757788658142;524338.437901677;279574.616939131;564484.710023403;17.9135993570783;122091.554576325;96675.4982800553;263264.15676576;0;-6.87371020408163;0;;35.1515151515151;;;53.0491173029289
6/8/2019 12:14:57 PM;0.000666666666666667;0.000333333333333333;2.31086666666667;3326.99759033332;S;6002.6913136666;W;0;3578444.55521422;1494620.74755832;392870.3521877;94.329686164856;524346.390189784;279574.616939131;564489.71284007;49.6818489556909;122094.344362782;96675.4982800553;263269.159582426;0;-6.908525;0;;35.1515151515151;;;62.4565697500668
6/8/2019 12:19:57 PM;0;0;2.3382;3326.99807933331;S;6002.69176133333;W;0;3578444.55521422;1494620.74755832;392870.3521877;105.124436616898;524354.786604652;279574.616939131;564494.715723403;53.3168654321784;122098.654120766;96675.4982800553;263274.162465759;0;-6.94449387755102;0;;35.1515151515151;;;67.8625666335289
6/8/2019 12:24:57 PM;0;0;2.26486666666667;3326.997783;S;6002.69147300003;W;0;3578444.55521422;1494620.74755832;392870.3521877;104.244017601013;524363.544617683;279574.616939131;564499.718573404;54.8871690007106;122103.178820769;96675.4982800553;263279.165332425;0;-6.98313958333333;0;;35.1515151515151;;;70.3414450185866
6/8/2019 12:29:57 PM;0;0;2.29089999999999;3326.99835960041;S;6002.6924647059;W;0;3578444.55521422;1494620.74755832;392870.3521877;116.231875419617;524372.618684775;279574.616939131;564504.721423404;54.9159618955724;122107.77111701;96675.4982800553;263284.168165758;0;-7.01848333333333;0;;35.1515151515151;;;74.7924602054929
6/8/2019 12:34:57 PM;0;0;2.30683333333333;3326.998158;S;6002.69185644436;W;0;3578444.55521422;1494620.74755832;392870.3521877;110.286093950272;524382.237332704;279574.616939131;564509.724323405;52.8982873065396;122112.275077938;96675.4982800553;263289.171082424;0;-7.06451836734694;0;;35.1515151515151;;;70.7426626489072
6/8/2019 12:39:57 PM;0.000666666666666667;0.000333889816360601;2.36775919732442;3326.99750044445;S;6002.69117855555;W;0;3578444.55521422;1494620.74755832;392870.3521877;111.249808073044;524391.425490001;279574.616939131;564514.727256738;38.4000176957187;122116.074293595;96675.4982800553;263293.006649091;0;-7.09859583333333;0;;35.1515151515151;;;63.1774381898531
6/8/2019 12:44:57 PM;0;0;2.29149999999999;3326.99736922223;S;6002.69196988885;W;0;3578444.55521422;1494620.74755832;392870.3521877;104.845572710037;524400.441384717;279574.616939131;564519.730140072;0;122116.074293595;96675.4982800553;263293.006649091;0;-7.09545416666667;0;;35.1515151515151;;;45.8120686054641
6/8/2019 12:49:57 PM;0;0;2.32883333333334;3326.99643255557;S;6002.69133199998;W;0;3578444.55521422;1494620.74755832;392870.3521877;104.989793300629;524409.098696552;279574.616939131;564524.733023406;0;122116.074293595;96675.4982800553;263293.006649091;0;-7.08067551020408;0;;35.1515151515151;;;45.1065036879798
6/8/2019 12:54:57 PM;0;0;2.24503333333333;3326.99747122222;S;6002.69006477779;W;0;3578444.55521422;1494620.74755832;392870.3521877;112.583599090576;524418.163663034;279574.616939131;564529.73595674;0;122116.074293595;96675.4982800553;263293.006649091;0;-7.13551041666667;0;;35.1515151515151;;;50.1685643888173
6/8/2019 12:59:57 PM;0;0;2.20526666666667;3326.99816266667;S;6002.69037600004;W;0;3578444.55521422;1494620.74755832;392870.3521877;102.392814523083;524427.260371414;279574.616939131;564534.655390074;42.1238465837474;122119.368779974;96675.4982800553;263297.342432423;0;-7.14100833333334;0;;35.1515151515151;;;65.5292230194221
6/8/2019 1:04:57 PM;0;0;2.3833;3326.99631166666;S;6002.68953377776;W;0;3578444.55521422;1494620.74755832;392870.3521877;103.271459341049;524435.525730881;279574.616939131;564539.658290074;51.4452074086541;122123.23793345;96675.4982800553;263302.345332423;0;-7.22147346938775;0;;35.1515151515151;;;64.9274641639637
6/8/2019 1:09:57 PM;0;0;2.30266666666666;3326.99857700002;S;6002.6905638889;W;0;3578444.55521422;1494620.74755832;392870.3521877;110.25309920311;524444.580410748;279574.616939131;564544.661173407;53.857421637452;122127.644500543;96675.4982800553;263307.348215756;0;-7.21326666666667;0;;35.1515151515151;;;71.2995102570119
6/8/2019 1:14:57 PM;0;0;2.29426666666666;3326.99816588888;S;6002.69123099998;W;0;3578444.55521422;1494620.74755832;392870.3521877;110.727699995041;524453.841862573;279574.616939131;564549.664073408;54.3642813985645;122132.163525108;96675.4982800553;263312.351115755;0;-7.18420625;0;;35.1515151515151;;;72.067222770041
6/8/2019 1:19:57 PM;0;0;2.26413333333333;3326.99772844448;S;6002.69087233335;W;0;3578444.55521422;1494620.74755832;392870.3521877;113.582063913345;524463.148882939;279574.616939131;564554.666873408;53.5031053366086;122136.676213484;96675.4982800553;263317.353915754;0;-7.23609183673469;0;;35.1515151515151;;;73.787710873451
6/8/2019 1:24:57 PM;0.00266666666666667;0.00133333333333333;2.35683333333333;3326.99856644442;S;6002.6910548889;W;0;3578444.55521422;1494620.74755832;392870.3521877;106.053975820541;524472.476582026;279574.616939131;564559.669823409;50.6845604773772;122141.025754113;96675.4982800553;263322.356865753;0;-7.25646458333333;0;;35.1515151515151;;;66.4400249232861
6/8/2019 1:29:57 PM;0;0;2.29033333333334;3326.99957066668;S;6002.69006733333;W;0;3578444.55521422;1494620.74755832;392870.3521877;86.6800582408905;524480.347105581;279574.616939131;564564.672740076;7.36054429881663;122143.422085643;96675.4982800553;263323.107399087;0;-7.28456326530612;0;;35.1515151515151;;;41.0029935816988
6/8/2019 1:34:57 PM;0;0;2.33476666666666;3326.99864077777;S;6002.69011888887;W;0;3578444.55521422;1494620.74755832;392870.3521877;90.9973776340485;524487.44449992;279574.616939131;564569.675656742;0;122143.422085643;96675.4982800553;263323.107399087;0;-7.2902375;0;;35.1515151515151;;;39.1399561276465
6/8/2019 1:39:57 PM;0;0;2.38743333333334;3326.99942366667;S;6002.69164633329;W;0;3578444.55521422;1494620.74755832;392870.3521877;87.2918772697449;524495.315291142;279574.616939131;564574.678456743;0;122143.422085643;96675.4982800553;263323.107399087;0;-7.30751666666667;0;;35.1515151515151;;;36.5838726040095
6/8/2019 1:44:57 PM;0.00133333333333333;0.000666666666666667;2.33023333333334;3326.99991911112;S;6002.692496;W;0;3578444.55521422;1494620.74755832;392870.3521877;87.8275179862976;524502.398187184;279574.616939131;564579.681440077;17.2931184967539;122144.448353193;96675.4982800553;263324.94183242;0;-7.33765102040816;0;;35.1515151515151;;;44.9677011369241
6/8/2019 1:49:57 PM;0;0;2.37206666666667;3326.99975566667;S;6002.69003644442;W;0;3578444.55521422;1494620.74755832;392870.3521877;90.7913911342621;524509.990782253;279574.616939131;564584.684340077;49.7888683676835;122147.217046519;96675.4982800553;263329.944732419;0;-7.38762916666666;0;;35.1515151515151;;;59.2803449653074
6/8/2019 1:54:57 PM;0;0;2.43213333333333;3326.99913511112;S;6002.69210211105;W;0;3578444.55521422;1494620.74755832;392870.3521877;84.9403202533722;524517.257642862;279574.616939131;564589.687206744;53.2304530974047;122151.527025635;96675.4982800553;263334.947599085;0;-7.39234166666666;0;;35.1515151515151;;;56.8151206319974
6/8/2019 1:59:57 PM;0;0;2.3352;3326.9989308889;S;6002.69029922225;W;0;3578444.55521422;1494620.74755832;392870.3521877;83.0561935901642;524524.210207259;279574.616939131;564594.690040077;54.5628957564243;122156.036608882;96675.4982800553;263339.950432418;0;-7.42305306122449;0;;35.1515151515151;;;58.958971603811
6/8/2019 2:04:57 PM;0;0;2.33153333333333;3326.99902355556;S;6002.69018844444;W;0;3578444.55521422;1494620.74755832;392870.3521877;80.9532451629639;524530.997480497;279574.616939131;564599.692923411;54.5455132448654;122160.595386646;96675.4982800553;263344.953315751;0;-7.45831666666666;0;;35.1515151515151;;;58.0633521251061
6/8/2019 2:09:57 PM;0.0123333333333333;0.00616666666666667;2.32623333333333;3326.99955088889;S;6002.69169055556;W;0;3578444.55521422;1494620.74755832;392870.3521877;98.8648617267609;524538.534681692;279574.616939131;564604.695790078;52.3488529977028;122165.063565943;96675.4982800553;263349.956182417;0;-7.49680208333333;0;;35.1515151515151;;;65.1722066389883
6/8/2019 2:14:57 PM;0.00633333333333334;0.00316666666666667;2.37903333333333;3326.99905155556;S;6002.69049899999;W;0;3578444.55521422;1494620.74755832;392870.3521877;87.8531742095947;524546.372423797;279574.616939131;564609.698606745;24.0901418188641;122168.233762534;96675.4982800553;263352.374249083;0;-7.5030693877551;0;;35.1515151515151;;;47.1851875252205
6/8/2019 2:19:57 PM;0;0;2.2951;3326.99947911111;S;6002.69007577775;W;0;3578444.55521422;1494620.74755832;392870.3521877;79.9924743175507;524553.308961221;279574.616939131;564614.701556746;0;122168.233762534;96675.4982800553;263352.374249083;0;-7.56670416666666;0;;35.1515151515151;;;34.9632573197432
6/8/2019 2:24:57 PM;0.0133333333333333;0.00666666666666667;2.36516666666667;3326.99933111111;S;6002.69142855554;W;0;3578444.55521422;1494620.74755832;392870.3521877;93.076103925705;524560.527182164;279574.616939131;564619.704490079;0;122168.233762534;96675.4982800553;263352.374249083;0;-7.55692653061225;0;;35.1515151515151;;;39.3752425726361
6/8/2019 2:29:57 PM;0.0453333333333332;0.0226666666666666;2.32583333333333;3326.99812200001;S;6002.69244722224;W;0;3578444.55521422;1494620.74755832;392870.3521877;101.063582897186;524568.560859135;279574.616939131;564624.707406746;0;122168.233762534;96675.4982800553;263352.374249083;0;-7.57534375;0;;35.1515151515151;;;43.4777192843774
6/8/2019 2:34:57 PM;0.00233333333333333;0.00116666666666667;2.30953333333333;3326.99858033334;S;6002.68949888889;W;0;3578444.55521422;1494620.74755832;392870.3521877;94.4565188884735;524576.901974323;279574.616939131;564629.710173413;43.0092453762313;122171.005570049;96675.4982800553;263356.876715749;0;-7.63660625;0;;35.1515151515151;;;59.7473269461453
6/8/2019 2:39:57 PM;0;0;2.2973;3326.99836133333;S;6002.6926927778;W;0;3578444.55521422;1494620.74755832;392870.3521877;83.659930229187;524584.258907863;279574.616939131;564634.71299008;51.2222665760301;122174.934038387;96675.4982800553;263361.879532416;0;-7.54461632653061;0;;35.1515151515151;;;58.8356072355593
6/8/2019 2:44:57 PM;0;0;2.4681;3326.99657336293;S;6002.69297291901;W;0;3578444.55521422;1494620.74755832;392870.3521877;83.1976246833801;524591.166268787;279574.616939131;564639.715856747;53.2446040846776;122179.303561368;96675.4982800553;263366.882399082;0;-7.58791041666667;0;;35.1515151515151;;;55.3545749979712
6/8/2019 2:49:57 PM;0;0;2.42543333333334;3326.99733833335;S;6002.69265977778;W;0;3578444.55521422;1494620.74755832;392870.3521877;83.3806908130646;524598.140661907;279574.616939131;564644.718723414;53.7002467498069;122183.772502275;96675.4982800553;263371.885265748;0;-7.58633958333333;0;;35.1515151515151;;;56.5457090468144
6/8/2019 2:54:57 PM;0;0;2.32236666666667;3326.9972411111;S;6002.69109444444;W;0;3578444.55521422;1494620.74755832;392870.3521877;88.0607771873474;524605.262889069;279574.616939131;564649.721523415;52.2024936001552;122188.201939016;96675.4982800553;263376.888065747;0;-7.64386734693877;0;;35.1515151515151;;;60.4686576020807
6/8/2019 2:59:57 PM;0;0;2.40603333333333;3326.99755633332;S;6002.6923179999;W;0;3578444.55521422;1494620.74755832;392870.3521877;82.912745475769;524612.454274762;279574.616939131;564654.724373415;39.6685492865282;122192.026153533;96675.4982800553;263380.890332414;0;-7.65938333333334;0;;35.1515151515151;;;50.9821528975842
6/8/2019 3:04:57 PM;0.000333333333333333;0.000166666666666667;2.33076666666667;3326.998028;S;6002.69102311111;W;0;3578444.55521422;1494620.74755832;392870.3521877;79.7588431835175;524619.237392047;279574.616939131;564659.727306749;0;122192.026153533;96675.4982800553;263380.890332414;0;-7.69237083333333;0;;35.1515151515151;;;34.2724695365774
6/8/2019 3:09:57 PM;0;0;2.4348;3326.99800222222;S;6002.69136300002;W;0;3578444.55521422;1494620.74755832;392870.3521877;86.7176020145416;524626.015179605;279574.616939131;564664.730156749;0;122192.026153533;96675.4982800553;263380.890332414;0;-7.68464489795918;0;;35.1515151515151;;;35.6475007084516
6/8/2019 3:14:57 PM;0.002;0.001;2.26816666666667;3326.998272;S;6002.69020500001;W;0;3578444.55521422;1494620.74755832;392870.3521877;102.161214351654;524633.940856105;279574.616939131;564669.733023417;0;122192.026153533;96675.4982800553;263380.890332414;0;-7.75363333333334;0;;35.1515151515151;;;45.1173490090197
6/8/2019 3:19:57 PM;0.000333333333333333;0.000166666666666667;2.30803333333333;3326.99751011111;S;6002.69186577777;W;0;3578444.55521422;1494620.74755832;392870.3521877;110.533139705658;524642.758662408;279574.616939131;564674.73585675;24.3177635759211;122194.675807148;96675.4982800553;263383.475115747;0;-7.78620408163265;0;;35.1515151515151;;;58.6408700272476
6/8/2019 3:24:58 PM;0;0;2.34710000000001;3326.99747933334;S;6002.69206966666;W;0;3578444.55521422;1494620.74755832;392870.3521877;103.145252466202;524651.764776884;279574.616939131;564679.738706751;49.8804282290101;122197.74736766;96675.4982800553;263388.477965746;0;-7.79840208333333;0;;35.1515151515151;;;65.2450799689298
6/8/2019 3:29:58 PM;0;0;2.35076666666667;3326.99849533336;S;6002.69210011109;W;0;3578444.55521422;1494620.74755832;392870.3521877;95.4118009340965;524660.214709685;279574.616939131;564684.658206751;52.8362753566011;122202.008566995;96675.4982800553;263393.397465746;0;-7.84002916666666;0;;35.1515151515151;;;63.0817548823172
6/8/2019 3:34:58 PM;0;0;2.31446666666666;3326.99750077779;S;6002.69186488893;W;0;3578444.55521422;1494620.74755832;392870.3521877;90.789932012558;524667.71548952;279574.616939131;564689.661073418;54.0614857265134;122206.438910179;96675.4982800553;263398.400332412;0;-7.8463125;0;;35.1515151515151;;;62.6931857973475
6/8/2019 3:39:58 PM;0;0;2.4359;3326.99816077778;S;6002.68912977773;W;0;3578444.55521422;1494620.74755832;392870.3521877;89.2643558979034;524675.207580309;279574.616939131;564694.663940085;53.5973457058389;122210.943181492;96675.4982800553;263403.403199078;0;-7.87237551020408;0;;35.1515151515151;;;58.6661359347438
6/8/2019 3:44:58 PM;0;0;2.30596666666667;3326.99796533332;S;6002.69088011108;W;0;3578444.55521422;1494620.74755832;392870.3521877;88.0408143997192;524682.749996175;279574.616939131;564699.666873419;51.0931602329635;122215.315698329;96675.4982800553;263408.40613241;0;-7.94134791666667;0;;35.1515151515151;;;60.3250945753606
6/8/2019 3:49:58 PM;0;0;2.37173333333334;3326.99862966667;S;6002.69150544445;W;0;3578444.55521422;1494620.74755832;392870.3521877;85.550365447998;524689.882950779;279574.616939131;564704.669740086;15.5138133635901;122218.069679984;96675.4982800553;263409.990349077;0;-7.85852653061224;0;;35.1515151515151;;;42.5848765427784
6/8/2019 3:54:58 PM;0;0;2.427;3326.99777288888;S;6002.69205922221;W;0;3578444.55521422;1494620.74755832;392870.3521877;84.8472118377686;524696.992125234;279574.616939131;564709.672673419;0;122218.069679984;96675.4982800553;263409.990349077;0;-7.88008541666667;0;;35.1515151515151;;;35.0211089130586
6/8/2019 3:59:58 PM;0.000333333333333333;0.000166666666666667;2.36043333333334;3326.99613066667;S;6002.6927781111;W;0;3578444.55521422;1494620.74755832;392870.3521877;79.4768214225769;524703.705678704;279574.616939131;564714.675456753;0;122218.069679984;96675.4982800553;263409.990349077;0;-7.90364791666667;0;;35.1515151515151;;;33.7016131840502
6/8/2019 4:04:58 PM;0;0;2.43016666666668;3326.99843966669;S;6002.69249844443;W;0;3578444.55521422;1494620.74755832;392870.3521877;83.4012293815613;524710.579507384;279574.616939131;564719.67837342;8.56231546586536;122219.072806782;96675.4982800553;263410.907565743;0;-7.94008163265306;0;;35.1515151515151;;;37.8132464369167
6/8/2019 4:09:58 PM;0.00133333333333333;0.000666666666666667;2.38923333333333;3326.99815577778;S;6002.69207611112;W;0;3578444.55521422;1494620.74755832;392870.3521877;73.675092458725;524717.140296845;279574.616939131;564724.681273421;47.7286371588486;122221.394848263;96675.4982800553;263415.910465742;0;-7.90443333333333;0;;35.1515151515151;;;50.791649311012
6/8/2019 4:14:58 PM;0.00533333333333333;0.00266666666666667;2.33546666666667;3326.99782055556;S;6002.69115666667;W;0;3578444.55521422;1494620.74755832;392870.3521877;63.7592661380768;524722.821129163;279574.616939131;564729.684240088;51.0614715165716;122225.521961135;96675.4982800553;263420.913432408;0;-7.9311375;0;;35.1515151515151;;;49.279739768844
6/8/2019 4:19:58 PM;0.01;0.005;2.2467;3326.99832711111;S;6002.69025233335;W;0;3578444.55521422;1494620.74755832;392870.3521877;62.8689801692963;524728.154611373;279574.616939131;564734.686990088;52.457792641435;122229.851949676;96675.4982800553;263425.916182408;0;-7.90161224489796;0;;35.1515151515151;;;51.5161820524233
6/8/2019 4:24:58 PM;0.0683333333333334;0.0341666666666667;2.30256666666667;3326.99824422226;S;6002.69037633331;W;0;3578444.55521422;1494620.74755832;392870.3521877;63.3942031860352;524733.386212421;279574.616939131;564739.689923422;52.6732964288728;122234.244839041;96675.4982800553;263430.919115741;0;-7.92563958333333;0;;35.1515151515151;;;50.5546183993728
6/8/2019 4:29:58 PM;0.0409999999999999;0.0205;2.34573333333333;3326.99975211111;S;6002.69029199999;W;0;3578444.55521422;1494620.74755832;392870.3521877;61.0111784934998;524738.559402079;279574.616939131;564744.692840089;50.772103083924;122238.569425746;96675.4982800553;263435.922032407;0;-7.95700816326531;0;;35.1515151515151;;;47.711041404286
6/8/2019 4:34:58 PM;0.00233333333333333;0.00116666666666667;2.37796666666668;3326.99855600002;S;6002.68980333332;W;0;3578444.55521422;1494620.74755832;392870.3521877;62.430979013443;524743.685840423;279574.616939131;564749.695723423;28.3257610251768;122241.851991153;96675.4982800553;263438.84036574;0;-7.91778541666666;0;;35.1515151515151;;;38.3935829945018
6/8/2019 4:39:58 PM;0;0;2.34443333333333;3326.99911355557;S;6002.69172544448;W;0;3578444.55521422;1494620.74755832;392870.3521877;58.0622684955597;524748.663236307;279574.616939131;564754.69859009;0;122241.851991153;96675.4982800553;263438.84036574;0;-8.039525;0;;35.1515151515151;;;24.7838261784062
6/8/2019 4:44:58 PM;0;0;2.32953333333333;3326.99820877778;S;6002.69285644452;W;0;3578444.55521422;1494620.74755832;392870.3521877;59.4328808784485;524753.524352767;279574.616939131;564759.70144009;0;122241.851991153;96675.4982800553;263438.84036574;0;-7.93777346938775;0;;35.1515151515151;;;25.6831323661859
6/8/2019 4:49:58 PM;0.000666666666666667;0.000333333333333333;2.4138;3326.99863788889;S;6002.69134677779;W;0;3578444.55521422;1494620.74755832;392870.3521877;63.8017344474792;524758.809643942;279574.616939131;564764.704323424;0;122241.851991153;96675.4982800553;263438.84036574;0;-8.01125;0;;35.1515151515151;;;26.426583757071
6/8/2019 4:54:58 PM;0;0;2.27396666666667;3326.99812233333;S;6002.69018599998;W;0;3578444.55521422;1494620.74755832;392870.3521877;64.9490976333618;524764.159069879;279574.616939131;564769.707156757;34.5872553017535;122244.457744191;96675.4982800553;263442.508999073;0;-7.94920208333333;0;;35.1515151515151;;;44.4058896550613
6/8/2019 4:59:58 PM;0.00566666666666667;0.00283333333333333;2.37233333333333;3326.99766922222;S;6002.69200033333;W;0;3578444.55521422;1494620.74755832;392870.3521877;65.9600722789764;524769.535192301;279574.616939131;564774.710023425;50.2445093852263;122247.983936324;96675.4982800553;263447.511865739;0;-7.98701428571429;0;;35.1515151515151;;;48.9937952178664
6/8/2019 5:04:58 PM;0.0113333333333333;0.00566666666666667;2.29926666666666;3326.99685122224;S;6002.69036688888;W;0;3578444.55521422;1494620.74755832;392870.3521877;60.5559825897217;524774.869973398;279574.616939131;564779.712890092;52.4968185172758;122252.286632811;96675.4982800553;263452.514732405;0;-8.00810833333333;0;;35.1515151515151;;;49.2618915738656
6/8/2019 5:09:58 PM;0.0236666666666666;0.0118333333333333;2.32163333333334;3326.99762877777;S;6002.69119044445;W;0;3578444.55521422;1494620.74755832;392870.3521877;61.5444123744965;524779.938373663;279574.616939131;564784.715756759;53.1193760389972;122256.69249484;96675.4982800553;263457.517599072;0;-7.98847291666667;0;;35.1515151515151;;;49.4015043324774
6/8/2019 5:14:58 PM;0;0;2.25443333333333;3326.99888933333;S;6002.69282322219;W;0;3578444.55521422;1494620.74755832;392870.3521877;61.9340622425079;524785.119315249;279574.616939131;564789.718606759;52.264528025676;122261.104296547;96675.4982800553;263462.520465738;0;-8.00701836734694;0;;35.1515151515151;;;50.7211494199041
6/8/2019 5:19:58 PM;0.00366666666666667;0.00183333333333333;2.35686666666667;3326.99796477779;S;6002.69224177778;W;0;3578444.55521422;1494620.74755832;392870.3521877;61.6896843910217;524790.286929089;279574.616939131;564794.721473426;48.7330391381795;122265.31733005;96675.4982800553;263467.43989907;0;-8.01674791666666;0;;35.1515151515151;;;46.8999522336966
6/8/2019 5:24:58 PM;0;0;2.22483333333333;3327.0002991111;S;6002.69162455555;W;0;3578444.55521422;1494620.74755832;392870.3521877;60.5023849010468;524795.345951977;279574.616939131;564799.724356761;0;122265.31733005;96675.4982800553;263467.43989907;0;-8.01910416666667;0;;35.1515151515151;;;27.2121130787537
6/8/2019 5:29:58 PM;0.000666666666666667;0.000333333333333333;2.35836666666667;3326.99901466668;S;6002.69080833332;W;0;3578444.55521422;1494620.74755832;392870.3521877;60.0992774963379;524800.444974198;279574.616939131;564804.727173427;0;122265.31733005;96675.4982800553;263467.43989907;0;-8.05702857142857;0;;35.1515151515151;;;25.5043552495256
6/8/2019 5:34:58 PM;0.007;0.0035;2.30426666666667;3326.999815;S;6002.69426622221;W;0;3578444.55521422;1494620.74755832;392870.3521877;60.5920958518982;524805.430564176;279574.616939131;564809.730023428;0;122265.31733005;96675.4982800553;263467.43989907;0;-8.08115208333333;0;;35.1515151515151;;;26.3540869938383
6/8/2019 5:39:58 PM;0.0203333333333333;0.0101666666666667;2.27993333333333;3327.00178866668;S;6002.69371566665;W;0;3578444.55521422;1494620.74755832;392870.3521877;62.7188801765442;524810.548291618;279574.616939131;564814.733223428;0;122265.31733005;96675.4982800553;263467.43989907;0;-8.05933673469388;0;;35.1515151515151;;;27.5243957665914
6/8/2019 5:44:58 PM;0.0579999999999999;0.029;2.3403;3326.99922533336;S;6002.69142444443;W;0;3578444.55521422;1494620.74755832;392870.3521877;65.0763881206512;524815.90008461;279574.616939131;564819.735823428;41.6899759924123;122269.043598088;96675.4982800553;263471.775632403;0;-8.00889375;0;;35.1515151515151;;;45.531908111862
6/8/2019 5:49:58 PM;0.0246666666666667;0.0123333333333333;2.3542;3326.99821766667;S;6002.69085544442;W;0;3578444.55521422;1494620.74755832;392870.3521877;66.5579187870026;524821.409983979;279574.616939131;564824.738756762;52.3880186369655;122272.963347664;96675.4982800553;263476.778565736;0;-8.06151666666666;0;;35.1515151515151;;;50.6138193310866
6/8/2019 5:54:58 PM;0.0156666666666667;0.00783333333333333;2.30873333333333;3326.99969633333;S;6002.692217;W;0;3578444.55521422;1494620.74755832;392870.3521877;66.7501918340133;524826.805429486;279574.616939131;564829.658206762;55.2949739205596;122277.432663264;96675.4982800553;263481.698015736;0;-8.11550204081633;0;;35.1515151515151;;;52.9985630386355
6/8/2019 5:59:58 PM;0.100000000000001;0.0500000000000003;2.30683333333333;3327.0003368889;S;6002.69263166666;W;0;3578444.55521422;1494620.74755832;392870.3521877;61.8735694885254;524832.190902269;279574.616939131;564834.661156763;56.4765252752721;122282.064261418;96675.4982800553;263486.700965735;0;-8.01517708333333;0;;35.1515151515151;;;51.4461328140263
6/8/2019 6:04:58 PM;0.002;0.001;2.34863333333334;3327.000167;S;6002.69380433332;W;0;3578444.55521422;1494620.74755832;392870.3521877;67.1980154514313;524837.585812522;279574.616939131;564839.664006763;55.5643985440815;122286.750380611;96675.4982800553;263491.703815734;0;-1.15534791666667;0;;35.1515151515151;;;52.3619977509903
6/8/2019 6:09:58 PM;0.00333333333333333;0.00166666666666667;2.36143333333333;3326.99683822223;S;6002.69009877781;W;0;3578444.55521422;1494620.74755832;392870.3521877;66.1794447898865;524843.168217156;279574.616939131;564844.66697343;52.7529309779239;122291.279332667;96675.4982800553;263496.7067824;0;4.2191914893617;0;;35.1515151515151;;;50.3318273411212
6/8/2019 6:14:58 PM;0.019;0.00949999999999999;2.31423333333333;3326.99990355556;S;6002.69125299999;W;0;3578444.55521422;1494620.74755832;392870.3521877;65.050163269043;524848.639806097;279574.616939131;564849.669790097;5.88434436711712;122293.69430194;96675.4982800553;263497.290465734;0;4.39990416666667;0;;35.1515151515151;;;30.6350584733668
6/8/2019 6:19:58 PM;0.019;0.00949999999999999;2.2772;3326.9986228889;S;6002.690809;W;0;3578444.55521422;1494620.74755832;392870.3521877;63.1369614601135;524853.906524427;279574.616939131;564854.672640097;0;122293.69430194;96675.4982800553;263497.290465734;0;3.93650833333333;0;;35.1515151515151;;;27.7259581916515
6/8/2019 6:24:58 PM;0;0;2.35383333333333;3326.99799122224;S;6002.68966133338;W;0;3578444.55521422;1494620.74755832;392870.3521877;78.7834024429321;524859.601308472;279574.616939131;564859.675523432;0;122293.69430194;96675.4982800553;263497.290465734;0;-7.22976041666666;0;;35.1515151515151;;;33.5069217030744
6/8/2019 6:29:58 PM;0;0;2.3127;3326.99808877778;S;6002.69143977775;W;0.501571416476366;3578444.62326976;1494620.74755832;392870.518954366;97.3201203346252;524867.232450022;279574.616939131;564864.678373432;16.3736300197239;122294.621697181;96675.4982800553;263499.041415733;0;13.2039109090909;0;;35.1561771561772;;;49.45789262243
6/8/2019 6:34:58 PM;0;0;2.34283333333333;3326.99918988891;S;6002.69126444439;W;0;3578444.62326976;1494620.74755832;392870.518954366;102.504276037216;524875.657580387;279574.616939131;564869.681290099;49.1756581943904;122297.320138402;96675.4982800553;263504.044332399;0;7.15043333333333;0;;35.1561771561772;;;64.8379517572034
6/8/2019 6:39:58 PM;0;0;2.3362;3326.99891488889;S;6002.69059011112;W;0;3578444.62326976;1494620.74755832;392870.518954366;97.7738428115845;524883.991773474;279574.616939131;564874.684206766;53.2283337199759;122301.605579801;96675.4982800553;263509.047249065;0;7.25803541666667;0;;35.1561771561772;;;64.6324467373112
6/8/2019 6:44:58 PM;0.00333333333333333;0.00166666666666667;2.29396666666666;3326.99881011112;S;6002.69089477777;W;0;3578444.62326976;1494620.74755832;392870.518954366;93.6843931674957;524891.92785528;279574.616939131;564879.687073433;55.3105622731382;122306.144725931;96675.4982800553;263514.050115731;0;7.2368612244898;0;;35.1561771561772;;;65.282300850517
6/8/2019 6:49:58 PM;0.00266666666666667;0.00133333333333333;2.3237;3326.99809211113;S;6002.69215222222;W;0;3578444.62326976;1494620.74755832;392870.518954366;94.5098304748535;524899.701584729;279574.616939131;564884.690073433;55.8544368291257;122310.787151033;96675.4982800553;263519.053115731;0;7.23997083333333;0;;35.1561771561772;;;64.8103415481231
6/8/2019 6:54:58 PM;0.00433333333333333;0.00216666666666667;2.2396;3326.997156;S;6002.69181099998;W;0;3578444.62326976;1494620.74755832;392870.518954366;92.4685084819794;524907.532719304;279574.616939131;564889.6928401;54.6924566997081;122315.410714055;96675.4982800553;263524.055882397;0;7.29337916666667;0;;35.1561771561772;;;65.8155578722269
6/8/2019 6:59:58 PM;0.001;0.0005;2.28443333333333;3326.99849777778;S;6002.6927058889;W;0;3578444.62326976;1494620.74755832;392870.518954366;94.2881691455841;524915.347989657;279574.616939131;564894.695706767;51.6817483048006;122319.855528099;96675.4982800553;263529.058749063;0;7.34611428571428;0;;35.1561771561772;;;63.9598626638757
6/8/2019 7:04:58 PM;0.00533333333333333;0.00266666666666667;2.33896666666667;3326.99796944446;S;6002.69258122221;W;0;3578444.62326976;1494620.74755832;392870.518954366;92.7151608467102;524923.098644438;279574.616939131;564899.698656768;1.6647609530416;122322.051235168;96675.4982800553;263529.22551573;0;7.29887708333333;0;;35.1561771561772;;;40.3673987175512
6/8/2019 7:09:58 PM;0;0;2.20403333333334;3326.99862155558;S;6002.69262611111;W;0;3578444.62326976;1494620.74755832;392870.518954366;92.0874202251434;524930.850956416;279574.616939131;564904.701556769;0;122322.051235168;96675.4982800553;263529.22551573;0;7.32479583333333;0;;35.1561771561772;;;41.8713373698988
6/8/2019 7:14:58 PM;0;0;2.28030000000001;3326.99889133338;S;6002.69114211108;W;0;3578444.62326976;1494620.74755832;392870.518954366;93.9708530902863;524938.520977627;279574.616939131;564909.704440102;0;122322.051235168;96675.4982800553;263529.22551573;0;7.38458367346938;0;;35.1561771561772;;;41.3049846964236
6/8/2019 7:19:58 PM;0.00333333333333333;0.00166666666666667;2.21183333333334;3326.99793666666;S;6002.69155111109;W;0;3578444.62326976;1494620.74755832;392870.518954366;105.302993059158;524946.833597361;279574.616939131;564914.707323436;23.7083675315505;122323.10525601;96675.4982800553;263531.726949063;0;7.44182291666667;0;;35.1561771561772;;;58.5407925647289
6/8/2019 7:24:58 PM;0.114;0.0569999999999999;2.31566666666666;3326.99593188889;S;6002.68941211112;W;7.73741629454416;3578445.05191115;1494620.74755832;392871.0192377;110.188000202179;524955.742887868;279574.616939131;564919.710223436;50.2630046111746;122326.164690979;96675.4982800553;263536.729865729;0;36.5288278688525;0;;35.4983164983165;;;72.7846949331816
6/8/2019 7:29:58 PM;0.250999999999999;0.1255;2.40733333333334;3326.99314188889;S;6002.6813391111;W;18.8369158048401;3578446.17951179;1494620.74755832;392872.0198377;117.963148355484;524965.270053615;279574.616939131;564924.713090103;53.6703337030042;122330.511434405;96675.4982800553;263541.732715728;0;67.3206805555556;0;;39.2837465564738;;;80.3314571669601
6/8/2019 7:34:58 PM;0.461666666666665;0.230833333333333;2.38416666666667;3326.97169211111;S;6002.67987388889;W;0;3578446.17951179;1494620.74755832;392872.0198377;107.629086971283;524974.990611172;279574.616939131;564929.71605677;55.4105947067853;122335.070370274;96675.4982800553;263546.735682395;0;3.26758979591837;0;;39.2837465564738;;;68.4226586334329
6/8/2019 7:39:58 PM;0.443000000000003;0.221500000000001;2.36253333333334;3326.96923266667;S;6002.63819844445;W;10.0763610296842;3578447.31287959;1494620.74755832;392872.686871033;113.4201836586;524983.880262211;279574.616939131;564934.718906771;55.7087692634181;122339.714725971;96675.4982800553;263551.738532394;0;43.0444238095238;0;;39.3593073593074;;;76.0324765623868
6/8/2019 7:44:58 PM;0.908333333333331;0.454166666666666;1.83483333333334;3326.995049;S;6002.60886788889;W;24.0167034439879;3578448.69734421;1494620.74755832;392874.688004366;107.739948034286;524993.335433233;279574.616939131;564939.721756771;54.2238306013848;122344.306062056;96675.4982800553;263556.741382394;0;67.4542182795699;0;;36.8117237953303;;;
6/8/2019 7:49:58 PM;1.40733333333333;0.703666666666666;1.31293333333333;3327.03685915649;S;6002.4988372919;W;0;3578448.69734421;1494620.74755832;392874.688004366;97.6631963253021;525001.866251042;279574.616939131;564944.724673438;52.7298929142903;122348.762487816;96675.4982800553;263561.74429906;0;6.2346375;0;;36.8117237953303;;;
6/8/2019 7:54:58 PM;1.71466666666667;0.857333333333334;0.923033333333334;3327.11417552837;S;6002.37607641827;W;0;3578448.69734421;1494620.74755832;392874.688004366;89.9804735183716;525009.655804951;279574.616939131;564949.727456772;50.1357559989879;122353.059420104;96675.4982800553;263566.747082392;0;6.04849375;0;;36.8117237953303;;;
6/8/2019 7:59:58 PM;1.634;0.816999999999999;0.994066666666667;3327.19930388457;S;6002.23172197559;W;26.4326397168054;3578450.79335308;1494620.74755832;392875.938704366;93.572359085083;525017.198750342;279574.616939131;564954.730306772;11.3021627696369;122355.597301781;96675.4982800553;263567.914432392;0;81.2746839506173;0;;39.5220385674931;;;
6/8/2019 8:04:58 PM;0.965333333333331;0.482666666666666;2.4887;3327.21894133333;S;6002.13428;W;52.7690760751576;3578454.20234163;1494620.74755832;392878.440154367;97.8313529491425;525025.311788854;279574.616939131;564959.733190106;0;122355.597301781;96675.4982800553;263567.914432392;0;114.218975;0;;39.9407407407407;;;79.6709531052579
6/8/2019 8:09:58 PM;1.656;0.827999999999999;2.67003333333333;3327.15917633333;S;6002.010305;W;43.2917178523114;3578458.0346984;1494620.74755832;392880.8582377;98.2351630926132;525033.423416361;279574.616939131;564964.73612344;0;122355.597301781;96675.4982800553;263567.914432392;38.0897810218978;95.3293605042016;496.082099182383;8.23830444129357;39.3784655061251;297.703988253939;221.342083798285;53.7824152138266
6/8/2019 8:14:58 PM;1.03933333333333;0.519666666666666;3.76853333333333;3327.10496933333;S;6001.93639766666;W;86.5445874590954;3578463.69828291;1494620.74755832;392885.8611377;100.267805457115;525041.725440862;279574.616939131;564969.73902344;35.3745729819654;122357.535706371;96675.4982800553;263571.666599059;39.6098969072165;114.319808762887;474.772641856756;7.78315806322551;40.0099968759762;193.459607386156;78.2929446602187;59.7063117290467
6/8/2019 8:19:58 PM;0.977;0.4885;4.38846666666667;3327.04805899999;S;6001.99925699999;W;14.7487518677416;3578467.70733866;1494620.74755832;392886.8616877;88.4544162426965;525049.472890004;279574.616939131;564974.65857344;49.5847726625599;122361.032060773;96675.4982800553;263576.586149058;0;48.3429613333333;0;;38.9175084175084;;;34.9423547236362
6/8/2019 8:24:58 PM;0.735;0.3675;3.17886666666667;3327.04392266667;S;6002.04886099998;W;0;3578467.70733866;1494620.74755832;392886.8616877;97.5034332275391;525057.155290921;279574.616939131;564979.661456774;51.6029374669162;122365.230267376;96675.4982800553;263581.589032391;0;2.98458333333333;0;;38.9175084175084;;;47.658157442659
6/8/2019 8:29:58 PM;0.756666666666666;0.378333333333333;2.82153333333333;3327.03446833333;S;6001.97761666666;W;15.3098721600433;3578468.98207375;1494620.74755832;392887.8622877;93.5182571411133;525065.185118087;279574.616939131;564984.664356775;52.1980172324533;122369.561721619;96675.4982800553;263586.59193239;0;55.8801794520548;0;;39.4674012855831;;;58.4232578787602
6/8/2019 8:34:58 PM;0.220000000000001;0.11;3.3226;3327.04289666667;S;6001.98322566668;W;0;3578468.98207375;1494620.74755832;392887.8622877;90.1636183261871;525072.822760713;279574.616939131;564989.667290108;52.8219979043494;122373.93961398;96675.4982800553;263591.594865723;0;-2.82043125;0;;39.4674012855831;;;43.0290903641822
6/8/2019 8:39:58 PM;0.12;0.0600000000000002;3.14596666666666;3327.03670066667;S;6001.97537066667;W;0;3578468.98207375;1494620.74755832;392887.8622877;83.0009400844574;525080.016011532;279574.616939131;564994.670140109;51.8974269334072;122378.322097291;96675.4982800553;263596.597715722;0;-2.87855208333333;0;;39.4674012855831;;;42.9120123004849
6/8/2019 8:44:58 PM;0.148333333333334;0.0741666666666668;3.34906666666667;3327.04255366667;S;6001.979511;W;0;3578468.98207375;1494620.74755832;392887.8622877;81.4140558242798;525086.798097378;279574.616939131;564999.673006776;49.4752422717281;122382.553727046;96675.4982800553;263601.600582388;0;-4.66556734693878;0;;39.4674012855831;;;39.0800995357708
6/8/2019 8:49:58 PM;0.0733333333333335;0.0366666666666667;3.35483333333333;3327.03981000001;S;6001.97493166664;W;0;3578468.98207375;1494620.74755832;392887.8622877;72.5226330757141;525093.354606058;279574.616939131;565004.675923443;18.2907081031883;122385.358701827;96675.4982800553;263603.518315721;0;-1.76307659574468;0;;39.4674012855831;;;27.1698546503214
6/8/2019 8:54:58 PM;0.139;0.0695000000000001;3.60136666666667;3327.03921666668;S;6001.97754633331;W;0;3578468.98207375;1494620.74755832;392887.8622877;64.2061543464661;525098.974240432;279574.616939131;565009.678806777;0;122385.358701827;96675.4982800553;263603.518315721;0;-2.05465;0;;39.4674012855831;;;17.8624439661017
6/8/2019 8:59:58 PM;0.131666666666667;0.0658333333333337;3.48176666666666;3327.04117433334;S;6001.97553266668;W;0;3578468.98207375;1494620.74755832;392887.8622877;70.7250952720642;525104.606849586;279574.616939131;565014.681656777;0;122385.358701827;96675.4982800553;263603.518315721;0;1.00926041666667;0;;39.4674012855831;;;20.3013288786993
6/8/2019 9:04:58 PM;0.0680000000000001;0.034;3.49763333333335;3327.03995166666;S;6001.97640799999;W;0;3578468.98207375;1494620.74755832;392887.8622877;73.3231365680695;525110.563251568;279574.616939131;565019.684556777;19.3745560147906;122386.927103782;96675.4982800553;263605.602865721;0;1.61403125;0;;39.4674012855831;;;26.5773998743242
6/8/2019 9:09:58 PM;0.0406666666666666;0.0203333333333333;3.5451;3327.04008766666;S;6001.97495933335;W;0;3578468.98207375;1494620.74755832;392887.8622877;75.6014478206635;525116.833232781;279574.616939131;565024.687440111;48.2401597257156;122389.726652153;96675.4982800553;263610.60576572;0;1.68314791666667;0;;39.4674012855831;;;34.9249857788898
6/8/2019 9:14:58 PM;0.0403333333333333;0.0201666666666667;3.47673333333334;3327.04021200001;S;6001.97391099999;W;0;3578468.98207375;1494620.74755832;392887.8622877;75.6114721298218;525123.168021355;279574.616939131;565029.690373445;50.7612242109938;122393.864815231;96675.4982800553;263615.608682387;0;1.71727346938776;0;;39.4674012855831;;;36.3609553102209
6/8/2019 9:19:58 PM;0.0860000000000003;0.0430000000000002;3.52150000000001;3327.04048566668;S;6001.97584366666;W;0;3578468.98207375;1494620.74755832;392887.8622877;75.8087110519409;525129.424019277;279574.616939131;565034.693206778;51.9897315445138;122398.155486045;96675.4982800553;263620.611515719;0;1.77582708333333;0;;39.4674012855831;;;36.2900675259815
6/8/2019 9:24:58 PM;0.0730000000000002;0.0365609348914859;3.52996655518394;3327.04144966666;S;6001.97778033331;W;0;3578468.98207375;1494620.74755832;392887.8622877;79.8323285579681;525135.978426486;279574.616939131;565039.696056779;53.0991885790803;122402.539397305;96675.4982800553;263625.614365719;0;1.70671041666667;0;;39.4674012855831;;;37.6541268163021
6/8/2019 9:29:58 PM;0.0870000000000001;0.0435000000000001;3.5394;3327.04161766666;S;6001.9779223333;W;0;3578468.98207375;1494620.74755832;392887.8622877;74.3818438053131;525142.351101715;279574.616939131;565044.698956779;52.7208524133414;122406.96409201;96675.4982800553;263630.617265719;0;1.7726693877551;0;;39.4674012855831;;;35.932664778409
6/8/2019 9:34:58 PM;0.0743333333333335;0.0371666666666667;3.49643333333333;3327.04298533334;S;6001.97699633335;W;0;3578468.98207375;1494620.74755832;392887.8622877;74.9830734729767;525148.616008668;279574.616939131;565049.701840113;50.7704574077864;122411.284994708;96675.4982800553;263635.620149051;0;1.8048875;0;;39.4674012855831;;;35.975631151282
6/8/2019 9:39:58 PM;0.0496666666666665;0.0248333333333333;3.52563333333333;3327.042637;S;6001.97842033336;W;0;3578468.98207375;1494620.74755832;392887.8622877;75.0717186927795;525154.804564526;279574.616939131;565054.704723446;48.0654407056946;122415.403272252;96675.4982800553;263640.623032384;0;1.75069375;0;;39.4674012855831;;;34.9283637815828
6/8/2019 9:44:58 PM;0.064;0.0320534223706177;3.52665551839463;3327.04250066665;S;6001.97680566673;W;0;3578468.98207375;1494620.74755832;392887.8622877;79.740092754364;525161.444301587;279574.616939131;565059.707540113;3.14818719279628;122417.520996391;96675.4982800553;263640.956549051;0;1.75958979591837;0;;39.4674012855831;;;23.5313849918201
6/8/2019 9:49:58 PM;0.0256666666666666;0.0128333333333333;3.50966666666667;3327.04348766664;S;6001.97766666668;W;0;3578468.98207375;1494620.74755832;392887.8622877;71.0525143146515;525167.561530081;279574.616939131;565064.710390113;0;122417.520996391;96675.4982800553;263640.956549051;0;1.75226458333333;0;;39.4674012855831;;;20.2496070380289
6/8/2019 9:54:58 PM;0.0429999999999999;0.0215;3.52663333333334;3327.04345266667;S;6001.978841;W;0;3578468.98207375;1494620.74755832;392887.8622877;73.5622608661652;525173.658119355;279574.616939131;565069.713240113;0;122417.520996391;96675.4982800553;263640.956549051;0;1.74126875;0;;39.4674012855831;;;20.8603735969833
6/8/2019 9:59:58 PM;0.0349999999999999;0.0175;3.4962;3327.04254766667;S;6001.97704966668;W;0;3578468.98207375;1494620.74755832;392887.8622877;75.9648978710175;525179.801471306;279574.616939131;565074.716206781;35.90677922743;122419.140704707;96675.4982800553;263644.79214905;0;1.79959795918367;0;;39.4674012855831;;;31.9809854842495
6/8/2019 10:04:58 PM;0.0213333333333333;0.0106666666666667;3.46156666666667;3327.04323999999;S;6001.97686866666;W;0;3578468.98207375;1494620.74755832;392887.8622877;82.4895787239075;525186.495015714;279574.616939131;565079.719123448;49.2423325108977;122422.681700128;96675.4982800553;263649.79504905;0;1.76090416666667;0;;39.4674012855831;;;38.0542437802916
6/8/2019 10:09:58 PM;0.011;0.0055;3.54213333333335;3327.04121466668;S;6001.97739933334;W;0;3578468.98207375;1494620.74755832;392887.8622877;85.4311752319336;525193.424254988;279574.616939131;565084.721973448;51.5532990620175;122426.888201697;96675.4982800553;263654.797899049;0;1.80344489795918;0;;39.4674012855831;;;38.6897847973701
6/8/2019 10:14:58 PM;0.00133333333333333;0.000666666666666667;3.46580000000001;3327.04189533334;S;6001.97667466664;W;0;3578468.98207375;1494620.74755832;392887.8622877;77.5075364112854;525200.277237135;279574.616939131;565089.724923449;51.1696797193596;122431.184395568;96675.4982800553;263659.634082382;0;1.80724375;0;;39.4674012855831;;;37.1309330170935
6/8/2019 10:19:58 PM;0.000333333333333333;0.000166666666666667;3.4637;3327.04243866666;S;6001.978297;W;0;3578468.98207375;1494620.74755832;392887.8622877;77.9311537742615;525206.732615742;279574.616939131;565094.727840116;53.2333140532921;122435.542752467;96675.4982800553;263664.637015715;0;1.82138125;0;;39.4674012855831;;;37.8635628900758
6/8/2019 10:24:58 PM;0.001;0.0005;3.44260000000001;3327.041952;S;6001.97767266666;W;0;3578468.98207375;1494620.74755832;392887.8622877;78.5225343704224;525213.356399991;279574.616939131;565099.730740116;51.6963427134244;122439.930886649;96675.4982800553;263669.639899047;0;1.83806734693878;0;;39.4674012855831;;;37.8331492844888
6/8/2019 10:29:58 PM;0;0;3.45360000000001;3327.04348766667;S;6001.97764933334;W;0;3578468.98207375;1494620.74755832;392887.8622877;76.9270884990692;525219.723991555;279574.616939131;565104.733556783;46.513864352708;122444.024658706;96675.4982800553;263674.392549047;0;1.86615;0;;39.4674012855831;;;35.7496579332847
6/8/2019 10:34:58 PM;0.000333333333333333;0.000166666666666667;3.46850000000001;3327.04123933334;S;6001.97738166666;W;0;3578468.98207375;1494620.74755832;392887.8622877;80.7320559024811;525226.265740692;279574.616939131;565109.73637345;0;122444.024658706;96675.4982800553;263674.392549047;0;1.83473333333333;0;;39.4674012855831;;;23.2741151010606
6/8/2019 10:39:58 PM;0.00233333333333333;0.00116666666666667;3.4546;3327.04145066668;S;6001.97807766663;W;0;3578468.98207375;1494620.74755832;392887.8622877;78.7762498855591;525232.974084901;279574.616939131;565114.73927345;0;122444.024658706;96675.4982800553;263674.392549047;0;1.83575918367347;0;;39.4674012855831;;;22.7990245550421
6/8/2019 10:44:58 PM;0.001;0.0005;3.4615;3327.04123533332;S;6001.97741233334;W;0;3578468.98207375;1494620.74755832;392887.8622877;82.0352154262995;525239.604462157;279574.616939131;565119.65872345;0;122444.024658706;96675.4982800553;263674.392549047;0;1.8143125;0;;39.4674012855831;;;23.7017496885053
6/8/2019 10:49:58 PM;0.082666666666667;0.0413333333333335;3.51819999999999;3327.04144033334;S;6001.97691266663;W;0;3578468.98207375;1494620.74755832;392887.8622877;84.899936914444;525246.59582892;279574.616939131;565124.661573451;22.4728617128811;122446.880611152;96675.4982800553;263676.810565714;0;1.84808541666667;0;;39.4674012855831;;;30.5079038307712
6/8/2019 10:54:58 PM;0.0136666666666667;0.00683333333333334;3.49730000000001;3327.04104366667;S;6001.97686800004;W;0;3578468.98207375;1494620.74755832;392887.8622877;79.9736344814301;525253.370702402;279574.616939131;565129.664456785;48.2489650499625;122449.812817889;96675.4982800553;263681.813449046;0;1.86422653061225;0;;39.4674012855831;;;36.6618298103487
6/8/2019 10:59:58 PM;0.0910000000000002;0.0455000000000001;3.42686666666667;3327.04194699999;S;6001.97647300001;W;0;3578468.98207375;1494620.74755832;392887.8622877;76.4089000225067;525260.003978362;279574.616939131;565134.667423452;51.1394762516484;122453.957413804;96675.4982800553;263686.816415712;0;1.88342916666667;0;;39.4674012855831;;;37.216896800631
6/8/2019 11:04:58 PM;0.0309999999999999;0.0155;3.43043333333335;3327.04250766666;S;6001.975121;W;0;3578468.98207375;1494620.74755832;392887.8622877;75.4379296302795;525266.251585444;279574.616939131;565139.670240119;52.7243831353584;122458.300854209;96675.4982800553;263691.819232379;0;1.86850625;0;;39.4674012855831;;;37.3759584889928
6/8/2019 11:09:58 PM;0;0;3.4507;3327.04329133336;S;6001.97636800003;W;0;3578468.98207375;1494620.74755832;392887.8622877;76.3083028793335;525272.59574542;279574.616939131;565144.673190119;52.7128354109606;122462.712206817;96675.4982800553;263696.822182378;0;1.85268571428571;0;;39.4674012855831;;;37.404064909138
6/8/2019 11:14:58 PM;0.001;0.0005;3.46796666666666;3327.04312766666;S;6001.97792099999;W;0;3578468.98207375;1494620.74755832;392887.8622877;76.2769746780396;525278.88290645;279574.616939131;565149.67604012;50.8350156287152;122467.037745863;96675.4982800553;263701.825032377;0;1.86457916666667;0;;39.4674012855831;;;36.6631952189167
6/8/2019 11:19:58 PM;0.0393333333333332;0.0196666666666666;3.50916666666667;3327.04419733334;S;6001.97620533335;W;0;3578468.98207375;1494620.74755832;392887.8622877;77.234480381012;525285.296704774;279574.616939131;565154.678923453;37.8387302510042;122470.725006645;96675.4982800553;263705.74396571;0;1.875575;0;;39.4674012855831;;;32.8150425018515
6/8/2019 11:24:58 PM;0.0293333333333333;0.0146666666666666;3.51246666666666;3327.04161266668;S;6001.97822933336;W;0;3578468.98207375;1494620.74755832;392887.8622877;72.5307369232178;525291.580706104;279574.616939131;565159.681873454;0;122470.725006645;96675.4982800553;263705.74396571;0;1.89884897959184;0;;39.4674012855831;;;20.6493809858402
6/8/2019 11:29:58 PM;0.00133333333333333;0.000666666666666667;3.46343333333333;3327.04317833334;S;6001.97604066667;W;0;3578468.98207375;1494620.74755832;392887.8622877;72.585597038269;525297.62836468;279574.616939131;565164.684806787;0;122470.725006645;96675.4982800553;263705.74396571;0;1.94547708333333;0;;39.4674012855831;;;20.9599075978504
6/8/2019 11:34:58 PM;0.007;0.0035;3.5016;3327.04393233333;S;6001.97599133333;W;0;3578468.98207375;1494620.74755832;392887.8622877;76.3390731811523;525303.776719393;279574.616939131;565169.687706788;0;122470.725006645;96675.4982800553;263705.74396571;0;1.87714583333333;0;;39.4674012855831;;;21.8065168257516
6/8/2019 11:39:58 PM;0.028;0.014;3.49423333333334;3327.043174;S;6001.97680499994;W;0;3578468.98207375;1494620.74755832;392887.8622877;75.5348467826843;525310.104472007;279574.616939131;565174.690556788;41.6124332789331;122474.015108751;96675.4982800553;263710.16311571;0;1.90269591836735;0;;39.4674012855831;;;33.5310868469866
6/8/2019 11:44:58 PM;0;0;3.4682;3327.04168866668;S;6001.97701699997;W;0;3578468.98207375;1494620.74755832;392887.8622877;79.2604207992554;525316.490411838;279574.616939131;565179.693423455;49.5930641326898;122477.812762937;96675.4982800553;263715.165982376;0;1.83159166666667;0;;39.4674012855831;;;37.1428627133239
6/8/2019 11:49:58 PM;0;0;3.49136666666667;3327.04370633334;S;6001.97691499999;W;0;3578468.98207375;1494620.74755832;392887.8622877;65.5963432788849;525322.692124592;279574.616939131;565184.696406789;51.9416059737423;122482.048355136;96675.4982800553;263720.168965708;0;1.88421458333333;0;;39.4674012855831;;;33.6561970151278
6/8/2019 11:54:58 PM;0;0;3.45436666666668;3327.042116;S;6001.97750033335;W;0;3578468.98207375;1494620.74755832;392887.8622877;64.8106777667999;525327.995962654;279574.616939131;565189.69920679;53.4575352773772;122486.455431382;96675.4982800553;263725.171765708;0;1.92962448979592;0;;39.4674012855831;;;34.2285210293344
6/8/2019 11:59:58 PM;0;;3.45883333333335;3327.04203500002;S;6001.9768823334;W;0;3578468.98207375;1494620.74755832;392887.8622877;68.5253620147705;525333.623313027;279574.616939131;565194.702073457;53.6154972825903;122490.9286614;96675.4982800553;263730.174632374;0;1.91563125;0;;39.4674012855831;;;35.3025909384676
