stw,draft,foc,ws,wd,swh,lat,lon,dt,vslHeading,wsWS,inclX
0.33,11.15,4.0,3.7,-80.20999999999998,0.42,19.236583,-96.169383,2019-11-22 16:55,349.21,2.2
0.23,11.15,4.0,1.7,-89.20999999999998,0.42,19.236632999999998,-96.16945,2019-11-22 16:56,349.21,2.2
0.15,11.15,10.0,6.2,-56.20999999999998,0.42,19.236717000000002,-96.16945,2019-11-22 17:11,349.21,2.2
0.84,11.15,2.0,6.6084,-64.88,0.42,19.236832999999997,-96.169033,2019-11-22 17:25,355.88,2.2
1.99,11.15,8.0,7.4922,-46.31,0.42,19.237167000000003,-96.1689,2019-11-22 17:26,358.31,2.2
0.82,11.15,14.0,7.9454,296.65,0.42,19.23765,-96.16878299999999,2019-11-22 17:27,0.35,2.2
2.02,11.15,7.0,4.9847,300.5900000000001,0.42,19.23815,-96.168617,2019-11-22 17:28,1.41,2.2
0.54,11.15,11.0,7.8329999999999975,-77.95999999999998,0.42,19.24095,-96.1672,2019-11-22 17:35,90.96,2.2
0.55,11.15,5.0,7.6153,-80.65999999999997,0.42,19.241,-96.166883,2019-11-22 17:36,106.66,2.2
1.01,11.15,8.0,9.052999999999999,-79.44,0.42,19.240867,-96.16641700000001,2019-11-22 17:38,132.44,2.2
0.05,11.15,8.0,7.7841,-52.33000000000004,0.42,19.240833,-96.16628299999999,2019-11-22 17:39,146.33,2.2
2.91,11.15,15.0,1.7923,-111.58000000000004,0.42,19.239683,-96.166317,2019-11-22 17:44,189.58,2.2
2.93,11.15,8.0,4.2294,-87.16999999999996,0.42,19.239067000000002,-96.16645,2019-11-22 17:45,192.17,2.2
3.06,11.15,8.0,3.3249,-120.87,0.42,19.238317000000002,-96.16663299999999,2019-11-22 17:46,191.87,2.2
3.15,11.15,8.0,2.6459,-72.36000000000001,0.42,19.237517,-96.166883,2019-11-22 17:47,190.36,2.2
1.72,11.15,7.0,6.0596,-76.41999999999996,0.42,19.23665,-96.16713299999999,2019-11-22 17:48,185.42,2.2
3.43,11.15,8.0,7.3668,-103.34000000000003,0.42,19.23575,-96.167333,2019-11-22 17:49,179.34,2.2
3.22,11.15,7.0,7.6385,-105.60000000000002,0.42,19.234717,-96.167333,2019-11-22 17:50,176.6,2.2
4.0,11.15,7.0,7.843,-108.65999999999997,0.42,19.233667,-96.167283,2019-11-22 17:51,175.66,2.2
3.21,11.15,8.0,7.6703,-105.33000000000004,0.42,19.232567,-96.16725,2019-11-22 17:52,172.33,2.2
3.95,11.15,7.0,9.0636,-107.39,0.42,19.231433,-96.16705,2019-11-22 17:53,168.39,2.2
3.94,11.15,10.0,7.9096,-101.52999999999996,0.42,19.230217,-96.16686700000001,2019-11-22 17:54,168.53,2.2
3.95,11.15,17.0,8.3211,-105.82,0.42,19.228932999999998,-96.1666,2019-11-22 17:55,166.82,2.2
4.31,11.15,14.0,8.6428,-96.09000000000003,0.42,19.227632999999997,-96.166317,2019-11-22 17:56,166.09,2.2
4.74,11.15,10.0,7.9861,-97.76,0.42,19.226283,-96.166033,2019-11-22 17:57,157.76,2.2
4.89,11.15,11.0,2.9377,-117.91999999999996,0.42,19.224982999999998,-96.16556700000001,2019-11-22 17:58,143.92,2.2
4.27,11.15,10.0,6.711,-96.55,0.42,19.2239,-96.1648,2019-11-22 17:59,130.55,2.2
4.86,11.15,11.0,7.4142,-96.25,0.42,19.223,-96.163767,2019-11-22 18:00,117.25,2.2
5.19,11.15,11.0,8.5276,-90.07999999999998,0.42,19.222333,-96.162533,2019-11-22 18:01,104.08,2.2
4.88,11.15,19.0,8.1614,-85.82,0.42,19.221982999999998,-96.16113299999999,2019-11-22 18:02,92.82,2.2
5.42,11.15,11.0,9.2,278.85,0.42,19.221867,-96.159667,2019-11-22 18:03,81.15,2.2
4.84,11.15,10.0,7.5316,287.74,0.42,19.222033,-96.158183,2019-11-22 18:04,67.26,2.2
5.7,11.15,10.0,9.283999999999999,286.43,0.42,19.222583,-96.1568,2019-11-22 18:05,55.57,2.2
4.91,11.15,11.0,9.4952,288.23,0.42,19.223433,-96.15555,2019-11-22 18:06,49.77,2.2
5.17,11.15,9.0,9.6689,289.5,0.42,19.224467,-96.154267,2019-11-22 18:07,48.5,2.2
5.73,11.15,15.0,8.8256,292.56,0.42,19.225717000000003,-96.152917,2019-11-22 18:08,51.44,2.2
5.77,11.15,15.0,10.3887,289.41,0.42,19.226867000000002,-96.151333,2019-11-22 18:09,53.59,2.2
7.74,11.15,17.0,10.2342,288.49,0.42,19.22805,-96.149617,2019-11-22 18:10,51.51,2.2
6.38,11.15,22.0,10.2342,288.18,0.42,19.2294,-96.147933,2019-11-22 18:11,49.82,2.2
6.28,11.15,13.0,10.1248,285.11,0.42,19.230783,-96.14621700000001,2019-11-22 18:12,44.89,2.2
6.68,11.15,8.0,10.5593,286.5900000000001,0.42,19.232232999999997,-96.1448,2019-11-22 18:13,36.41,2.2
5.54,11.15,8.0,12.2805,293.15,0.42,19.233933,-96.1435,2019-11-22 18:14,26.85,2.2
5.47,11.15,8.0,12.1019,301.1,0.42,19.2357,-96.14265,2019-11-22 18:15,16.9,2.2
5.41,11.15,8.0,7.7662,299.74,0.42,19.23755,-96.142083,2019-11-22 18:16,7.26,2.2
5.85,11.15,8.0,8.7085,312.75,0.42,19.2395,-96.141917,2019-11-22 18:17,5.25,2.2
6.15,11.15,8.0,7.0946,311.8,0.42,19.241517,-96.1417,2019-11-22 18:18,5.2,2.2
6.23,11.15,10.0,7.8864,313.85,0.42,19.243567000000002,-96.141583,2019-11-22 18:19,5.15,2.2
6.44,11.15,19.0,10.6063,312.62,0.42,19.245917000000002,-96.141467,2019-11-22 18:20,6.38,2.2
5.92,11.15,22.0,10.2622,314.81,0.42,19.248317,-96.141283,2019-11-22 18:21,7.19,2.2
7.02,11.15,25.0,10.3185,316.36,0.42,19.251067000000003,-96.140967,2019-11-22 18:22,7.64,2.2
8.43,11.15,30.0,8.4932,314.63,0.42,19.253982999999998,-96.140633,2019-11-22 18:23,7.37,2.2
7.87,11.15,27.0,9.6177,315.03,0.42,19.257017,-96.14031700000001,2019-11-22 18:24,6.97,2.2
8.31,11.15,32.0,9.9041,317.83,0.42,19.26015,-96.139967,2019-11-22 18:25,7.17,2.2
7.91,11.15,30.0,9.7913,316.08,0.42,19.2634,-96.13963299999999,2019-11-22 18:26,6.92,2.2
8.5,11.15,25.0,9.9226,317.92,0.42,19.266582999999997,-96.139333,2019-11-22 18:27,7.08,2.2
8.66,11.15,24.0,11.5113,316.5900000000001,0.42,19.2699,-96.138983,2019-11-22 18:28,4.41,2.2
9.29,11.15,23.0,11.3417,-39.30000000000001,0.42,19.273067,-96.13885,2019-11-22 18:29,359.3,2.2
9.01,11.15,21.0,11.4645,-37.670000000000016,0.42,19.27645,-96.139033,2019-11-22 18:30,356.67,2.2
9.1,11.15,23.0,13.9639,-35.19,0.42,19.279683,-96.1393,2019-11-22 18:31,357.19,2.2
8.67,11.15,24.0,11.6415,-37.31,0.42,19.282982999999998,-96.139567,2019-11-22 18:32,357.31,2.2
8.19,11.15,24.0,11.198,-35.33999999999997,0.42,19.286267000000002,-96.13975,2019-11-22 18:33,357.34,2.2
8.58,11.15,24.0,11.2349,-35.94999999999999,0.42,19.289717,-96.14,2019-11-22 18:34,356.95,2.2
8.79,11.15,23.0,11.8215,-35.89999999999998,0.42,19.293017000000003,-96.14026700000001,2019-11-22 18:35,356.9,2.2
8.91,11.15,23.0,12.3477,-39.519999999999975,0.42,19.296367,-96.1405,2019-11-22 18:36,357.52,2.2
8.17,11.15,24.0,11.5311,-37.81999999999999,0.42,19.299733,-96.140683,2019-11-22 18:37,357.82,2.2
9.46,11.15,23.0,11.4794,-37.13999999999999,0.42,19.303133,-96.140917,2019-11-22 18:38,357.14,2.2
8.37,11.15,23.0,11.6284,-38.75,0.42,19.306467,-96.1412,2019-11-22 18:39,356.75,2.2
7.83,11.15,29.0,12.0436,-37.980000000000025,0.42,19.309817000000002,-96.14138299999999,2019-11-22 18:40,356.98,2.2
7.07,11.15,27.0,9.86,-38.60000000000002,0.42,19.313117000000002,-96.141633,2019-11-22 18:41,357.6,2.2
7.98,11.15,23.0,11.6134,-38.519999999999975,0.42,19.316617,-96.1418,2019-11-22 18:42,357.52,2.2
7.75,11.15,23.0,8.5491,-38.37000000000001,0.42,19.3199,-96.142083,2019-11-22 18:43,357.37,2.2
7.62,11.15,23.0,11.2508,-41.00999999999999,0.42,19.323233,-96.1423,2019-11-22 18:44,359.01,2.2
9.08,11.15,24.0,10.3782,-40.279999999999966,0.42,19.3266,-96.14241700000001,2019-11-22 18:45,359.28,2.2
8.78,11.15,23.0,11.4671,-40.019999999999975,0.42,19.33,-96.142533,2019-11-22 18:46,359.02,2.2
8.56,11.15,23.0,9.86,-31.0,0.42,19.3333,-96.14265,2019-11-22 18:47,359.0,2.2
7.52,11.15,23.0,9.3239,-38.0,0.42,19.336633,-96.1428,2019-11-22 18:48,359.0,2.2
7.78,11.15,23.0,10.9922,-35.87000000000001,0.42,19.339933,-96.14291700000001,2019-11-22 18:49,359.87,2.2
10.26,11.15,23.0,11.1382,319.92,0.42,19.343383,-96.142983,2019-11-22 18:50,0.08,2.2
7.53,11.15,23.0,10.6276,-38.74000000000001,0.42,19.346683,-96.14305,2019-11-22 18:51,359.74,2.2
10.3,11.15,23.0,10.4206,320.8400000000001,0.42,19.350033,-96.14313299999999,2019-11-22 18:52,0.16,2.2
9.37,11.15,24.0,11.6674,322.81,0.42,19.353333,-96.1432,2019-11-22 18:53,0.19,2.2
9.02,11.15,23.0,10.9559,323.92,0.42,19.3568,-96.143233,2019-11-22 18:54,2.08,2.2
9.27,11.15,31.0,9.5155,318.63,0.42,19.3601,-96.14315,2019-11-22 18:55,2.37,2.2
9.06,11.15,26.0,10.5607,320.31,0.42,19.36345,-96.143117,2019-11-22 18:56,1.69,2.2
9.5,11.15,23.0,10.135,320.93,0.42,19.3668,-96.14308299999999,2019-11-22 18:57,2.07,2.2
8.38,11.15,23.0,9.3365,320.93,0.42,19.3702,-96.143067,2019-11-22 18:58,2.07,2.2
9.54,11.15,23.0,10.2914,-40.220000000000034,0.42,19.373467,-96.142967,2019-11-22 18:59,359.22,2.2
9.13,11.15,22.0,10.3614,-36.74000000000001,0.42,19.37675,-96.1431,2019-11-22 19:00,354.74,2.2
9.79,11.15,22.0,10.1109,-30.160000000000025,0.42,19.379932999999998,-96.143517,2019-11-22 19:01,352.16,2.2
7.25,11.15,38.0,8.9868,-28.889999999999986,0.42,19.383283,-96.14399999999999,2019-11-22 19:02,346.89,2.2
8.2,11.15,22.0,9.383,-22.75,0.42,19.386317000000002,-96.14485,2019-11-22 19:03,339.75,2.2
8.34,11.15,21.0,8.3893,-17.600000000000023,0.42,19.389283,-96.14615,2019-11-22 19:04,336.6,2.2
10.12,11.15,23.0,7.7911,-16.610000000000017,0.42,19.392232999999997,-96.147533,2019-11-22 19:05,334.61,2.2
9.65,11.15,23.0,7.9114,-14.600000000000026,0.42,19.395183,-96.1491,2019-11-22 19:06,332.6,2.2
8.6,11.15,23.0,8.4616,-14.769999999999984,0.42,19.398017000000003,-96.150683,2019-11-22 19:07,332.77,2.2
9.05,11.15,26.0,8.186,-15.060000000000002,0.42,19.400983,-96.152333,2019-11-22 19:08,333.06,2.2
10.03,11.15,27.0,8.7579,-14.670000000000016,0.42,19.403933,-96.15396700000001,2019-11-22 19:09,332.67,2.2
9.75,11.15,29.0,8.5987,-14.810000000000002,0.42,19.406983,-96.155683,2019-11-22 19:10,332.81,2.2
8.5,11.15,34.0,8.8136,-15.110000000000017,0.42,19.409983,-96.157333,2019-11-22 19:11,333.11,2.2
9.4,11.15,26.0,8.7793,-16.350000000000026,0.42,19.413033,-96.159017,2019-11-22 19:12,333.35,2.2
10.3,11.15,26.0,8.4336,-15.269999999999984,0.42,19.4161,-96.1607,2019-11-22 19:13,333.27,2.2
9.55,11.15,26.0,8.6281,-15.850000000000026,0.42,19.419233,-96.162417,2019-11-22 19:14,332.85,2.2
9.39,11.15,25.0,8.3916,-13.970000000000026,0.42,19.4222,-96.164067,2019-11-22 19:15,332.97,2.2
8.94,11.15,26.0,8.4343,-14.230000000000016,0.42,19.425317,-96.16578299999999,2019-11-22 19:16,333.23,2.2
8.46,11.15,26.0,8.1652,-13.829999999999984,0.42,19.428333,-96.16745,2019-11-22 19:17,332.83,2.2
9.73,11.15,25.0,8.4766,-15.910000000000027,0.42,19.431417,-96.169133,2019-11-22 19:18,332.91,2.2
9.25,11.15,26.0,8.6704,-16.20999999999998,0.42,19.43445,-96.170783,2019-11-22 19:19,333.21,2.2
10.47,11.15,26.0,8.6087,-15.279999999999974,0.42,19.43765,-96.1725,2019-11-22 19:20,332.28,2.2
9.63,11.15,25.0,8.2261,-8.709999999999981,0.42,19.4406,-96.17425,2019-11-22 19:21,327.71,2.2
9.33,11.15,24.0,8.7181,-10.399999999999975,0.42,19.443517,-96.17621700000001,2019-11-22 19:22,326.4,2.2
8.67,11.15,25.0,8.6369,-10.689999999999998,0.42,19.44635,-96.17818299999999,2019-11-22 19:23,326.69,2.2
8.82,11.15,26.0,8.31,-6.240000000000008,0.42,19.44925,-96.18025,2019-11-22 19:24,324.24,2.2
10.18,11.15,29.0,8.1586,-4.839999999999974,0.42,19.45205,-96.182383,2019-11-22 19:25,323.84,2.2
9.62,11.15,31.0,8.1398,-5.060000000000001,0.42,19.4549,-96.18458299999999,2019-11-22 19:26,324.06,2.2
8.41,11.15,26.0,8.1989,-5.110000000000014,0.42,19.457683,-96.1867,2019-11-22 19:27,324.11,2.2
8.76,11.15,26.0,8.3607,-6.5400000000000205,0.42,19.460517000000003,-96.18885,2019-11-22 19:28,324.54,2.2
8.76,11.15,25.0,8.6847,-8.660000000000025,0.42,19.46335,-96.190983,2019-11-22 19:29,324.66,2.2
9.24,11.15,26.0,8.3612,-6.2900000000000205,0.42,19.466233,-96.1931,2019-11-22 19:30,324.29,2.2
9.18,11.15,25.0,8.2015,-4.939999999999999,0.41,19.469,-96.1952,2019-11-22 19:31,323.94,1.31
8.75,11.15,26.0,8.0638,-16.870000000000005,0.41,19.471982999999998,-96.19735,2019-11-22 19:32,336.87,1.31
10.32,11.15,27.0,8.9208,-29.100000000000023,0.41,19.475133,-96.19865,2019-11-22 19:33,344.1,1.31
10.13,11.15,27.0,8.7181,-30.339999999999968,0.41,19.4785,-96.199617,2019-11-22 19:34,346.34,1.31
8.4,11.15,27.0,9.5643,-31.81,0.41,19.481817000000003,-96.200467,2019-11-22 19:35,346.81,1.31
9.56,11.15,27.0,8.8768,-33.05000000000001,0.41,19.4852,-96.20128299999999,2019-11-22 19:36,348.05,1.31
9.08,11.15,26.0,9.3597,-30.600000000000023,0.41,19.48855,-96.20205,2019-11-22 19:37,348.6,1.31
9.57,11.15,26.0,8.8229,-28.339999999999968,0.41,19.492082999999997,-96.202833,2019-11-22 19:38,347.34,1.31
8.49,11.15,25.0,8.6892,-32.25999999999999,0.41,19.49545,-96.2036,2019-11-22 19:39,348.26,1.31
10.39,11.15,31.0,9.0634,-33.80000000000001,0.41,19.498967,-96.204367,2019-11-22 19:40,347.8,1.31
8.01,11.15,30.0,8.8356,-32.139999999999986,0.71,19.502333,-96.205117,2019-11-22 19:41,348.14,0.39
8.88,11.15,26.0,8.9064,-32.93000000000001,0.71,19.505782999999997,-96.205867,2019-11-22 19:42,347.93,0.39
9.65,11.15,26.0,8.9067,-32.829999999999984,0.71,19.509183,-96.2066,2019-11-22 19:43,347.83,0.39
8.96,11.15,25.0,8.3432,-27.089999999999968,0.71,19.51265,-96.20745,2019-11-22 19:44,348.09,0.39
10.11,11.15,26.0,8.6247,-30.279999999999966,0.71,19.516067,-96.208167,2019-11-22 19:45,348.28,0.39
9.96,11.15,25.0,8.345,-25.25999999999999,0.71,19.519482999999997,-96.20895,2019-11-22 19:46,344.26,0.39
10.21,11.15,24.0,8.8445,-26.170000000000016,0.71,19.522817,-96.20995,2019-11-22 19:47,340.17,0.39
8.86,11.15,24.0,8.7147,-21.86000000000001,0.71,19.5261,-96.21125,2019-11-22 19:48,336.86,0.39
9.34,11.15,25.0,8.7533,-18.56,0.71,19.529232999999998,-96.212633,2019-11-22 19:49,335.56,0.39
9.07,11.15,25.0,8.6328,-18.579999999999984,0.71,19.5324,-96.214167,2019-11-22 19:50,334.58,0.39
8.8,11.15,26.0,8.7161,-18.839999999999975,0.71,19.535532999999997,-96.215717,2019-11-22 19:51,334.84,0.39
8.19,11.15,26.0,8.3658,-17.45999999999998,0.71,19.538783,-96.217333,2019-11-22 19:52,335.46,0.39
9.48,11.15,26.0,8.7654,-20.230000000000018,0.71,19.541917,-96.21883299999999,2019-11-22 19:53,336.23,0.39
9.25,11.15,25.0,9.4526,-20.79000000000002,0.71,19.5452,-96.220333,2019-11-22 19:54,332.79,0.39
9.42,11.15,32.0,7.7958,-6.600000000000023,0.71,19.548167000000003,-96.22201700000001,2019-11-22 19:55,330.6,0.39
9.08,11.15,27.0,8.4194,-11.100000000000025,0.71,19.551267000000003,-96.223867,2019-11-22 19:56,329.1,0.39
9.64,11.15,26.0,8.2838,-8.959999999999981,0.71,19.554217,-96.225817,2019-11-22 19:57,328.96,0.39
8.54,11.15,25.0,8.3055,-9.620000000000003,0.71,19.5573,-96.2277,2019-11-22 19:58,329.62,0.39
10.66,11.15,26.0,8.4355,-14.209999999999981,0.71,19.56035,-96.2296,2019-11-22 19:59,332.21,0.39
7.74,11.15,26.0,8.3657,-14.740000000000007,0.71,19.5635,-96.231317,2019-11-22 20:00,333.74,0.39
9.58,11.15,26.0,8.0095,-12.5,0.71,19.566617,-96.23298299999999,2019-11-22 20:01,333.5,0.39
8.43,11.15,45.0,8.0095,-14.160000000000027,0.71,19.5699,-96.2347,2019-11-22 20:02,335.16,0.39
10.2,11.15,25.0,9.0027,-20.44999999999999,0.71,19.573067,-96.23625,2019-11-22 20:03,335.45,0.39
8.99,11.15,26.0,8.7536,-17.879999999999995,0.71,19.576267,-96.237817,2019-11-22 20:04,334.88,0.39
7.32,11.15,25.0,8.8225,-19.029999999999973,0.71,19.579383,-96.23938299999999,2019-11-22 20:05,335.03,0.39
11.1,11.15,24.0,9.1451,-21.350000000000023,0.71,19.582717000000002,-96.241017,2019-11-22 20:06,335.35,0.39
7.9,11.15,24.0,9.1468,-21.06,0.71,19.58585,-96.24256700000001,2019-11-22 20:07,335.06,0.39
9.9,11.15,24.0,9.0041,-18.670000000000016,0.71,19.589032999999997,-96.24413299999999,2019-11-22 20:08,334.67,0.39
9.7,11.15,24.0,8.6185,-16.689999999999998,0.71,19.59215,-96.245717,2019-11-22 20:09,334.69,0.39
8.92,11.15,26.0,9.4526,-23.480000000000015,0.71,19.5954,-96.24736700000001,2019-11-22 20:10,335.48,0.39
6.43,11.15,32.0,8.8664,-20.160000000000025,0.71,19.598517,-96.2489,2019-11-22 20:11,335.16,0.39
5.58,11.15,24.0,8.8664,-29.69,0.71,19.601682999999998,-96.250467,2019-11-22 20:12,334.69,0.39
7.35,11.15,24.0,10.2922,-31.94,0.71,19.604782999999998,-96.252033,2019-11-22 20:13,336.94,0.39
9.24,11.15,25.0,9.507,-27.269999999999985,0.71,19.6081,-96.25355,2019-11-22 20:14,338.27,0.39
9.14,11.15,24.0,10.2411,-33.05000000000001,0.71,19.611283,-96.254917,2019-11-22 20:15,338.05,0.39
9.37,11.15,25.0,10.2732,-33.95999999999998,0.71,19.614532999999998,-96.25631700000001,2019-11-22 20:16,338.96,0.39
9.72,11.15,24.0,8.8634,-23.25999999999999,0.71,19.617732999999998,-96.25765,2019-11-22 20:17,339.26,0.39
7.25,11.15,24.0,11.1677,-40.88,0.71,19.621117,-96.259033,2019-11-22 20:18,338.88,0.39
8.58,11.15,25.0,9.7471,-28.980000000000015,0.71,19.624317,-96.26038299999999,2019-11-22 20:19,338.98,0.39
9.42,11.15,24.0,9.1393,-26.29000000000002,0.71,19.62755,-96.26173299999999,2019-11-22 20:20,339.29,0.39
6.71,11.15,24.0,10.213,-33.36000000000001,0.71,19.630782999999997,-96.263033,2019-11-22 20:21,339.36,0.39
10.92,11.15,24.0,10.1278,-32.05000000000001,0.71,19.634183,-96.264383,2019-11-22 20:22,339.05,0.39
8.91,11.15,25.0,10.6023,-36.660000000000025,0.71,19.637383,-96.26571700000001,2019-11-22 20:23,338.66,0.39
8.05,11.15,24.0,11.4543,-43.829999999999984,0.71,19.640632999999998,-96.267083,2019-11-22 20:24,338.83,0.39
11.1,11.15,29.0,10.0137,-31.870000000000005,0.71,19.64385,-96.268433,2019-11-22 20:25,338.87,0.39
5.93,11.15,29.0,11.1516,-42.06,0.71,19.647233,-96.2698,2019-11-22 20:26,339.06,0.39
7.56,11.15,25.0,10.124,-33.220000000000034,0.71,19.650417,-96.27115,2019-11-22 20:27,339.22,0.39
9.99,11.15,24.0,12.389000000000001,-48.81999999999999,0.71,19.6537,-96.272467,2019-11-22 20:28,337.82,0.39
10.15,11.15,23.0,11.5911,-44.27999999999997,0.71,19.656882999999997,-96.27386700000001,2019-11-22 20:29,336.28,0.39
9.49,11.15,24.0,11.669,-44.670000000000016,0.71,19.660183,-96.275417,2019-11-22 20:30,335.67,0.39
7.52,11.15,24.0,10.7454,-35.05000000000001,0.71,19.663317000000003,-96.276917,2019-11-22 20:31,336.05,0.39
6.66,11.15,24.0,10.2652,-30.899999999999977,0.71,19.6665,-96.278417,2019-11-22 20:32,335.9,0.39
13.2,11.15,25.0,13.7367,-60.600000000000016,0.71,19.66965,-96.279917,2019-11-22 20:33,335.6,0.39
11.4,11.15,24.0,12.2673,-52.93000000000001,0.71,19.672933,-96.2815,2019-11-22 20:34,335.93,0.39
9.0,11.15,24.0,12.6128,-51.23000000000002,0.71,19.676083,-96.282983,2019-11-22 20:35,335.23,0.39
7.85,11.15,24.0,12.3955,-50.670000000000016,0.71,19.679233,-96.284533,2019-11-22 20:36,334.67,0.39
8.62,11.15,24.0,12.5626,-53.00999999999999,0.71,19.6824,-96.2861,2019-11-22 20:37,335.01,0.39
9.26,11.15,24.0,12.1261,-46.100000000000016,0.71,19.685567000000002,-96.28765,2019-11-22 20:38,335.1,0.39
10.21,11.15,24.0,11.6984,-43.19,0.71,19.688682999999997,-96.289167,2019-11-22 20:39,335.19,0.39
6.7,11.15,30.0,13.1174,-56.05000000000001,0.71,19.691967,-96.2908,2019-11-22 20:40,335.05,0.39
9.4,11.15,29.0,11.5318,-41.88,0.71,19.695117,-96.29231700000001,2019-11-22 20:41,334.88,0.39
11.15,11.15,24.0,11.0486,-36.70999999999998,0.71,19.698283,-96.293883,2019-11-22 20:42,334.71,0.39
8.07,11.15,24.0,12.4845,-50.54000000000002,0.71,19.70145,-96.29545,2019-11-22 20:43,334.54,0.39
9.2,11.15,24.0,12.1376,-77.13999999999999,0.71,19.704567,-96.29701700000001,2019-11-22 20:44,333.14,0.39
10.11,11.15,24.0,12.2459,-47.86000000000002,0.71,19.707732999999998,-96.2987,2019-11-22 20:45,332.86,0.39
9.28,11.15,24.0,12.2482,-76.85000000000002,0.71,19.710817000000002,-96.300333,2019-11-22 20:46,332.85,0.39
9.14,11.15,24.0,12.0433,-46.98000000000002,0.71,19.713917000000002,-96.302017,2019-11-22 20:47,332.98,0.39
11.48,11.15,24.0,12.3568,-53.76999999999998,0.71,19.717032999999997,-96.3037,2019-11-22 20:48,332.77,0.39
16.99,11.15,25.0,9.6421,-26.95999999999998,0.71,19.7233,-96.3069,2019-11-22 20:50,336.96,0.39
13.28,11.15,24.0,13.0244,-55.63999999999999,0.71,19.726567000000003,-96.30835,2019-11-22 20:51,337.64,0.39
17.44,11.15,24.0,12.3367,-55.49000000000001,0.71,19.72975,-96.309667,2019-11-22 20:52,338.49,0.39
17.78,11.15,24.0,11.9719,-45.83999999999998,0.71,19.733033,-96.311033,2019-11-22 20:53,337.84,0.39
12.21,11.15,23.0,12.9969,-61.41000000000002,0.71,19.736283,-96.31236700000001,2019-11-22 20:54,338.41,0.39
15.97,11.15,31.0,12.0841,-54.56,0.71,19.739433,-96.3137,2019-11-22 20:55,337.56,0.39
14.09,11.15,26.0,12.7853,-60.0,0.71,19.74265,-96.315083,2019-11-22 20:56,338.0,0.39
15.82,11.15,24.0,12.1325,-51.87000000000001,0.71,19.745917000000002,-96.31645,2019-11-22 20:57,337.87,0.39
9.84,11.15,24.0,12.9715,-71.19999999999997,0.71,19.749067,-96.3178,2019-11-22 20:58,338.2,0.39
11.56,11.15,23.0,13.2091,-58.75,0.71,19.752333,-96.3192,2019-11-22 20:59,337.75,0.39
2.64,11.15,24.0,12.8611,-69.83999999999997,0.71,19.758733,-96.321933,2019-11-22 21:01,337.84,0.39
2.51,11.15,41.0,12.436,-64.41000000000003,0.71,19.761867000000002,-96.3233,2019-11-22 21:02,337.41,0.39
1.83,11.15,24.0,12.6968,-61.95999999999998,0.71,19.768267,-96.32605,2019-11-22 21:04,337.96,0.39
17.55,11.15,23.0,13.0209,-75.22000000000003,0.71,19.7715,-96.327433,2019-11-22 21:05,337.22,0.39
12.42,11.15,24.0,12.8795,-82.47000000000003,0.71,19.774632999999998,-96.328817,2019-11-22 21:06,338.47,0.39
13.33,11.15,24.0,13.123,-72.10000000000002,0.71,19.777832999999998,-96.33015,2019-11-22 21:07,338.1,0.39
11.76,11.15,23.0,11.8342,-84.86000000000001,0.71,19.781017000000002,-96.331533,2019-11-22 21:08,338.86,0.39
12.26,11.15,24.0,12.0244,-83.42000000000002,0.71,19.7843,-96.332833,2019-11-22 21:09,340.42,0.39
2.85,11.15,27.0,12.1293,-85.07,0.71,19.78755,-96.33408299999999,2019-11-22 21:10,340.07,0.39
0.49,11.15,31.0,12.9584,-64.58999999999997,0.71,19.790767000000002,-96.33535,2019-11-22 21:11,339.59,0.39
3.67,11.15,23.0,12.481,-61.56,0.71,19.79395,-96.33658299999999,2019-11-22 21:12,340.56,0.39
12.63,11.15,24.0,11.9904,-56.97000000000003,0.71,19.797233,-96.33785,2019-11-22 21:13,339.97,0.39
2.41,11.15,23.0,12.3883,-80.83999999999997,0.71,19.803717000000002,-96.340333,2019-11-22 21:15,339.84,0.39
3.64,11.15,24.0,12.6073,-68.55000000000001,0.71,19.806867,-96.341633,2019-11-22 21:16,339.55,0.39
17.06,11.15,23.0,12.81,-61.01999999999998,0.71,19.8101,-96.3429,2019-11-22 21:17,340.02,0.39
1.74,11.15,24.0,11.9693,-85.37,0.71,19.813333,-96.344183,2019-11-22 21:18,340.37,0.39
9.8,11.15,24.0,12.3329,-56.69,0.71,19.816533,-96.345383,2019-11-22 21:19,340.69,0.39
11.2,11.15,24.0,12.005999999999998,-53.75999999999999,0.71,19.819817,-96.34666700000001,2019-11-22 21:20,339.76,0.39
13.2,11.15,23.0,13.4451,-73.06,0.71,19.823033,-96.34795,2019-11-22 21:21,340.06,0.39
9.74,11.15,24.0,12.0628,-54.350000000000016,0.71,19.826267,-96.34921700000001,2019-11-22 21:22,340.35,0.39
12.49,11.15,24.0,12.7227,-62.649999999999984,0.71,19.82945,-96.350433,2019-11-22 21:23,340.65,0.39
3.83,11.15,24.0,14.1475,-70.01999999999998,0.71,19.83275,-96.3517,2019-11-22 21:24,340.02,0.39
14.96,11.15,28.0,12.6681,-65.42000000000002,0.71,19.836033,-96.352967,2019-11-22 21:25,340.42,0.39
0.13,11.15,29.0,12.5987,-83.32,0.71,19.8392,-96.3542,2019-11-22 21:26,340.32,0.39
3.04,11.15,23.0,13.0299,-85.31,0.71,19.84245,-96.3555,2019-11-22 21:27,340.31,0.39
16.02,11.15,24.0,11.8507,-51.52999999999997,0.71,19.8456,-96.35675,2019-11-22 21:28,339.53,0.39
17.71,11.15,24.0,13.2592,-70.50999999999998,0.71,19.85525,-96.36065,2019-11-22 21:31,339.51,0.39
7.85,11.15,24.0,12.6039,-63.70999999999998,0.71,19.861632999999998,-96.363233,2019-11-22 21:33,339.71,0.39
0.25,11.15,24.0,12.3983,-54.79000000000002,0.71,19.864783,-96.364467,2019-11-22 21:34,340.79,0.39
15.73,11.15,23.0,12.9108,-63.41000000000002,0.71,19.86795,-96.36568299999999,2019-11-22 21:35,339.41,0.39
7.86,11.15,24.0,11.2629,-41.910000000000025,0.71,19.871167,-96.36705,2019-11-22 21:36,336.91,0.39
2.08,11.15,23.0,11.5184,-49.24000000000001,0.71,19.874333,-96.368517,2019-11-22 21:37,337.24,0.39
10.64,11.15,23.0,13.0062,-68.81,0.71,19.87745,-96.36995,2019-11-22 21:38,336.81,0.39
15.32,11.15,24.0,11.8793,-53.87000000000001,0.71,19.880567000000003,-96.3714,2019-11-22 21:39,336.87,0.39
7.84,11.15,28.0,11.3238,-89.18,0.71,19.88685,-96.3742,2019-11-22 21:41,338.18,0.39
16.67,11.15,24.0,12.3356,-56.670000000000016,0.71,19.889933,-96.37558299999999,2019-11-22 21:42,337.67,0.39
15.28,11.15,24.0,12.8839,-66.08999999999997,0.71,19.893117,-96.37700000000001,2019-11-22 21:43,338.09,0.39
14.99,11.15,24.0,12.7547,-59.75999999999999,0.71,19.89625,-96.37835,2019-11-22 21:44,337.76,0.39
8.47,11.15,24.0,14.3689,-64.31,0.71,19.899333,-96.379683,2019-11-22 21:45,338.31,0.39
13.38,11.15,24.0,12.633,-60.63999999999999,0.71,19.902567,-96.38113299999999,2019-11-22 21:46,337.64,0.39
0.54,11.15,24.0,11.8575,-52.91000000000002,0.71,19.905767,-96.38256700000001,2019-11-22 21:47,337.91,0.39
12.86,11.15,24.0,12.1955,-80.49000000000002,0.71,19.908867,-96.38395,2019-11-22 21:48,337.49,0.39
14.63,11.15,24.0,12.7493,-69.43,0.71,19.912067,-96.385417,2019-11-22 21:49,337.43,0.39
11.6,11.15,24.0,12.3199,-57.47000000000003,0.71,19.915183,-96.38685,2019-11-22 21:50,337.47,0.39
16.37,11.15,24.0,11.2353,-43.11000000000002,0.71,19.918383,-96.38833299999999,2019-11-22 21:51,337.11,0.39
7.3,11.15,24.0,12.1877,-54.44,0.71,19.921483,-96.389783,2019-11-22 21:52,337.44,0.39
8.2,11.15,24.0,12.4354,-76.01999999999998,0.71,19.92465,-96.3912,2019-11-22 21:53,338.02,0.39
8.42,11.15,24.0,12.5005,-60.56,0.71,19.927817,-96.392617,2019-11-22 21:54,337.56,0.39
11.49,11.15,32.0,12.9213,-69.80000000000001,0.71,19.930967000000003,-96.394067,2019-11-22 21:55,337.8,0.39
17.17,11.15,26.0,12.338,-61.18000000000001,0.71,19.934182999999997,-96.395483,2019-11-22 21:56,338.18,0.39
14.06,11.15,24.0,12.7905,-75.82,0.71,19.9374,-96.39693299999999,2019-11-22 21:57,337.82,0.39
15.04,11.15,23.0,12.2749,-77.69,0.71,19.9405,-96.39835,2019-11-22 21:58,337.69,0.39
16.19,11.15,24.0,11.1514,-41.94,0.71,19.943767,-96.399833,2019-11-22 21:59,337.94,0.39
6.35,11.15,24.0,11.9945,-54.06,0.71,19.946867,-96.40125,2019-11-22 22:00,338.06,0.39
