stw,draft,foc,ws,wd,swh,vslHeading,dt,lat,lon
14.01,11.09,28.0,3.65,104.3,3.29,220.0,2019-10-10 01:36:00,28.26568300000001,122.117833
14.04,11.09,27.0,2.57,105.89999999999998,3.29,221.0,2019-10-10 01:37:00,28.2629,122.115
14.14,11.09,27.0,2.16,126.8,3.29,222.0,2019-10-10 01:38:00,28.260133000000003,122.112167
14.21,11.09,28.0,3.86,109.7,3.29,224.0,2019-10-10 01:39:00,28.25745,122.109167
14.24,11.09,26.0,3.65,110.2,3.29,224.0,2019-10-10 01:40:00,28.254817,122.106167
14.18,11.09,27.0,3.55,104.5,3.29,224.0,2019-10-10 01:41:00,28.25215,122.103333
14.24,11.09,26.0,3.65,114.89999999999998,3.29,223.0,2019-10-10 01:42:00,28.2495,122.100333
14.26,11.09,27.0,2.37,129.0,3.29,223.0,2019-10-10 01:43:00,28.246783,122.097333
14.26,11.09,29.58,3.76,119.5,3.29,223.0,2019-10-10 01:44:00,28.244083000000003,122.0945
14.24,11.09,26.0,3.5,114.8,3.29,224.0,2019-10-10 01:45:00,28.241417,122.0915
14.18,11.09,28.3,3.55,116.60000000000002,3.29,221.0,2019-10-10 01:46:00,28.238616999999998,122.08866699999999
14.04,11.09,27.0,1.59,118.39999999999998,3.29,219.0,2019-10-10 01:47:00,28.23575,122.086
14.13,11.09,26.0,3.76,142.9,3.29,219.0,2019-10-10 01:48:00,28.23293300000001,122.08333300000001
14.07,11.09,26.0,3.76,113.8,3.29,217.0,2019-10-10 01:49:00,28.230017,122.08066699999999
14.03,11.09,26.0,2.88,157.1,3.29,217.0,2019-10-10 01:50:00,28.22705,122.07799999999999
14.1,11.09,26.0,3.86,123.0,3.29,214.0,2019-10-10 01:51:00,28.224033000000002,122.0755
13.95,11.09,27.92,3.65,126.10000000000002,3.29,211.0,2019-10-10 01:52:00,28.220867,122.073333
13.99,11.09,27.0,2.78,136.39999999999998,3.29,210.0,2019-10-10 01:53:00,28.21765,122.07116699999999
13.89,11.09,26.0,4.58,113.60000000000002,3.29,208.0,2019-10-10 01:54:00,28.2144,122.069167
14.09,11.09,27.0,4.06,124.39999999999998,3.29,207.0,2019-10-10 01:55:00,28.211083000000002,122.067167
14.15,11.09,27.0,3.19,125.2,3.29,208.0,2019-10-10 01:56:00,28.20775,122.06516699999999
14.19,11.09,27.0,4.27,124.8,3.29,208.0,2019-10-10 01:57:00,28.204417,122.06299999999999
14.17,11.09,28.0,3.96,128.10000000000002,3.29,208.0,2019-10-10 01:58:00,28.201083,122.061
14.12,11.09,28.0,3.65,120.60000000000002,3.29,208.0,2019-10-10 01:59:00,28.197816999999997,122.058833
14.2,11.09,26.68,2.37,139.0,3.29,208.0,2019-10-10 02:00:00,28.194467,122.05683300000001
14.22,11.09,27.0,3.55,133.7,3.29,207.0,2019-10-10 02:01:00,28.191117,122.054833
14.21,11.09,27.0,4.06,143.0,3.29,207.0,2019-10-10 02:02:00,28.187766999999997,122.052667
14.21,11.09,27.0,3.65,129.60000000000002,3.29,209.0,2019-10-10 02:03:00,28.184483,122.0505
14.3,11.09,27.0,3.4,127.60000000000002,3.29,210.0,2019-10-10 02:04:00,28.1812,122.04833300000001
14.23,11.09,27.0,3.09,126.60000000000002,3.29,211.0,2019-10-10 02:05:00,28.177967,122.046167
14.25,11.09,26.0,3.19,132.7,3.29,209.0,2019-10-10 02:06:00,28.174667,122.044
14.15,11.09,26.0,2.57,125.39999999999998,3.29,210.0,2019-10-10 02:07:00,28.171367,122.04183300000001
14.26,11.09,29.58,3.29,114.10000000000002,3.29,210.0,2019-10-10 02:08:00,28.16808300000001,122.039667
14.27,11.09,27.0,4.06,140.0,3.29,210.0,2019-10-10 02:09:00,28.1648,122.0375
14.34,11.09,27.97,2.98,119.8,3.29,209.0,2019-10-10 02:10:00,28.161533000000002,122.03533300000001
14.45,11.09,29.58,3.55,124.8,3.29,210.0,2019-10-10 02:11:00,28.1583,122.03316699999999
14.3,11.09,29.58,3.5,125.7,3.29,209.0,2019-10-10 02:12:00,28.155,122.031
14.22,11.09,25.0,2.78,142.2,3.29,205.0,2019-10-10 02:13:00,28.151616999999998,122.029
14.22,11.09,26.0,4.37,132.5,3.29,201.0,2019-10-10 02:14:00,28.1481,122.02733300000001
14.18,11.09,27.0,3.29,127.89999999999998,3.29,200.0,2019-10-10 02:15:00,28.14453300000001,122.025833
14.22,11.09,27.0,2.98,139.60000000000002,3.29,201.0,2019-10-10 02:16:00,28.141016999999998,122.02433300000001
14.33,11.09,28.0,3.76,123.2,3.29,202.0,2019-10-10 02:17:00,28.137466999999997,122.022667
14.3,11.09,29.0,3.29,122.2,3.29,207.0,2019-10-10 02:18:00,28.134,122.02083300000001
14.29,11.09,28.0,3.29,116.8,3.29,212.0,2019-10-10 02:19:00,28.130683,122.018667
14.34,11.09,29.0,3.55,132.89999999999998,3.29,214.0,2019-10-10 02:20:00,28.12755,122.016167
14.4,11.09,28.0,2.98,109.2,3.29,218.0,2019-10-10 02:21:00,28.124533000000003,122.0135
14.29,11.09,28.0,3.65,80.60000000000002,3.29,222.0,2019-10-10 02:22:00,28.121716999999997,122.010667
14.23,11.09,29.0,3.76,134.6,3.29,227.0,2019-10-10 02:23:00,28.119033,122.007667
14.32,11.09,29.0,3.5,108.2,3.29,232.0,2019-10-10 02:24:00,28.11665,122.004333
14.35,11.09,29.0,2.78,95.10000000000002,3.29,235.0,2019-10-10 02:25:00,28.114433000000002,122.00083300000001
14.25,11.09,28.0,2.88,130.1,3.29,238.0,2019-10-10 02:26:00,28.1124,121.99733300000001
14.32,11.09,27.0,2.98,118.7,3.29,238.0,2019-10-10 02:27:00,28.110416999999998,121.99366699999999
14.32,11.09,28.0,3.65,135.4,3.29,242.0,2019-10-10 02:28:00,28.10865,121.99
14.19,11.09,28.0,3.65,135.4,3.29,242.0,2019-10-10 02:28:25,28.10865,121.99
14.22,11.09,27.0,3.19,121.7,3.29,243.0,2019-10-10 02:29:00,28.106966999999997,121.986333
14.07,11.09,27.0,1.59,107.10000000000002,3.29,243.0,2019-10-10 02:30:00,28.1053,121.9825
14.09,11.09,26.0,2.57,105.7,3.29,243.0,2019-10-10 02:31:00,28.103666999999998,121.97866699999999
14.03,11.09,28.3,3.29,106.2,3.29,237.0,2019-10-10 02:32:00,28.101767,121.975167
13.78,11.09,27.92,3.5,108.89999999999998,3.29,231.0,2019-10-10 02:33:00,28.099617,121.971833
13.75,11.09,25.0,1.95,169.8,3.29,224.0,2019-10-10 02:34:00,28.097116999999997,121.968833
13.73,11.09,25.0,2.37,114.60000000000002,3.29,218.0,2019-10-10 02:35:00,28.094383,121.966167
13.81,11.09,26.0,4.17,115.5,3.29,212.0,2019-10-10 02:36:00,28.091417,121.96383300000001
13.89,11.09,28.0,3.5,129.7,3.29,212.0,2019-10-10 02:37:00,28.088333000000002,121.96166699999999
13.99,11.09,29.0,3.76,96.5,3.29,212.0,2019-10-10 02:38:00,28.085183,121.959333
14.15,11.09,29.0,1.85,118.7,3.29,213.0,2019-10-10 02:39:00,28.0821,121.95700000000001
14.25,11.09,27.0,2.78,118.8,3.29,214.0,2019-10-10 02:40:00,28.07903300000001,121.95466699999999
14.28,11.09,27.0,4.37,117.60000000000002,3.29,214.0,2019-10-10 02:41:00,28.075916999999997,121.95233300000001
14.34,11.09,27.0,3.86,83.5,3.29,213.0,2019-10-10 02:42:00,28.072767,121.94983300000001
14.38,11.09,27.0,3.76,100.5,3.29,213.0,2019-10-10 02:43:00,28.069616999999997,121.9475
14.25,11.09,27.0,4.17,112.10000000000002,3.29,212.0,2019-10-10 02:44:00,28.066433,121.945167
13.78,11.09,27.92,3.65,161.5,3.29,222.0,2019-10-10 02:45:00,28.063516999999997,121.94283300000001
13.64,11.09,27.74,3.19,104.10000000000002,3.29,227.0,2019-10-10 02:46:00,28.061083,121.93983300000001
13.64,11.09,26.83,1.85,108.3,3.29,232.0,2019-10-10 02:47:00,28.0588,121.93666699999999
13.83,11.09,29.0,3.29,123.8,3.29,233.0,2019-10-10 02:48:00,28.056583000000003,121.933333
13.86,11.09,27.92,3.29,171.2,3.29,230.0,2019-10-10 02:49:00,28.054333000000003,121.93
13.7,11.09,27.74,3.29,121.5,3.29,220.0,2019-10-10 02:50:00,28.051766999999998,121.927167
13.73,11.09,27.0,1.95,145.4,3.29,219.0,2019-10-10 02:51:00,28.04905,121.9245
13.71,11.09,26.0,3.96,123.5,3.29,213.0,2019-10-10 02:52:00,28.04608300000001,121.92216699999999
13.77,11.09,28.0,3.96,117.7,3.29,210.0,2019-10-10 02:53:00,28.042866999999998,121.92
13.78,11.09,28.0,3.09,116.7,3.29,209.0,2019-10-10 02:54:00,28.039633000000002,121.91799999999999
13.92,11.09,27.0,3.29,116.5,3.29,209.0,2019-10-10 02:55:00,28.036383,121.916
13.97,11.09,28.0,2.78,126.39999999999998,3.29,207.0,2019-10-10 02:56:00,28.03313300000001,121.914
14.03,11.09,27.0,2.26,126.39999999999998,3.29,207.0,2019-10-10 02:57:00,28.029833,121.911833
14.17,11.09,27.0,4.27,121.39999999999998,3.29,209.0,2019-10-10 02:58:00,28.02655,121.909833
14.2,11.09,27.0,4.06,127.3,3.29,209.0,2019-10-10 02:59:00,28.023233,121.90766699999999
14.27,11.09,29.58,3.86,146.0,3.29,208.0,2019-10-10 03:00:00,28.0199,121.905667
14.38,11.09,29.58,3.86,104.39999999999998,3.29,208.0,2019-10-10 03:01:00,28.01653300000001,121.9035
14.47,11.09,27.0,4.48,125.5,3.29,208.0,2019-10-10 03:02:00,28.01315,121.9015
14.52,11.09,32.25,4.06,118.5,3.29,207.0,2019-10-10 03:03:00,28.009816999999998,121.8995
14.52,11.09,32.25,3.65,130.10000000000002,3.29,206.0,2019-10-10 03:04:00,28.006333,121.8975
14.52,11.09,32.25,3.86,183.7,3.29,205.0,2019-10-10 03:05:00,28.002883,121.89566699999999
14.48,11.09,29.58,3.09,140.2,3.29,206.0,2019-10-10 03:06:00,27.999416999999998,121.893667
14.58,11.09,32.25,3.65,164.4,3.29,206.0,2019-10-10 03:07:00,27.995966999999997,121.891667
14.45,11.09,29.58,4.48,122.5,3.29,205.0,2019-10-10 03:08:00,27.992566999999998,121.88983300000001
14.45,11.09,29.58,3.19,136.5,3.29,206.0,2019-10-10 03:09:00,27.989116999999997,121.887833
14.44,11.09,29.58,3.86,120.7,3.29,206.0,2019-10-10 03:10:00,27.98565,121.88600000000001
14.41,11.09,29.58,4.06,125.10000000000002,3.29,206.0,2019-10-10 03:11:00,27.982233,121.884
14.47,11.09,29.58,4.27,140.8,3.29,205.0,2019-10-10 03:12:00,27.978783,121.882
14.43,11.09,29.58,3.19,116.39999999999998,3.29,206.0,2019-10-10 03:13:00,27.97533300000001,121.88016699999999
14.38,11.09,29.58,3.96,149.10000000000005,3.29,207.0,2019-10-10 03:14:00,27.971933,121.87816699999999
14.38,11.09,29.58,3.96,149.10000000000005,3.29,207.0,2019-10-10 03:14:37,27.971933,121.87816699999999
14.46,11.09,29.58,3.76,129.8,3.29,206.0,2019-10-10 03:15:00,27.9685,121.876333
14.31,11.09,29.58,3.29,151.10000000000005,3.29,206.0,2019-10-10 03:16:00,27.965066999999998,121.87433300000001
14.27,11.09,29.58,4.27,119.89999999999998,3.29,207.0,2019-10-10 03:17:00,27.96163300000001,121.87233300000001
14.25,11.09,26.0,4.48,133.0,3.29,207.0,2019-10-10 03:18:00,27.958216999999998,121.8705
14.3,11.09,29.58,4.89,119.3,3.29,207.0,2019-10-10 03:19:00,27.95485,121.8685
14.24,11.09,26.0,4.27,127.8,3.29,206.0,2019-10-10 03:20:00,27.951466999999997,121.8665
14.28,11.09,29.58,3.96,109.2,3.29,206.0,2019-10-10 03:21:00,27.94805,121.864667
14.3,11.09,29.58,4.17,117.2,3.29,206.0,2019-10-10 03:22:00,27.944616999999997,121.86266699999999
14.24,11.09,27.0,4.37,119.39999999999998,3.29,206.0,2019-10-10 03:23:00,27.9412,121.86066699999999
14.24,11.09,26.0,3.19,137.5,3.29,206.0,2019-10-10 03:24:00,27.937783000000003,121.858667
14.24,11.09,26.0,4.06,116.39999999999998,3.29,206.0,2019-10-10 03:25:00,27.93435,121.85683300000001
14.18,11.09,26.0,4.48,123.0,3.29,206.0,2019-10-10 03:26:00,27.930967,121.85483300000001
14.14,11.09,25.0,1.95,125.60000000000002,3.29,204.0,2019-10-10 03:27:00,27.927433,121.853
14.08,11.09,27.0,3.86,124.7,3.29,201.0,2019-10-10 03:28:00,27.923917,121.85133300000001
14.17,11.09,27.0,3.19,141.39999999999995,3.29,200.0,2019-10-10 03:29:00,27.920367,121.849833
13.98,11.09,26.0,4.37,121.10000000000002,3.29,201.0,2019-10-10 03:30:00,27.916833,121.84816699999999
13.97,11.09,27.0,5.3,125.8,3.29,202.0,2019-10-10 03:31:00,27.913333,121.8465
14.03,11.09,28.0,4.37,121.89999999999998,3.29,203.0,2019-10-10 03:32:00,27.90985,121.84483300000001
13.97,11.09,28.0,3.55,129.7,3.29,207.0,2019-10-10 03:33:00,27.906433000000003,121.84299999999999
13.95,11.09,27.0,4.37,159.3,3.29,208.0,2019-10-10 03:34:00,27.903083000000002,121.84100000000001
13.99,11.09,27.0,3.96,123.39999999999998,3.29,207.0,2019-10-10 03:35:00,27.899733,121.839
13.99,11.09,28.0,4.37,110.3,3.29,209.0,2019-10-10 03:36:00,27.8964,121.83683300000001
14.01,11.09,28.0,4.27,110.89999999999998,3.29,213.0,2019-10-10 03:37:00,27.893283,121.834667
13.95,11.09,27.0,4.68,106.5,3.29,217.0,2019-10-10 03:38:00,27.8903,121.83200000000001
14.03,11.09,27.0,3.5,105.8,3.29,218.0,2019-10-10 03:39:00,27.88735,121.829333
14.0,11.09,27.92,4.89,120.10000000000002,3.29,218.0,2019-10-10 03:40:00,27.884417,121.82683300000001
13.99,11.09,26.0,4.58,107.2,3.29,217.0,2019-10-10 03:41:00,27.88145,121.82416699999999
14.01,11.09,26.0,3.29,115.2,3.29,217.0,2019-10-10 03:42:00,27.8785,121.82166699999999
13.97,11.09,27.0,4.37,109.39999999999998,3.29,217.0,2019-10-10 03:43:00,27.875533,121.819
13.93,11.09,26.0,2.78,118.0,3.29,218.0,2019-10-10 03:44:00,27.872583000000002,121.8165
13.95,11.09,26.0,3.76,103.8,3.29,217.0,2019-10-10 03:45:00,27.8696,121.813833
14.08,11.09,27.0,3.76,113.60000000000002,3.29,218.0,2019-10-10 03:46:00,27.86665,121.811167
14.03,11.09,28.0,3.96,99.60000000000002,3.29,220.0,2019-10-10 03:47:00,27.863816999999997,121.8085
14.14,11.09,29.0,3.5,115.8,3.29,224.0,2019-10-10 03:48:00,27.8611,121.8055
14.07,11.09,28.0,4.06,106.2,3.29,228.0,2019-10-10 03:49:00,27.85858300000001,121.802333
14.11,11.09,28.0,3.65,77.5,3.29,233.0,2019-10-10 03:50:00,27.856283,121.799167
14.25,11.09,27.0,3.55,110.0,3.29,234.0,2019-10-10 03:51:00,27.85408300000001,121.795667
14.32,11.09,29.58,3.65,101.2,3.29,234.0,2019-10-10 03:52:00,27.851883,121.79233300000001
14.11,11.09,26.0,3.4,92.60000000000002,3.29,233.0,2019-10-10 03:53:00,27.84965,121.78883300000001
14.16,11.09,25.0,2.78,109.10000000000002,3.29,231.0,2019-10-10 03:54:00,27.8474,121.78566699999999
14.09,11.09,28.3,3.5,107.60000000000002,3.29,227.0,2019-10-10 03:55:00,27.845017,121.7825
13.98,11.09,26.0,3.55,118.5,3.29,221.0,2019-10-10 03:56:00,27.84235,121.77966699999999
14.03,11.09,27.0,4.27,98.89999999999998,3.29,219.0,2019-10-10 03:57:00,27.83953300000001,121.777
14.06,11.09,27.0,4.17,104.5,3.29,218.0,2019-10-10 03:58:00,27.83663300000001,121.77433300000001
13.95,11.09,27.0,3.86,114.2,3.29,219.0,2019-10-10 03:59:00,27.833783,121.771667
13.99,11.09,27.92,3.86,125.89999999999998,3.29,219.0,2019-10-10 04:00:00,27.83095,121.76899999999999
14.03,11.09,26.0,3.55,126.2,3.29,220.0,2019-10-10 04:01:00,27.8281,121.766167
13.92,11.09,27.92,3.19,117.5,3.29,217.0,2019-10-10 04:02:00,27.82515,121.7635
13.79,11.09,27.92,3.86,117.8,3.29,210.0,2019-10-10 04:03:00,27.822017,121.76116699999999
13.61,11.09,27.74,4.17,131.2,3.29,203.0,2019-10-10 04:04:00,27.8187,121.75933300000001
13.57,11.09,27.0,4.37,130.60000000000002,3.29,196.0,2019-10-10 04:05:00,27.815216999999997,121.758
13.49,11.09,28.0,3.19,132.0,3.29,196.0,2019-10-10 04:06:00,27.811716999999998,121.75683300000001
13.57,11.09,26.83,2.47,125.89999999999998,3.29,197.0,2019-10-10 04:07:00,27.80815,121.75566699999999
13.64,11.09,28.0,4.58,139.2,3.29,197.0,2019-10-10 04:08:00,27.80455,121.754333
13.64,11.09,28.0,4.58,139.2,3.29,197.0,2019-10-10 04:08:18,27.80455,121.754333
13.83,11.09,28.0,4.48,131.39999999999998,3.29,199.0,2019-10-10 04:09:00,27.80095,121.75283300000001
13.97,11.09,27.0,3.5,134.3,3.29,200.0,2019-10-10 04:10:00,27.797333000000002,121.7515
14.18,11.09,27.0,5.09,119.10000000000002,3.29,197.0,2019-10-10 04:11:00,27.793716999999997,121.75
14.18,11.09,26.0,4.06,132.60000000000002,3.29,198.0,2019-10-10 04:12:00,27.790133,121.748667
14.2,11.09,27.0,4.78,132.0,3.29,198.0,2019-10-10 04:13:00,27.786467,121.74733300000001
14.17,11.09,31.0,5.09,131.10000000000002,3.29,199.0,2019-10-10 04:14:00,27.782816999999998,121.74600000000001
14.27,11.09,32.0,3.5,130.3,3.29,199.0,2019-10-10 04:15:00,27.779166999999998,121.7445
14.31,11.09,27.0,1.85,116.10000000000002,3.29,198.0,2019-10-10 04:16:00,27.775516999999997,121.74316699999999
14.42,11.09,29.58,3.65,135.3,3.29,198.0,2019-10-10 04:17:00,27.771866999999997,121.74166699999999
14.37,11.09,26.0,2.98,143.10000000000005,3.29,198.0,2019-10-10 04:18:00,27.768266999999998,121.740333
14.37,11.09,29.58,3.5,133.8,3.29,198.0,2019-10-10 04:19:00,27.7646,121.73899999999999
14.53,11.09,32.25,4.37,137.39999999999998,3.29,199.0,2019-10-10 04:20:00,27.76095,121.7375
14.53,11.09,32.25,4.37,137.39999999999998,3.29,199.0,2019-10-10 04:20:30,27.76095,121.7375
14.54,11.09,26.0,2.47,149.60000000000005,3.29,198.0,2019-10-10 04:21:00,27.757267,121.736167
14.48,11.09,29.58,4.78,131.7,3.29,197.0,2019-10-10 04:22:00,27.7536,121.73483300000001
14.5,11.09,27.97,2.88,121.0,3.29,198.0,2019-10-10 04:23:00,27.749933000000002,121.733333
14.5,11.09,29.58,4.06,132.7,3.29,200.0,2019-10-10 04:24:00,27.746367,121.73200000000001
14.42,11.09,29.58,4.27,128.5,3.29,201.0,2019-10-10 04:25:00,27.742766999999997,121.7305
14.38,11.09,29.58,3.86,130.10000000000002,3.29,201.0,2019-10-10 04:26:00,27.739167,121.729
14.39,11.09,27.0,4.37,121.2,3.29,201.0,2019-10-10 04:27:00,27.735583000000002,121.727333
14.38,11.09,27.0,2.26,124.89999999999998,3.29,204.0,2019-10-10 04:28:00,27.73208300000001,121.72566699999999
14.42,11.09,29.58,3.4,128.5,3.29,206.0,2019-10-10 04:29:00,27.728666999999998,121.72383300000001
14.41,11.09,29.58,4.17,135.10000000000002,3.29,206.0,2019-10-10 04:30:00,27.725216999999997,121.721833
14.51,11.09,26.0,2.26,130.2,3.24,205.0,2019-10-10 04:31:00,27.721783000000002,121.72
14.41,11.09,29.58,3.86,136.10000000000002,3.24,204.0,2019-10-10 04:32:00,27.718333,121.718333
14.47,11.09,29.58,4.06,123.5,3.24,204.0,2019-10-10 04:33:00,27.714866999999998,121.716333
14.46,11.09,29.58,4.58,126.89999999999998,3.24,204.0,2019-10-10 04:34:00,27.711433000000003,121.7145
14.34,11.09,26.0,2.88,129.7,3.24,205.0,2019-10-10 04:35:00,27.708033,121.712833
14.45,11.09,29.58,3.76,127.5,3.24,204.0,2019-10-10 04:36:00,27.7046,121.711
14.32,11.09,29.58,4.37,123.0,3.24,205.0,2019-10-10 04:37:00,27.701166999999998,121.709167
14.29,11.09,27.0,4.68,137.10000000000002,3.24,205.0,2019-10-10 04:38:00,27.69775,121.7075
14.23,11.09,26.0,3.55,144.3,3.24,205.0,2019-10-10 04:39:00,27.694367,121.70566699999999
13.99,11.09,27.0,4.48,124.2,3.24,206.0,2019-10-10 04:40:00,27.69105,121.703833
13.99,11.09,26.0,4.06,153.2,3.24,206.0,2019-10-10 04:41:00,27.687666999999998,121.70200000000001
14.05,11.09,27.0,3.86,179.5,3.24,205.0,2019-10-10 04:42:00,27.684283,121.700167
13.96,11.09,26.0,4.37,99.7,3.24,205.0,2019-10-10 04:43:00,27.680916999999997,121.698333
13.84,11.09,27.0,3.65,130.60000000000002,3.24,205.0,2019-10-10 04:44:00,27.67755,121.6965
14.0,11.09,27.0,4.99,125.89999999999998,3.24,204.0,2019-10-10 04:45:00,27.674166999999997,121.694833
13.96,11.09,27.0,4.37,130.5,3.24,205.0,2019-10-10 04:46:00,27.670866999999998,121.693
13.92,11.09,26.0,4.06,130.0,3.24,205.0,2019-10-10 04:47:00,27.6675,121.691167
13.83,11.09,27.0,4.99,112.60000000000002,3.24,205.0,2019-10-10 04:48:00,27.664133000000003,121.689333
13.85,11.09,29.0,4.58,136.2,3.24,206.0,2019-10-10 04:49:00,27.660767,121.6875
13.89,11.09,28.0,3.19,122.2,3.24,210.0,2019-10-10 04:50:00,27.657533,121.68533300000001
13.97,11.09,27.0,3.19,100.10000000000002,3.24,212.0,2019-10-10 04:51:00,27.654317,121.683167
14.075,11.09,27.0,4.78,115.0,3.24,212.0,2019-10-10 04:52:00,27.6512,121.681
13.96,11.09,26.0,4.68,111.10000000000002,3.24,211.0,2019-10-10 04:53:00,27.648000000000003,121.67866699999999
14.02,11.09,27.0,3.09,119.3,3.24,211.0,2019-10-10 04:54:00,27.644833000000002,121.6765
14.0,11.09,26.0,3.4,123.0,3.24,211.0,2019-10-10 04:55:00,27.641633000000002,121.674333
13.98,11.09,27.0,2.98,127.39999999999998,3.24,211.0,2019-10-10 04:56:00,27.63843300000001,121.67200000000001
13.98,11.09,26.0,4.37,138.7,3.24,211.0,2019-10-10 04:57:00,27.635216999999997,121.66983300000001
13.98,11.09,27.0,3.96,146.60000000000005,3.24,212.0,2019-10-10 04:58:00,27.632083,121.667667
13.96,11.09,27.0,2.26,138.60000000000002,3.24,213.0,2019-10-10 04:59:00,27.628967,121.665333
14.03,11.09,26.68,2.88,119.5,3.24,214.0,2019-10-10 05:00:00,27.625867,121.66316699999999
14.03,11.09,27.0,5.09,123.5,3.24,214.0,2019-10-10 05:01:00,27.622767,121.66066699999999
14.08,11.09,26.0,3.5,123.0,3.24,215.0,2019-10-10 05:02:00,27.619667,121.65833300000001
14.05,11.09,26.0,2.98,133.10000000000002,3.24,214.0,2019-10-10 05:03:00,27.616583000000002,121.656
13.85,11.09,27.0,3.65,129.3,3.24,213.0,2019-10-10 05:04:00,27.613533,121.653667
13.85,11.09,26.0,3.76,132.3,3.24,213.0,2019-10-10 05:05:00,27.610416999999998,121.65133300000001
13.94,11.09,26.0,2.16,115.10000000000002,3.24,214.0,2019-10-10 05:06:00,27.607317,121.649
13.94,11.09,26.0,3.19,112.39999999999998,3.24,214.0,2019-10-10 05:07:00,27.6042,121.646667
13.8,11.09,27.92,3.29,117.89999999999998,3.24,212.0,2019-10-10 05:08:00,27.601117,121.644333
13.67,11.09,27.74,3.76,122.7,3.24,206.0,2019-10-10 05:09:00,27.597917,121.64233300000001
13.72,11.09,27.0,3.29,150.2,3.24,203.0,2019-10-10 05:10:00,27.594533000000002,121.640667
13.88,11.09,28.0,4.58,130.5,3.24,202.0,2019-10-10 05:11:00,27.5911,121.639
14.24,11.09,28.3,3.5,157.0,3.24,202.0,2019-10-10 05:12:00,27.58765,121.6375
14.66,11.09,29.1,2.47,129.89999999999998,3.24,204.0,2019-10-10 05:13:00,27.584166999999997,121.635667
15.15,11.09,35.15,2.57,152.60000000000005,3.24,205.0,2019-10-10 05:14:00,27.58053300000001,121.63383300000001
15.63,11.09,36.02,4.37,139.0,3.24,202.0,2019-10-10 05:15:00,27.576867,121.632
16.44,11.09,42.76,5.3,133.39999999999998,3.24,204.0,2019-10-10 05:16:00,27.573,121.63016699999999
17.33,11.09,55.68,5.09,197.9,3.24,212.0,2019-10-10 05:17:00,27.5691,121.62766699999999
18.29,11.09,89.0,5.66,125.3,3.24,214.0,2019-10-10 05:18:00,27.565167,121.62483300000001
18.93,11.09,84.0,5.45,118.2,3.24,215.0,2019-10-10 05:19:00,27.561117,121.62166699999999
19.35,11.09,75.44,4.89,123.60000000000002,3.24,214.0,2019-10-10 05:20:00,27.556933,121.618333
19.7,11.09,86.0,5.09,122.89999999999998,3.24,214.0,2019-10-10 05:21:00,27.552733,121.615
20.01,11.09,89.0,5.45,111.3,3.24,215.0,2019-10-10 05:22:00,27.548383,121.611667
20.24,11.09,97.0,4.89,115.7,3.24,218.0,2019-10-10 05:23:00,27.544033000000002,121.608167
20.29,11.09,89.0,5.66,122.2,3.24,224.0,2019-10-10 05:24:00,27.540066999999997,121.60383300000001
20.42,11.09,85.0,5.66,113.7,3.24,225.0,2019-10-10 05:25:00,27.536216999999997,121.5995
20.08,11.09,80.0,6.58,126.8,3.24,225.0,2019-10-10 05:26:00,27.532283000000003,121.59516699999999
19.76,11.09,76.0,6.48,119.0,3.24,214.0,2019-10-10 05:27:00,27.528167,121.591167
19.91,11.09,89.0,6.69,128.10000000000002,3.24,205.0,2019-10-10 05:28:00,27.523433,121.5885
20.05,11.09,89.0,6.48,132.8,3.24,204.0,2019-10-10 05:29:00,27.5185,121.586
20.27,11.09,92.0,4.06,123.60000000000002,3.24,207.0,2019-10-10 05:30:00,27.513567,121.58333300000001
20.47,11.09,94.0,6.48,122.39999999999998,3.24,211.0,2019-10-10 05:31:00,27.50875,121.58033300000001
20.15,11.09,96.0,5.66,114.89999999999998,3.24,218.0,2019-10-10 05:32:00,27.5043,121.57683300000001
20.38,11.09,91.0,5.56,111.0,3.24,229.0,2019-10-10 05:33:00,27.50055,121.572333
20.38,11.09,91.0,5.56,111.0,3.24,229.0,2019-10-10 05:33:13,27.50055,121.572333
20.47,11.09,86.0,5.45,109.8,3.4,234.0,2019-10-10 05:34:00,27.4973,121.567333
20.5,11.09,84.0,5.66,123.3,3.4,234.0,2019-10-10 05:35:00,27.494083000000003,121.56216699999999
20.35,11.09,85.0,5.97,90.5,3.4,236.0,2019-10-10 05:36:00,27.490917,121.55716699999999
20.04,11.09,57.0,4.27,112.0,3.4,241.0,2019-10-10 05:37:00,27.4881,121.551833
20.04,11.09,57.0,4.27,112.0,3.4,241.0,2019-10-10 05:37:27,27.4881,121.551833
19.46,11.09,75.44,5.56,77.69999999999997,3.4,243.0,2019-10-10 05:38:00,27.485683,121.5465
18.92,11.09,45.0,5.3,95.3,3.4,242.0,2019-10-10 05:39:00,27.483233000000002,121.54133300000001
17.89,11.09,24.0,2.98,105.0,3.4,242.0,2019-10-10 05:40:00,27.480867,121.53633300000001
16.9,11.09,48.35,4.78,111.0,3.4,232.0,2019-10-10 05:41:00,27.478233000000003,121.531833
16.36,11.09,42.76,4.37,116.5,3.4,224.0,2019-10-10 05:42:00,27.47515,121.528167
15.69,11.09,36.02,4.37,127.10000000000002,3.4,220.0,2019-10-10 05:43:00,27.4719,121.525
14.97,11.09,33.81,4.68,118.39999999999998,3.4,220.0,2019-10-10 05:44:00,27.468767,121.522167
14.97,11.09,33.81,4.68,118.39999999999998,3.4,220.0,2019-10-10 05:44:27,27.468767,121.522167
14.71,11.09,32.25,4.89,116.0,3.4,218.0,2019-10-10 05:45:00,27.465683000000002,121.519167
14.53,11.09,32.25,4.06,106.39999999999998,3.4,220.0,2019-10-10 05:46:00,27.462667,121.5165
14.26,11.09,26.0,2.78,124.5,3.4,220.0,2019-10-10 05:47:00,27.45975,121.513667
14.18,11.09,27.0,4.48,114.5,3.4,219.0,2019-10-10 05:48:00,27.456883,121.510833
14.02,11.09,29.0,4.06,101.7,3.4,223.0,2019-10-10 05:49:00,27.45405,121.50816699999999
13.86,11.09,30.0,3.5,86.0,3.4,232.0,2019-10-10 05:50:00,27.451633,121.505
13.68,11.09,28.0,2.68,104.39999999999998,3.4,240.0,2019-10-10 05:51:00,27.449717,121.5015
13.59,11.09,27.0,3.86,98.39999999999998,3.16,242.0,2019-10-10 05:52:00,27.447983,121.49783300000001
13.6,11.09,27.0,2.88,93.39999999999998,3.16,242.0,2019-10-10 05:53:00,27.446283,121.49416699999999
13.56,11.09,27.74,4.17,124.3,3.16,240.0,2019-10-10 05:54:00,27.444567,121.4905
13.57,11.09,26.0,3.19,120.60000000000002,3.16,231.0,2019-10-10 05:55:00,27.442466999999997,121.487167
13.62,11.09,29.0,3.86,108.60000000000002,3.16,225.0,2019-10-10 05:56:00,27.440016999999997,121.484333
13.67,11.09,26.0,4.68,110.8,3.16,223.0,2019-10-10 05:57:00,27.437417,121.481333
13.63,11.09,26.83,2.26,114.7,3.16,218.0,2019-10-10 05:58:00,27.434666999999997,121.47866699999999
13.63,11.09,26.83,2.26,119.0,3.16,211.0,2019-10-10 05:59:00,27.431683000000003,121.47633300000001
13.53,11.09,27.74,3.4,78.22000000000007,2.98,204.6,2019-10-10 23:59:00,26.795963399999994,120.98393300000001
14.04,10.99,26.68,0.26,259.6,0.77,223.0,2019-10-11 00:00:00,24.2906,119.02733300000001
14.17,10.99,26.0,1.18,259.2,0.77,223.0,2019-10-11 00:01:00,24.287967000000002,119.0245
14.17,10.99,26.0,1.18,236.3,0.77,223.0,2019-10-11 00:02:00,24.2853,119.021667
14.17,10.99,26.0,1.18,236.3,0.77,223.0,2019-10-11 00:03:00,24.282617000000002,119.01899999999999
14.13,10.99,26.0,1.49,244.0,0.77,223.0,2019-10-11 00:04:00,24.27995,119.016
14.12,10.99,26.0,0.87,244.0,0.77,223.0,2019-10-11 00:05:00,24.277267000000002,119.013167
14.06,10.99,25.0,1.39,244.3,0.77,223.0,2019-10-11 00:06:00,24.2746,119.010333
14.09,10.99,26.0,0.98,244.5,0.77,223.0,2019-10-11 00:07:00,24.27195,119.007667
14.12,10.99,26.0,0.87,244.8,0.77,223.0,2019-10-11 00:08:00,24.26926700000001,119.004833
14.11,10.99,26.0,0.67,244.7,0.77,223.0,2019-10-11 00:09:00,24.266567000000002,119.00200000000001
14.05,10.99,26.0,0.26,243.6,0.77,224.0,2019-10-11 00:10:00,24.2639,118.99916699999999
14.15,10.99,27.0,0.87,246.2,0.77,225.0,2019-10-11 00:11:00,24.261267,118.99616699999999
14.27,10.99,26.0,0.26,246.3,0.77,225.0,2019-10-11 00:12:00,24.25865,118.993333
14.24,10.99,26.0,0.46,245.1,0.77,226.0,2019-10-11 00:13:00,24.2561,118.990333
14.28,10.99,26.0,1.7,246.4,0.77,226.0,2019-10-11 00:14:00,24.253517000000002,118.987333
14.26,10.99,26.0,0.98,243.5,0.77,226.0,2019-10-11 00:15:00,24.250933,118.984333
14.2,10.99,26.0,1.7,251.3,0.77,226.0,2019-10-11 00:16:00,24.24835,118.9815
14.29,10.99,26.0,1.29,249.9,0.77,226.0,2019-10-11 00:17:00,24.245767,118.9785
14.31,10.99,26.0,1.49,263.4,0.77,226.0,2019-10-11 00:18:00,24.24315,118.9755
14.29,10.99,26.0,0.57,259.6,0.77,226.0,2019-10-11 00:19:00,24.240617,118.97266699999999
14.26,10.99,26.0,0.87,247.0,0.77,227.0,2019-10-11 00:20:00,24.238067,118.96966699999999
14.26,10.99,26.0,1.29,251.8,0.77,227.0,2019-10-11 00:21:00,24.23555,118.96666699999999
14.23,10.99,26.0,0.77,219.8,0.77,227.0,2019-10-11 00:22:00,24.233017,118.9635
14.18,10.99,26.0,1.7,207.4,0.77,227.0,2019-10-11 00:23:00,24.2305,118.9605
14.25,10.99,26.0,1.95,212.8,0.77,227.0,2019-10-11 00:24:00,24.228,118.9575
14.18,10.99,25.0,1.85,218.9,0.77,227.0,2019-10-11 00:25:00,24.225082999999998,118.954167
14.22,10.99,26.0,1.49,219.5,0.77,227.0,2019-10-11 00:26:00,24.222583,118.951333
14.3,10.99,27.97,1.08,221.1,0.77,226.0,2019-10-11 00:27:00,24.220267,118.9485
14.28,10.99,26.0,0.46,228.3,0.77,226.0,2019-10-11 00:28:00,24.217733,118.9455
14.22,10.99,25.0,1.29,229.5,0.77,227.0,2019-10-11 00:29:00,24.2152,118.9425
14.19,10.99,26.0,1.08,230.1,0.77,227.0,2019-10-11 00:30:00,24.212733,118.9395
14.18,10.99,26.0,1.49,216.4,0.77,227.0,2019-10-11 00:31:00,24.21025,118.9365
14.21,10.99,25.0,1.08,212.8,0.77,227.0,2019-10-11 00:32:00,24.207717000000002,118.9335
14.21,10.99,26.0,1.29,215.5,0.77,227.0,2019-10-11 00:33:00,24.205217,118.9305
14.17,10.99,26.0,1.59,215.8,0.77,227.0,2019-10-11 00:34:00,24.2027,118.9275
14.07,10.99,25.0,1.18,215.4,0.77,227.0,2019-10-11 00:35:00,24.200117000000002,118.9245
14.04,10.99,26.0,0.87,214.5,0.77,228.0,2019-10-11 00:36:00,24.19765,118.9215
13.94,10.99,26.0,0.87,217.5,0.77,225.0,2019-10-11 00:37:00,24.1951,118.918667
14.04,10.99,25.0,1.08,218.3,0.77,224.0,2019-10-11 00:38:00,24.19245,118.915833
13.95,10.99,25.0,0.57,221.2,0.77,221.0,2019-10-11 00:39:00,24.18975,118.913
13.99,10.99,26.0,0.05,222.3,0.77,220.0,2019-10-11 00:40:00,24.186999999999998,118.91033300000001
14.02,10.99,27.0,0.67,222.3,0.77,220.0,2019-10-11 00:41:00,24.184182999999997,118.90766699999999
14.12,10.99,26.0,0.77,222.5,0.77,220.0,2019-10-11 00:42:00,24.181417,118.905
14.17,10.99,26.0,0.67,221.3,0.77,221.0,2019-10-11 00:43:00,24.1786,118.90233300000001
14.19,10.99,26.0,0.26,222.4,0.77,220.0,2019-10-11 00:44:00,24.175817000000002,118.899667
14.13,10.99,26.0,0.26,222.4,0.77,220.0,2019-10-11 00:45:00,24.173000000000002,118.897
14.14,10.99,27.0,0.87,219.3,0.77,223.0,2019-10-11 00:46:00,24.17025,118.894333
14.26,10.99,28.0,1.7,235.0,0.77,226.0,2019-10-11 00:47:00,24.167633,118.891333
14.31,10.99,27.0,2.26,218.3,0.77,228.0,2019-10-11 00:48:00,24.1652,118.888333
14.27,10.99,26.0,1.39,196.0,0.77,228.0,2019-10-11 00:49:00,24.162767000000002,118.885167
14.27,10.99,26.0,1.59,200.5,0.77,229.0,2019-10-11 00:50:00,24.16035,118.882
14.18,10.99,26.0,1.59,199.1,0.77,230.0,2019-10-11 00:51:00,24.158,118.87899999999999
14.22,10.99,25.0,1.29,211.0,0.77,230.0,2019-10-11 00:52:00,24.155617000000003,118.87583300000001
14.19,10.99,26.0,1.18,212.1,0.77,229.0,2019-10-11 00:53:00,24.15325,118.87266699999999
14.23,10.99,25.0,0.98,212.1,0.77,229.0,2019-10-11 00:54:00,24.150867,118.86966699999999
14.16,10.99,26.0,1.85,214.5,0.77,229.0,2019-10-11 00:55:00,24.148483,118.8665
14.14,10.99,26.0,1.7,216.8,0.77,229.0,2019-10-11 00:56:00,24.1461,118.86333300000001
14.11,10.99,26.0,1.29,216.1,0.77,230.0,2019-10-11 00:57:00,24.1437,118.86033300000001
14.03,10.99,27.0,0.67,217.3,0.77,229.0,2019-10-11 00:58:00,24.1413,118.85716699999999
14.13,10.99,27.0,1.08,223.1,0.77,229.0,2019-10-11 00:59:00,24.13895,118.85416699999999
14.12,10.99,26.68,0.67,223.9,0.77,229.0,2019-10-11 01:00:00,24.13655,118.851
14.15,10.99,26.0,1.29,227.9,0.77,229.0,2019-10-11 01:01:00,24.134167,118.84783300000001
14.12,10.99,26.0,1.85,228.2,0.77,229.0,2019-10-11 01:02:00,24.13175,118.84483300000001
14.11,10.99,26.0,0.87,198.9,0.77,229.0,2019-10-11 01:03:00,24.1294,118.84166699999999
14.11,10.99,26.0,2.26,223.5,0.77,229.0,2019-10-11 01:04:00,24.127017000000002,118.8385
14.04,10.99,26.0,2.16,202.7,0.77,230.0,2019-10-11 01:05:00,24.124667000000002,118.8355
14.01,10.99,26.0,1.95,208.8,0.77,229.0,2019-10-11 01:06:00,24.122267,118.832333
14.14,10.99,26.0,1.95,205.1,0.77,229.0,2019-10-11 01:07:00,24.119882999999998,118.829333
14.05,10.99,26.0,1.39,208.9,0.77,229.0,2019-10-11 01:08:00,24.1175,118.826167
14.11,10.99,25.0,1.49,209.3,0.77,229.0,2019-10-11 01:09:00,24.1151,118.823
14.06,10.99,26.0,1.85,217.9,0.77,229.0,2019-10-11 01:10:00,24.1127,118.82
14.05,10.99,26.0,1.85,192.9,0.77,229.0,2019-10-11 01:11:00,24.11035,118.816833
14.12,10.99,25.0,1.59,215.7,0.77,228.0,2019-10-11 01:12:00,24.107933,118.813833
14.08,10.99,26.0,2.47,201.7,0.77,229.0,2019-10-11 01:13:00,24.1055,118.810667
14.12,10.99,25.0,2.26,198.6,0.77,229.0,2019-10-11 01:14:00,24.1031,118.807667
14.03,10.99,26.0,2.16,216.2,0.77,229.0,2019-10-11 01:15:00,24.1007,118.8045
14.04,10.99,26.0,1.85,206.6,0.77,230.0,2019-10-11 01:16:00,24.09835,118.80133300000001
14.01,10.99,26.0,2.37,210.9,0.77,229.0,2019-10-11 01:17:00,24.09595,118.79816699999999
14.12,10.99,26.0,2.98,214.2,0.77,229.0,2019-10-11 01:18:00,24.093532999999997,118.795
14.03,10.99,26.0,2.26,211.5,0.77,229.0,2019-10-11 01:19:00,24.0911,118.792
14.09,10.99,26.0,1.75,211.6,0.77,229.0,2019-10-11 01:20:00,24.08865,118.78883300000001
13.99,10.99,26.0,1.95,218.0,0.77,229.0,2019-10-11 01:21:00,24.0862,118.78566699999999
14.02,10.99,26.0,1.29,218.2,0.77,229.0,2019-10-11 01:22:00,24.0838,118.78266699999999
13.94,10.99,27.0,2.26,213.5,0.77,229.0,2019-10-11 01:23:00,24.08135,118.7795
14.1,10.99,26.0,2.78,222.1,0.77,229.0,2019-10-11 01:24:00,24.0789,118.7765
14.03,10.99,26.0,2.06,209.2,0.77,229.0,2019-10-11 01:25:00,24.076432999999998,118.77333300000001
14.06,10.99,26.0,1.59,205.7,0.77,229.0,2019-10-11 01:26:00,24.073983,118.77016699999999
14.15,10.99,26.0,2.06,208.4,0.77,229.0,2019-10-11 01:27:00,24.071533,118.76700000000001
14.17,10.99,26.0,1.39,218.2,0.77,229.0,2019-10-11 01:28:00,24.069117000000002,118.764
14.21,10.99,26.0,2.68,207.5,0.77,229.0,2019-10-11 01:29:00,24.066667000000002,118.760833
14.18,10.99,28.3,3.76,199.2,0.77,229.0,2019-10-11 01:30:00,24.06421700000001,118.757667
14.18,10.99,26.0,2.57,203.8,0.63,229.0,2019-10-11 01:31:00,24.061767,118.754667
14.19,10.99,26.0,2.68,205.0,0.63,229.0,2019-10-11 01:32:00,24.059317,118.7515
14.17,10.99,26.0,2.26,198.7,0.63,228.0,2019-10-11 01:33:00,24.056867,118.748333
14.1,10.99,26.0,3.09,204.9,0.63,228.0,2019-10-11 01:34:00,24.054433,118.745333
14.03,10.99,26.0,1.95,212.2,0.63,228.0,2019-10-11 01:35:00,24.051967,118.742167
14.1,10.99,26.0,1.39,200.0,0.63,228.0,2019-10-11 01:36:00,24.0495,118.739167
14.04,10.99,27.0,2.47,206.0,0.63,230.0,2019-10-11 01:37:00,24.047082999999997,118.736
14.17,10.99,26.0,2.47,189.3,0.63,231.0,2019-10-11 01:38:00,24.044717000000002,118.73266699999999
14.16,10.99,28.0,2.78,208.4,0.63,233.0,2019-10-11 01:39:00,24.042482999999997,118.7295
14.12,10.99,26.0,2.57,211.3,0.63,234.0,2019-10-11 01:40:00,24.040283,118.72616699999999
14.04,10.99,26.0,2.98,207.9,0.63,234.0,2019-10-11 01:41:00,24.0381,118.72283300000001
14.08,10.99,26.0,2.47,183.4,0.63,234.0,2019-10-11 01:42:00,24.035917,118.719333
14.14,10.99,26.0,2.57,194.8,0.63,234.0,2019-10-11 01:43:00,24.0337,118.71600000000001
14.03,10.99,26.0,3.76,200.3,0.63,234.0,2019-10-11 01:44:00,24.031517,118.712667
14.09,10.99,27.0,3.76,193.4,0.63,234.0,2019-10-11 01:45:00,24.029317000000002,118.709333
14.04,10.99,26.0,2.98,195.8,0.63,234.0,2019-10-11 01:46:00,24.0271,118.706
14.07,10.99,26.0,2.26,190.0,0.63,234.0,2019-10-11 01:47:00,24.0249,118.70266699999999
14.09,10.99,27.0,2.47,190.9,0.63,234.0,2019-10-11 01:48:00,24.022682999999997,118.69916699999999
14.15,10.99,26.0,2.88,193.2,0.63,234.0,2019-10-11 01:49:00,24.020467,118.69583300000001
14.28,10.99,26.0,2.37,191.9,0.63,233.0,2019-10-11 01:50:00,24.018233,118.6925
14.11,10.99,26.0,2.47,211.1,0.63,233.0,2019-10-11 01:51:00,24.016033,118.689167
14.04,10.99,26.0,2.78,189.8,0.63,233.0,2019-10-11 01:52:00,24.0138,118.685833
13.99,10.99,26.0,2.78,190.2,0.63,233.0,2019-10-11 01:53:00,24.0116,118.6825
13.97,10.99,27.19,1.95,195.6,0.63,229.0,2019-10-11 01:54:00,24.0092,118.67933300000001
13.9,10.99,25.0,1.39,197.5,0.63,225.0,2019-10-11 01:55:00,24.006632999999997,118.67633300000001
13.95,10.99,27.0,1.08,214.4,0.63,224.0,2019-10-11 01:56:00,24.003982999999998,118.6735
13.96,10.99,26.0,0.87,215.3,0.63,223.0,2019-10-11 01:57:00,24.001333,118.670667
13.97,10.99,27.0,1.49,210.1,0.63,224.0,2019-10-11 01:58:00,23.998632999999998,118.667833
14.07,10.99,27.0,1.59,210.0,0.63,224.0,2019-10-11 01:59:00,23.99595,118.664833
14.17,10.99,26.68,1.7,208.6,0.63,224.0,2019-10-11 02:00:00,23.993267000000003,118.662
14.04,10.99,26.68,0.98,208.6,0.63,224.0,2019-10-11 02:01:00,23.990567000000002,118.65899999999999
14.03,10.99,26.0,1.49,207.2,0.63,224.0,2019-10-11 02:02:00,23.987883,118.656167
13.97,10.99,26.0,0.87,207.2,0.63,224.0,2019-10-11 02:03:00,23.985217000000002,118.653333
13.98,10.99,26.0,1.39,207.1,0.63,224.0,2019-10-11 02:04:00,23.982517,118.650333
14.07,10.99,26.0,1.59,209.5,0.63,224.0,2019-10-11 02:05:00,23.979782999999998,118.647333
14.15,10.99,25.0,0.67,209.8,0.63,224.0,2019-10-11 02:06:00,23.977067,118.6445
14.08,10.99,26.0,1.7,199.7,0.63,224.0,2019-10-11 02:07:00,23.97435,118.6415
14.1,10.99,26.0,2.47,200.4,0.63,224.0,2019-10-11 02:08:00,23.971683,118.638667
14.11,10.99,26.0,1.39,202.5,0.63,224.0,2019-10-11 02:09:00,23.96896700000001,118.635667
14.16,10.99,26.0,1.29,202.4,0.63,224.0,2019-10-11 02:10:00,23.96625,118.632833
14.14,10.99,25.0,1.29,202.1,0.63,224.0,2019-10-11 02:11:00,23.96355,118.629833
14.13,10.99,26.0,1.59,192.4,0.63,224.0,2019-10-11 02:12:00,23.960832999999997,118.62700000000001
14.06,10.99,26.0,2.06,196.4,0.63,224.0,2019-10-11 02:13:00,23.958117,118.62416699999999
14.06,10.99,26.0,1.7,196.6,0.63,224.0,2019-10-11 02:14:00,23.955433,118.62116699999999
14.02,10.99,27.0,1.49,197.0,0.63,224.0,2019-10-11 02:15:00,23.952717,118.618333
13.95,10.99,26.0,1.39,197.1,0.63,224.0,2019-10-11 02:16:00,23.95001700000001,118.615333
14.07,10.99,26.0,1.18,197.1,0.63,224.0,2019-10-11 02:17:00,23.9473,118.6125
13.97,10.99,26.0,1.95,197.2,0.63,224.0,2019-10-11 02:18:00,23.944582999999998,118.6095
14.03,10.99,26.0,2.37,198.1,0.63,224.0,2019-10-11 02:19:00,23.94185,118.60666699999999
14.01,10.99,26.0,1.59,199.5,0.63,224.0,2019-10-11 02:20:00,23.939167,118.60366699999999
14.01,10.99,26.0,1.59,199.5,0.63,224.0,2019-10-11 02:21:00,23.93645,118.60083300000001
14.02,10.99,26.0,0.87,199.4,0.63,224.0,2019-10-11 02:22:00,23.9337,118.59783300000001
14.08,10.99,27.0,0.77,197.4,0.63,226.0,2019-10-11 02:23:00,23.931017,118.59483300000001
14.01,10.99,28.0,2.26,212.2,0.63,227.0,2019-10-11 02:24:00,23.928417,118.59166699999999
14.09,10.99,27.0,1.59,188.2,0.63,230.0,2019-10-11 02:25:00,23.925883,118.5885
14.21,10.99,27.0,1.75,188.6,0.63,231.0,2019-10-11 02:26:00,23.923517,118.585333
14.13,10.99,27.0,1.85,191.0,0.63,231.0,2019-10-11 02:27:00,23.921117000000002,118.58200000000001
14.13,10.99,25.0,2.16,192.1,0.63,230.0,2019-10-11 02:28:00,23.918717,118.578667
14.07,10.99,26.0,2.47,199.7,0.63,229.0,2019-10-11 02:29:00,23.916217,118.5755
14.03,10.99,25.0,1.7,200.6,0.63,228.0,2019-10-11 02:30:00,23.913683,118.572333
14.03,10.99,26.0,1.85,201.6,0.63,227.0,2019-10-11 02:31:00,23.91115,118.56933300000001
14.08,10.99,27.0,1.39,200.5,0.63,228.0,2019-10-11 02:32:00,23.9086,118.566167
13.98,10.99,28.0,1.49,197.4,0.63,231.0,2019-10-11 02:33:00,23.906132999999997,118.56299999999999
14.14,10.99,28.0,1.59,192.8,0.63,235.0,2019-10-11 02:34:00,23.903833,118.5595
14.14,10.99,28.0,2.78,168.9,0.63,237.0,2019-10-11 02:35:00,23.90175,118.556
14.12,10.99,27.0,2.47,181.6,0.63,239.0,2019-10-11 02:36:00,23.8997,118.552333
14.15,10.99,27.0,2.06,172.6,0.63,240.0,2019-10-11 02:37:00,23.89775,118.548833
14.13,10.99,27.0,2.88,177.1,0.63,241.0,2019-10-11 02:38:00,23.89586700000001,118.54516699999999
14.15,10.99,26.0,2.06,176.4,0.63,241.0,2019-10-11 02:39:00,23.894000000000002,118.54133300000001
14.14,10.99,26.0,2.37,177.0,0.63,240.0,2019-10-11 02:40:00,23.892132999999998,118.537667
14.06,10.99,26.0,3.22,184.2,0.63,240.0,2019-10-11 02:41:00,23.89025,118.53399999999999
14.06,10.99,24.0,1.95,187.2,0.63,239.0,2019-10-11 02:42:00,23.8883,118.53033300000001
13.91,10.99,27.19,1.49,189.5,0.63,234.0,2019-10-11 02:43:00,23.8862,118.527
13.71,10.99,26.83,0.87,195.2,0.63,227.0,2019-10-11 02:44:00,23.883733,118.52383300000001
13.53,10.99,25.0,0.67,201.8,0.63,220.0,2019-10-11 02:45:00,23.88095,118.521
13.62,10.99,27.0,0.67,203.8,0.63,217.0,2019-10-11 02:46:00,23.878017,118.5185
13.65,10.99,27.0,1.18,205.6,0.63,215.0,2019-10-11 02:47:00,23.874933,118.516
13.77,10.99,27.0,0.15,204.7,0.63,215.0,2019-10-11 02:48:00,23.871883,118.513667
13.88,10.99,27.0,0.15,204.0,0.63,215.0,2019-10-11 02:49:00,23.86875,118.51116699999999
13.83,10.99,26.0,1.29,114.60000000000002,0.63,216.0,2019-10-11 02:50:00,23.865682999999997,118.50883300000001
13.94,10.99,26.0,1.49,115.5,0.63,217.0,2019-10-11 02:51:00,23.862567000000002,118.50633300000001
14.01,10.99,26.0,0.67,109.2,0.63,216.0,2019-10-11 02:52:00,23.85945,118.503667
14.0,10.99,26.0,1.39,196.2,0.63,216.0,2019-10-11 02:53:00,23.856317,118.501167
14.08,10.99,26.0,0.87,187.9,0.52,216.0,2019-10-11 02:54:00,23.8532,118.498667
14.13,10.99,26.0,0.77,188.9,0.52,215.0,2019-10-11 02:55:00,23.850133,118.496333
14.03,10.99,26.0,1.29,172.3,0.52,215.0,2019-10-11 02:56:00,23.84696700000001,118.49383300000001
14.1,10.99,27.0,1.08,193.5,0.52,215.0,2019-10-11 02:57:00,23.843817,118.49116699999999
14.06,10.99,28.0,1.75,190.9,0.52,218.0,2019-10-11 02:58:00,23.840767,118.48866699999999
14.09,10.99,28.0,1.85,183.4,0.52,224.0,2019-10-11 02:59:00,23.837882999999998,118.48583300000001
14.03,10.99,26.68,2.47,180.5,0.52,227.0,2019-10-11 03:00:00,23.83525,118.48283300000001
14.08,10.99,27.0,2.16,180.4,0.52,228.0,2019-10-11 03:01:00,23.83265,118.47966699999999
14.2,10.99,25.0,1.7,181.8,0.52,227.0,2019-10-11 03:02:00,23.830017,118.4765
14.2,10.99,26.68,1.29,181.9,0.52,227.0,2019-10-11 03:03:00,23.827367000000002,118.47333300000001
14.23,10.99,29.0,2.16,182.9,0.52,226.0,2019-10-11 03:04:00,23.8247,118.47016699999999
14.1,10.99,26.0,1.95,192.9,0.52,226.0,2019-10-11 03:05:00,23.822,118.46716699999999
14.08,10.99,26.0,1.29,177.7,0.52,226.0,2019-10-11 03:06:00,23.819367,118.46416699999999
14.08,10.99,26.0,1.75,177.5,0.52,227.0,2019-10-11 03:07:00,23.8167,118.461
14.11,10.99,26.0,1.95,178.7,0.52,226.0,2019-10-11 03:08:00,23.813682999999997,118.457333
14.13,10.99,26.0,2.57,180.2,0.52,226.0,2019-10-11 03:09:00,23.811267,118.4545
14.17,10.99,25.0,2.78,184.2,0.52,226.0,2019-10-11 03:10:00,23.808667,118.4515
14.09,10.99,26.0,2.26,190.0,0.52,225.0,2019-10-11 03:11:00,23.80595,118.4485
14.05,10.99,26.0,1.75,182.6,0.52,226.0,2019-10-11 03:12:00,23.803333,118.4455
14.1,10.99,27.0,2.37,176.1,0.52,226.0,2019-10-11 03:13:00,23.800632999999998,118.442333
14.11,10.99,26.0,1.95,169.5,0.52,226.0,2019-10-11 03:14:00,23.797967,118.439333
14.07,10.99,26.0,1.49,177.8,0.52,226.0,2019-10-11 03:15:00,23.79526700000001,118.436167
14.08,10.99,26.0,1.08,177.0,0.52,226.0,2019-10-11 03:16:00,23.792567000000002,118.43299999999999
14.08,10.99,26.0,1.95,174.0,0.52,226.0,2019-10-11 03:17:00,23.78991700000001,118.43
13.99,10.99,28.0,2.78,175.1,0.52,226.0,2019-10-11 03:18:00,23.7872,118.427
14.06,10.99,26.0,2.47,170.2,0.52,228.0,2019-10-11 03:19:00,23.78456700000001,118.423833
14.06,10.99,27.0,2.16,169.3,0.52,228.0,2019-10-11 03:20:00,23.78195,118.4205
14.2,10.99,26.0,1.49,171.5,0.52,228.0,2019-10-11 03:21:00,23.77935,118.41733300000001
14.18,10.99,26.0,1.7,171.7,0.52,228.0,2019-10-11 03:22:00,23.776767,118.41416699999999
14.08,10.99,26.0,1.29,178.9,0.52,228.0,2019-10-11 03:23:00,23.774133,118.411
14.11,10.99,26.0,1.18,172.0,0.52,228.0,2019-10-11 03:24:00,23.77151700000001,118.40766699999999
14.11,10.99,26.0,2.16,177.2,0.52,228.0,2019-10-11 03:25:00,23.768883,118.4045
13.99,10.99,26.0,2.78,177.7,0.52,227.0,2019-10-11 03:26:00,23.76626700000001,118.40133300000001
14.06,10.99,27.0,2.16,164.8,0.52,228.0,2019-10-11 03:27:00,23.763617,118.39816699999999
14.09,10.99,26.0,2.16,165.8,0.52,229.0,2019-10-11 03:28:00,23.761083,118.394833
14.13,10.99,26.0,1.59,166.1,0.52,230.0,2019-10-11 03:29:00,23.758617,118.391667
14.07,10.99,26.0,1.85,165.6,0.52,230.0,2019-10-11 03:30:00,23.7561,118.388167
14.12,10.99,25.0,2.37,167.6,0.52,230.0,2019-10-11 03:31:00,23.753617000000002,118.385
14.1,10.99,26.0,2.68,168.9,0.52,230.0,2019-10-11 03:32:00,23.7511,118.381667
14.1,10.99,26.0,2.06,168.9,0.52,229.0,2019-10-11 03:33:00,23.748533,118.37833300000001
14.15,10.99,27.0,2.37,164.0,0.52,231.0,2019-10-11 03:34:00,23.7461,118.375
14.12,10.99,26.0,2.37,165.2,0.52,232.0,2019-10-11 03:35:00,23.743682999999997,118.37166699999999
14.19,10.99,27.0,1.7,160.2,0.52,232.0,2019-10-11 03:36:00,23.74125,118.368333
14.14,10.99,29.0,2.98,156.8,0.52,236.0,2019-10-11 03:37:00,23.73895,118.364833
14.18,10.99,29.0,3.5,161.6,0.52,241.0,2019-10-11 03:38:00,23.737,118.361167
14.08,10.99,29.0,3.65,164.9,0.52,248.0,2019-10-11 03:39:00,23.735383,118.35716699999999
14.05,10.99,27.0,4.27,158.1,0.52,251.0,2019-10-11 03:40:00,23.73405,118.353333
14.14,10.99,27.0,3.65,166.5,0.52,250.0,2019-10-11 03:41:00,23.7328,118.349333
14.1,10.99,27.0,3.76,160.1,0.52,251.0,2019-10-11 03:42:00,23.731582999999997,118.34533300000001
14.18,10.99,27.0,3.55,160.7,0.52,252.0,2019-10-11 03:43:00,23.730467,118.341333
14.11,10.99,26.0,3.55,160.0,0.52,253.0,2019-10-11 03:44:00,23.729333,118.337167
14.08,10.99,28.3,3.09,169.1,0.52,250.0,2019-10-11 03:45:00,23.72816700000001,118.33316699999999
13.83,10.99,27.92,3.29,170.9,0.52,246.0,2019-10-11 03:46:00,23.726733,118.329167
13.82,10.99,25.0,2.98,169.6,0.52,243.0,2019-10-11 03:47:00,23.725117,118.3255
13.81,10.99,27.0,2.78,175.2,0.52,241.0,2019-10-11 03:48:00,23.7233,118.32183300000001
13.86,10.99,26.0,2.78,164.6,0.52,239.0,2019-10-11 03:49:00,23.721383,118.31816699999999
13.73,10.99,26.0,3.5,187.1,0.52,237.0,2019-10-11 03:50:00,23.719333,118.3145
13.75,10.99,26.0,3.09,177.0,0.52,234.0,2019-10-11 03:51:00,23.717167,118.311
13.82,10.99,27.0,2.78,179.0,0.52,233.0,2019-10-11 03:52:00,23.714917,118.307667
13.82,10.99,27.0,2.16,171.6,0.52,233.0,2019-10-11 03:53:00,23.712567,118.30433300000001
13.76,10.99,27.0,2.78,165.4,0.52,233.0,2019-10-11 03:54:00,23.71025,118.30083300000001
13.92,10.99,26.0,2.16,165.6,0.52,234.0,2019-10-11 03:55:00,23.707917000000002,118.2975
13.97,10.99,27.0,0.87,163.5,0.52,234.0,2019-10-11 03:56:00,23.705617,118.294
14.0,10.99,27.0,2.78,162.1,0.52,234.0,2019-10-11 03:57:00,23.703332999999997,118.2905
13.925,10.99,26.0,3.09,164.3,0.52,234.0,2019-10-11 03:58:00,23.7011,118.287167
13.99,10.99,26.0,2.57,159.0,0.52,234.0,2019-10-11 03:59:00,23.698783,118.283667
13.97,10.99,27.19,1.7,171.3,0.52,233.0,2019-10-11 04:00:00,23.69645,118.28
14.01,10.99,26.0,2.47,165.4,0.52,233.0,2019-10-11 04:01:00,23.6941,118.2765
14.07,10.99,26.0,1.85,159.8,0.52,233.0,2019-10-11 04:02:00,23.691717,118.27316699999999
13.98,10.99,26.0,3.29,167.9,0.52,232.0,2019-10-11 04:03:00,23.689383,118.269667
14.02,10.99,27.0,3.09,166.8,0.52,232.0,2019-10-11 04:04:00,23.68695,118.266167
13.98,10.99,29.0,2.26,167.3,0.52,233.0,2019-10-11 04:05:00,23.684567,118.262833
14.03,10.99,28.3,3.55,159.3,0.52,233.0,2019-10-11 04:06:00,23.682167,118.25933300000001
13.95,10.99,26.0,3.55,164.6,0.52,232.0,2019-10-11 04:07:00,23.67975,118.25583300000001
13.99,10.99,26.0,2.47,166.2,0.52,232.0,2019-10-11 04:08:00,23.67735,118.25233300000001
13.99,10.99,26.0,2.57,152.1,0.52,232.0,2019-10-11 04:09:00,23.67495,118.249
13.99,10.99,25.0,2.57,161.2,0.52,232.0,2019-10-11 04:10:00,23.672532999999998,118.2455
13.93,10.99,26.0,3.29,165.1,0.52,232.0,2019-10-11 04:11:00,23.670082999999998,118.242
13.97,10.99,27.0,2.98,160.7,0.52,232.0,2019-10-11 04:12:00,23.667617,118.2385
13.87,10.99,27.19,2.47,155.2,0.52,231.0,2019-10-11 04:13:00,23.665183,118.23516699999999
13.76,10.99,27.19,1.7,168.0,0.52,227.0,2019-10-11 04:14:00,23.662582999999998,118.23183300000001
13.65,10.99,25.0,0.46,169.2,0.52,222.0,2019-10-11 04:15:00,23.659782999999997,118.22883300000001
13.66,10.99,25.0,2.68,125.2,0.52,215.0,2019-10-11 04:16:00,23.656682999999997,118.22616699999999
13.71,10.99,28.0,2.26,131.39999999999998,0.52,213.0,2019-10-11 04:17:00,23.653417,118.22383300000001
13.8,10.99,28.0,2.26,150.2,0.52,212.0,2019-10-11 04:18:00,23.650067,118.2215
13.97,10.99,27.0,2.68,123.7,0.52,212.0,2019-10-11 04:19:00,23.646667,118.219167
13.97,10.99,27.0,2.68,123.7,0.52,212.0,2019-10-11 04:19:14,23.646667,118.219167
13.99,10.99,27.0,2.47,123.2,0.52,213.0,2019-10-11 04:20:00,23.6433,118.21683300000001
13.99,10.99,27.0,2.47,123.2,0.52,213.0,2019-10-11 04:20:03,23.6433,118.21683300000001
14.09,10.99,27.0,1.49,126.89999999999998,0.52,213.0,2019-10-11 04:21:00,23.639982999999997,118.21433300000001
14.15,10.99,26.0,2.47,114.39999999999998,0.52,213.0,2019-10-11 04:22:00,23.636582999999998,118.212
14.11,10.99,29.0,1.7,126.2,0.52,214.0,2019-10-11 04:23:00,23.6332,118.2095
14.16,10.99,28.0,2.68,102.5,0.52,217.0,2019-10-11 04:24:00,23.629967,118.206833
14.22,10.99,28.0,2.26,121.8,0.52,220.0,2019-10-11 04:25:00,23.62681700000001,118.204167
14.17,10.99,29.0,2.47,112.0,0.52,225.0,2019-10-11 04:26:00,23.623917000000002,118.201167
14.22,10.99,27.0,2.78,101.39999999999998,0.52,228.0,2019-10-11 04:27:00,23.621183,118.197833
14.14,10.99,26.0,3.19,109.8,0.52,228.0,2019-10-11 04:28:00,23.6185,118.1945
14.15,10.99,25.0,2.06,111.2,0.52,228.0,2019-10-11 04:29:00,23.6158,118.19133300000001
14.08,10.99,26.0,2.78,163.5,0.52,227.0,2019-10-11 04:30:00,23.613083,118.18799999999999
14.1,10.99,27.0,2.98,154.7,0.51,227.0,2019-10-11 04:31:00,23.61035,118.18483300000001
14.05,10.99,26.0,2.88,130.89999999999998,0.51,227.0,2019-10-11 04:32:00,23.607682999999998,118.18166699999999
14.15,10.99,27.0,3.29,153.7,0.51,227.0,2019-10-11 04:33:00,23.604967000000002,118.17833300000001
14.12,10.99,26.0,2.47,149.8,0.51,227.0,2019-10-11 04:34:00,23.602233,118.17516699999999
14.1,10.99,27.0,2.98,161.2,0.51,227.0,2019-10-11 04:35:00,23.599517000000002,118.171833
14.07,10.99,26.0,2.16,174.3,0.51,227.0,2019-10-11 04:36:00,23.5968,118.168667
14.14,10.99,26.0,1.29,114.8,0.51,227.0,2019-10-11 04:37:00,23.5941,118.165333
14.11,10.99,27.0,2.68,137.8,0.51,227.0,2019-10-11 04:38:00,23.591433,118.162167
14.18,10.99,26.0,1.59,150.2,0.51,227.0,2019-10-11 04:39:00,23.588683,118.15899999999999
14.08,10.99,28.0,2.78,144.4,0.51,227.0,2019-10-11 04:40:00,23.585932999999997,118.155833
14.14,10.99,28.0,1.85,134.7,0.51,230.0,2019-10-11 04:41:00,23.583317,118.15233300000001
14.18,10.99,29.0,3.09,142.6,0.51,233.0,2019-10-11 04:42:00,23.580867,118.149
14.09,10.99,29.0,1.95,137.2,0.51,239.0,2019-10-11 04:43:00,23.578682999999998,118.14533300000001
14.12,10.99,28.0,1.7,130.0,0.51,245.0,2019-10-11 04:44:00,23.576933,118.1415
14.07,10.99,28.0,2.88,143.2,0.51,247.0,2019-10-11 04:45:00,23.57535,118.1375
14.18,10.99,26.0,2.98,151.8,0.51,247.0,2019-10-11 04:46:00,23.573833,118.1335
14.1,10.99,27.0,2.57,134.1,0.51,247.0,2019-10-11 04:47:00,23.572267,118.1295
14.05,10.99,27.0,3.09,125.7,0.51,250.0,2019-10-11 04:48:00,23.570917,118.1255
13.99,10.99,28.0,2.57,127.4,0.51,254.0,2019-10-11 04:49:00,23.569733,118.1215
13.99,10.99,26.0,3.4,142.3,0.51,256.0,2019-10-11 04:50:00,23.568832999999998,118.117333
13.96,10.99,27.0,2.47,140.1,0.51,256.0,2019-10-11 04:51:00,23.567917,118.11333300000001
14.03,10.99,27.0,2.26,127.3,0.51,260.0,2019-10-11 04:52:00,23.56715,118.109167
14.07,10.99,27.0,3.19,138.6,0.51,260.0,2019-10-11 04:53:00,23.566533,118.105
13.92,10.99,27.92,3.5,135.8,0.51,261.0,2019-10-11 04:54:00,23.56595,118.10083300000001
13.72,10.99,26.83,2.98,137.8,0.51,259.0,2019-10-11 04:55:00,23.56535,118.096833
13.72,10.99,25.0,2.78,139.5,0.51,253.0,2019-10-11 04:56:00,23.56445,118.09266699999999
13.62,10.99,25.0,1.49,137.8,0.51,250.0,2019-10-11 04:57:00,23.563283,118.08883300000001
13.7,10.99,27.0,2.88,134.7,0.51,246.0,2019-10-11 04:58:00,23.56185,118.084833
13.55,10.99,27.0,2.78,143.9,0.51,245.0,2019-10-11 04:59:00,23.5603,118.081167
13.44,10.99,27.16,2.57,151.9,0.51,241.0,2019-10-11 05:00:00,23.55855,118.07733300000001
13.46,10.99,27.16,2.57,112.7,0.51,236.0,2019-10-11 05:01:00,23.556567,118.07383300000001
13.3,10.99,26.0,2.78,112.60000000000002,0.51,231.0,2019-10-11 05:02:00,23.55426700000001,118.0705
13.48,10.99,26.0,2.06,106.7,0.51,227.0,2019-10-11 05:03:00,23.55175,118.067333
13.49,10.99,28.0,2.37,118.89999999999998,0.51,224.0,2019-10-11 05:04:00,23.54901700000001,118.0645
13.57,10.99,27.0,2.06,120.0,0.51,224.0,2019-10-11 05:05:00,23.546232999999997,118.0615
13.57,10.99,27.0,2.06,120.0,0.51,224.0,2019-10-11 05:05:16,23.546232999999997,118.0615
13.74,10.99,27.0,2.78,149.5,0.51,224.0,2019-10-11 05:06:00,23.5434,118.0585
13.74,10.99,27.0,2.78,149.5,0.51,224.0,2019-10-11 05:06:15,23.5434,118.0585
13.73,10.99,27.0,2.26,121.5,0.51,224.0,2019-10-11 05:07:00,23.540633,118.0555
13.89,10.99,27.19,2.47,124.5,0.51,225.0,2019-10-11 05:08:00,23.537867000000002,118.0525
13.75,10.99,26.0,2.37,120.0,0.51,225.0,2019-10-11 05:09:00,23.535083,118.049333
13.8,10.99,27.0,2.06,105.89999999999998,0.51,225.0,2019-10-11 05:10:00,23.532283,118.046333
13.77,10.99,26.0,2.57,119.8,0.51,224.0,2019-10-11 05:11:00,23.529467,118.043167
13.96,10.99,26.0,1.95,109.2,0.51,224.0,2019-10-11 05:12:00,23.5267,118.040167
13.87,10.99,27.0,2.47,116.39999999999998,0.51,224.0,2019-10-11 05:13:00,23.523833,118.037167
13.89,10.99,26.0,2.78,108.8,0.51,224.0,2019-10-11 05:14:00,23.520982999999998,118.03399999999999
13.85,10.99,27.0,2.37,109.35000000000002,0.51,223.0,2019-10-11 05:15:00,23.5166665,118.0295
13.79,10.99,27.92,3.5,107.60000000000002,0.51,219.0,2019-10-11 05:16:00,23.5122,118.025167
13.76,10.99,27.0,3.55,101.89999999999998,0.51,218.0,2019-10-11 05:17:00,23.5091,118.022667
13.8,10.99,27.0,2.98,109.8,0.51,216.0,2019-10-11 05:18:00,23.5059,118.02
13.77,10.99,26.0,3.29,101.39999999999998,0.51,214.0,2019-10-11 05:19:00,23.502617,118.0175
13.83,10.99,27.0,2.26,106.89999999999998,0.63,214.0,2019-10-11 05:20:00,23.4993,118.015
13.85,10.99,27.0,4.58,101.89999999999998,0.63,215.0,2019-10-11 05:21:00,23.495983,118.0125
13.87,10.99,27.0,2.88,127.5,0.63,215.0,2019-10-11 05:22:00,23.492683,118.01
13.89,10.99,27.0,4.06,138.2,0.63,215.0,2019-10-11 05:23:00,23.489417,118.0075
13.93,10.99,26.0,3.29,104.7,0.63,215.0,2019-10-11 05:24:00,23.486082999999997,118.005
14.03,10.99,27.0,4.27,106.2,0.63,215.0,2019-10-11 05:25:00,23.48276700000001,118.00233300000001
13.88,10.99,27.0,4.27,109.89999999999998,0.63,214.0,2019-10-11 05:26:00,23.47945,117.99983300000001
14.04,10.99,26.0,4.99,110.2,0.63,215.0,2019-10-11 05:27:00,23.476132999999997,117.99733300000001
14.04,10.99,26.0,4.99,110.2,0.63,215.0,2019-10-11 05:27:43,23.476132999999997,117.99733300000001
14.02,10.99,27.0,4.37,109.7,0.63,214.0,2019-10-11 05:28:00,23.47281700000001,117.99483300000001
14.05,10.99,26.0,4.17,138.2,0.63,215.0,2019-10-11 05:29:00,23.469533,117.992333
14.01,10.99,27.0,4.17,103.2,0.63,215.0,2019-10-11 05:30:00,23.466182999999997,117.989667
13.99,10.99,26.0,3.65,109.7,0.63,215.0,2019-10-11 05:31:00,23.46286700000001,117.987167
14.09,10.99,27.0,4.27,107.8,0.63,215.0,2019-10-11 05:32:00,23.45955,117.98466699999999
14.07,10.99,26.0,3.76,110.0,0.63,215.0,2019-10-11 05:33:00,23.456232999999997,117.98200000000001
13.85,10.99,26.0,3.96,107.10000000000002,0.63,215.0,2019-10-11 05:34:00,23.45301700000001,117.9795
14.09,10.99,26.0,3.65,113.5,0.63,214.0,2019-10-11 05:35:00,23.449683,117.977
14.02,10.99,26.0,4.17,104.5,0.63,214.0,2019-10-11 05:36:00,23.44635,117.974333
14.01,10.99,27.0,4.58,106.8,0.63,215.0,2019-10-11 05:37:00,23.443,117.971833
14.06,10.99,27.0,3.86,107.3,0.63,215.0,2019-10-11 05:38:00,23.439683,117.969333
13.93,10.99,26.0,3.86,107.7,0.63,215.0,2019-10-11 05:39:00,23.436367,117.96666699999999
14.1,10.99,27.0,4.37,104.5,0.63,215.0,2019-10-11 05:40:00,23.43311700000001,117.96416699999999
13.87,10.99,26.0,4.89,105.89999999999998,0.63,215.0,2019-10-11 05:41:00,23.429833,117.9615
13.9,10.99,27.0,4.68,102.2,0.63,215.0,2019-10-11 05:42:00,23.426517,117.959
14.04,10.99,26.0,4.48,102.89999999999998,0.63,215.0,2019-10-11 05:43:00,23.4232,117.956333
13.93,10.99,27.0,3.5,111.2,0.63,215.0,2019-10-11 05:44:00,23.419883,117.953833
13.89,10.99,27.0,4.99,106.89999999999998,0.63,215.0,2019-10-11 05:45:00,23.416567,117.951333
14.24,10.99,27.0,4.27,106.0,0.63,215.0,2019-10-11 05:46:00,23.413332999999998,117.94866699999999
13.74,10.99,26.0,3.96,102.89999999999998,0.63,215.0,2019-10-11 05:47:00,23.410033,117.94616699999999
13.91,10.99,26.0,3.96,82.80000000000003,0.63,215.0,2019-10-11 05:48:00,23.406733,117.9435
14.18,10.99,28.0,4.58,97.5,0.63,217.0,2019-10-11 05:49:00,23.40345,117.941
13.9,10.99,29.0,4.48,100.0,0.63,221.0,2019-10-11 05:50:00,23.40036700000001,117.93816699999999
13.79,10.99,26.0,3.86,105.39999999999998,0.63,219.0,2019-10-11 05:51:00,23.397282999999998,117.93533300000001
14.1,10.99,27.0,3.86,104.39999999999998,0.63,219.0,2019-10-11 05:52:00,23.3942,117.9325
14.1,10.99,27.0,3.96,104.39999999999998,0.63,219.0,2019-10-11 05:52:27,23.3942,117.9325
13.85,10.99,27.0,4.78,103.0,0.63,218.0,2019-10-11 05:53:00,23.39105,117.929833
14.08,10.99,27.0,3.65,107.7,0.63,218.0,2019-10-11 05:54:00,23.387883,117.927
13.86,10.99,26.0,4.37,129.5,0.63,216.0,2019-10-11 05:55:00,23.384617000000002,117.9245
14.06,10.99,27.0,4.06,106.3,0.63,214.0,2019-10-11 05:56:00,23.38131700000001,117.921833
13.99,10.99,26.0,3.29,100.0,0.63,214.0,2019-10-11 05:57:00,23.377967,117.91933300000001
13.86,10.99,27.0,4.06,111.5,0.63,214.0,2019-10-11 05:58:00,23.374667000000002,117.917
13.86,10.99,27.0,4.06,111.5,0.63,214.0,2019-10-11 05:59:00,23.374667000000002,117.917
12.436666666666667,10.99,23.98,4.27,28.449999999999992,0.68,225.75,2019-10-11 23:59:00,23.0157417,116.945416
10.17,11.195,25.0,3.76,117.1,0.6,263.0,2019-10-12 00:04:00,21.957367,114.031667
10.46,11.195,27.0,4.99,121.9,0.6,266.0,2019-10-12 00:05:00,21.95715,114.028667
10.63,11.195,24.0,3.29,115.0,0.6,264.0,2019-10-12 00:06:00,21.956917,114.0255
10.98,11.195,18.68,5.09,82.69999999999997,0.6,266.0,2019-10-12 00:07:00,21.95675,114.022333
11.2,11.195,23.0,5.86,111.2,0.6,268.0,2019-10-12 00:08:00,21.956667000000003,114.01899999999999
11.51,11.195,32.06,5.76,128.1,0.6,268.0,2019-10-12 00:09:00,21.956617,114.0155
11.55,11.195,32.06,5.97,103.0,0.6,269.0,2019-10-12 00:10:00,21.95655,114.01233300000001
11.1,11.195,6.0,5.76,101.89999999999998,0.6,269.0,2019-10-12 00:11:00,21.9565,114.009
10.67,11.195,6.0,4.48,114.5,0.6,268.0,2019-10-12 00:12:00,21.956467,114.006
10.3,11.195,8.0,5.45,81.80000000000003,0.6,269.0,2019-10-12 00:13:00,21.956417000000002,114.00283300000001
10.09,11.195,7.0,5.2,112.8,0.6,268.0,2019-10-12 00:14:00,21.956367,114.0
