stw,draft,foc,ws,wd,swh,vslHeading,dt,lat,lon,wsWS,sovg,currSpeed,currDir
14.74,10.4,38.05,6.6,299.5,0.81,349.9,2019-12-07 06:00:00,52.2756,3.8747,14.82,14.2,0.71,55.100000000000016
14.68,10.4,38.05,6.6,313.6,0.81,350.1,2019-12-07 06:01:00,52.279483,3.873733,14.82,14.2,0.71,54.899999999999984
14.65,10.4,38.09,10.06,292.5,0.81,349.6,2019-12-07 06:02:00,52.283367,3.8727669999999996,14.82,14.1,0.71,55.399999999999984
14.65,10.4,38.09,10.06,292.5,0.81,349.6,2019-12-07 06:02:22,52.283367,3.8727669999999996,14.82,14.1,0.71,55.399999999999984
14.51,10.4,38.09,9.66,287.8,0.81,349.4,2019-12-07 06:03:00,52.287217,3.87175,14.82,14.0,0.71,55.600000000000016
14.63,10.4,38.09,9.91,294.7,0.81,350.2,2019-12-07 06:04:00,52.2911,3.870683,14.82,14.1,0.71,54.80000000000001
14.71,10.4,38.47,5.7,295.2000000000001,0.81,350.9,2019-12-07 06:05:00,52.295,3.86975,14.82,14.2,0.71,54.100000000000016
14.69,10.4,38.47,5.6,317.1,0.81,349.6,2019-12-07 06:06:00,52.298883000000004,3.868833,14.82,14.1,0.71,55.399999999999984
14.61,10.4,38.05,6.3,297.0,0.81,349.8,2019-12-07 06:07:00,52.30275,3.86785,14.82,14.1,0.71,55.19999999999999
14.53,10.4,38.05,6.2,339.6,0.81,351.0,2019-12-07 06:08:00,52.306616999999996,3.8669,14.82,14.0,0.71,54.0
14.6,10.4,38.05,6.8,306.7,0.81,351.2,2019-12-07 06:09:00,52.3105,3.866017,14.82,14.1,0.71,53.80000000000001
14.64,10.4,38.47,5.7,297.4000000000001,0.81,351.7,2019-12-07 06:10:00,52.3144,3.865133,14.82,14.1,0.71,53.30000000000001
14.66,10.4,38.05,7.0,306.7,0.81,0.0,2019-12-07 06:11:00,52.318333,3.864433,14.82,14.3,0.71,45.0
14.99,10.4,38.8,9.2,274.40000000000003,0.81,1.2,2019-12-07 06:12:00,52.322333,3.86475,14.82,14.4,0.71,43.8
15.09,10.4,38.26,7.9,286.5,0.81,6.1,2019-12-07 06:13:00,52.32635,3.865133,14.82,14.5,0.71,38.9
15.2,10.4,38.26,8.4,263.8,0.81,8.8,2019-12-07 06:14:00,52.33035,3.8662,14.82,14.5,0.71,36.2
15.29,10.4,51.0,6.2,286.6,0.81,8.8,2019-12-07 06:15:00,52.334333,3.867467,14.82,14.6,0.71,36.2
15.25,10.4,39.96,10.1,260.40000000000003,0.81,8.9,2019-12-07 06:16:00,52.3383,3.8687,14.82,14.5,0.71,36.1
15.25,10.4,38.26,8.5,272.70000000000005,0.81,9.4,2019-12-07 06:17:00,52.342267,3.8699169999999996,14.82,14.6,0.71,35.6
15.02,10.4,39.96,10.06,250.9,0.81,4.7,2019-12-07 06:18:00,52.346216999999996,3.8711330000000004,14.82,14.4,0.71,40.3
14.97,10.4,37.05,5.9,253.7,0.81,4.2,2019-12-07 06:19:00,52.350167,3.8718169999999996,14.82,14.4,0.71,40.8
14.94,10.4,37.05,6.0,282.5,0.81,5.4,2019-12-07 06:20:00,52.35415,3.8725330000000002,14.82,14.4,0.71,39.6
15.09,10.4,38.26,7.5,259.1,0.81,6.6,2019-12-07 06:21:00,52.35815,3.87345,14.82,14.4,0.71,38.4
14.97,10.4,38.8,11.9,256.4,0.81,6.3,2019-12-07 06:22:00,52.3621,3.874483,14.82,14.4,0.71,38.7
15.07,10.4,38.26,7.6,258.1,0.81,7.0,2019-12-07 06:23:00,52.366083,3.875433,14.82,14.4,0.71,38.0
14.99,10.4,38.8,10.2,260.1,0.81,7.4,2019-12-07 06:24:00,52.370033,3.87645,14.82,14.4,0.71,37.6
15.03,10.4,39.96,9.3,281.7,0.81,8.1,2019-12-07 06:25:00,52.374016999999995,3.8776,14.82,14.5,0.71,36.9
15.11,10.4,39.96,10.01,296.9000000000001,0.81,7.9,2019-12-07 06:26:00,52.377967,3.87875,14.82,14.4,0.71,37.1
15.06,10.4,38.26,6.1,265.9,0.81,8.3,2019-12-07 06:27:00,52.381917,3.88,14.82,14.5,0.71,36.7
15.07,10.4,38.26,8.6,274.6,0.81,7.7,2019-12-07 06:28:00,52.38585,3.8812,14.82,14.4,0.71,37.3
14.94,10.4,38.8,9.1,267.40000000000003,0.81,8.2,2019-12-07 06:29:00,52.389783,3.882317,14.82,14.3,0.71,36.8
14.95,10.4,38.8,10.1,263.3,0.81,8.5,2019-12-07 06:30:00,52.3937,3.8835830000000002,14.82,14.4,0.71,36.5
15.01,10.4,38.26,8.9,255.3,0.81,8.4,2019-12-07 06:31:00,52.397633,3.88485,14.82,14.4,0.71,36.6
14.98,10.4,38.34,6.8,273.7,0.81,7.8,2019-12-07 06:32:00,52.401567,3.8860669999999997,14.82,14.3,0.71,37.2
15.02,10.4,39.96,9.81,299.1,0.81,9.5,2019-12-07 06:33:00,52.405483000000004,3.8872169999999997,14.82,14.4,0.71,35.5
15.17,10.4,38.26,6.2,285.1,0.81,9.6,2019-12-07 06:34:00,52.409433,3.8886,14.82,14.6,0.71,35.4
15.12,10.4,39.96,10.3,277.4,0.81,8.5,2019-12-07 06:35:00,52.41335,3.889967,14.82,14.4,0.71,36.5
15.09,10.4,38.26,6.4,271.1,0.81,8.7,2019-12-07 06:36:00,52.417367,3.891167,14.82,14.5,0.71,36.3
15.23,10.4,38.26,8.9,239.7,0.81,9.6,2019-12-07 06:37:00,52.42135,3.89245,14.82,14.6,0.71,35.4
15.12,10.4,38.26,7.2,238.4,0.81,9.2,2019-12-07 06:38:00,52.425333,3.893783,14.82,14.5,0.71,35.8
15.17,10.4,39.96,10.5,242.4,0.81,9.3,2019-12-07 06:39:00,52.4293,3.89515,14.82,14.6,0.71,35.7
15.09,10.4,39.96,10.7,259.79999999999995,0.81,8.6,2019-12-07 06:40:00,52.43325,3.8964,14.82,14.5,0.71,36.4
15.15,10.4,39.96,9.5,266.90000000000003,0.81,9.7,2019-12-07 06:41:00,52.437217000000004,3.8976669999999998,14.82,14.6,0.71,35.3
15.14,10.4,39.96,10.9,267.8,0.81,9.2,2019-12-07 06:42:00,52.44116700000001,3.899083,14.82,14.6,0.71,35.8
15.22,10.4,38.26,7.3,282.9,0.81,9.0,2019-12-07 06:43:00,52.44516700000001,3.9003669999999997,14.82,14.6,0.71,36.0
15.2,10.4,38.26,8.7,261.40000000000003,0.81,9.4,2019-12-07 06:44:00,52.44915,3.901733,14.82,14.6,0.71,35.6
15.19,10.4,38.26,6.1,290.5,0.81,9.2,2019-12-07 06:45:00,52.4531,3.9031,14.82,14.6,0.71,35.8
15.04,10.4,39.96,9.4,264.9,0.81,9.1,2019-12-07 06:46:00,52.45705,3.904467,14.82,14.5,0.71,35.9
15.14,10.4,38.26,6.2,300.8,0.81,8.2,2019-12-07 06:47:00,52.46101700000001,3.905767,14.82,14.5,0.71,36.8
15.16,10.4,39.96,9.2,253.4,0.81,8.9,2019-12-07 06:48:00,52.464983,3.9070669999999996,14.82,14.5,0.71,36.1
15.16,10.4,38.26,7.6,280.8,0.81,9.0,2019-12-07 06:49:00,52.468982999999994,3.90835,14.82,14.6,0.71,36.0
15.18,10.4,38.26,7.3,277.40000000000003,0.81,8.9,2019-12-07 06:50:00,52.4729,3.909733,14.82,14.6,0.71,36.1
14.97,10.4,38.34,6.4,259.6,0.81,9.1,2019-12-07 06:51:00,52.47685,3.9110669999999996,14.82,14.6,0.71,35.9
15.14,10.4,39.96,9.8,267.8,0.81,9.4,2019-12-07 06:52:00,52.480817,3.9124830000000004,14.82,14.6,0.71,35.6
15.09,10.4,38.26,9.0,269.8,0.81,8.9,2019-12-07 06:53:00,52.48478299999999,3.9138669999999998,14.82,14.5,0.71,36.1
15.09,10.4,38.26,7.2,260.5,0.81,8.8,2019-12-07 06:54:00,52.488732999999996,3.9152669999999996,14.82,14.5,0.71,36.2
15.1,10.4,39.96,10.06,274.70000000000005,0.81,8.9,2019-12-07 06:55:00,52.49268299999999,3.9165330000000003,14.82,14.5,0.71,36.1
15.19,10.4,39.96,9.86,279.6,0.81,8.3,2019-12-07 06:56:00,52.49665,3.917933,14.82,14.6,0.71,36.7
15.04,10.4,39.96,9.64,292.0,1.27,6.6,2019-12-07 06:57:00,52.5006,3.9191,15.67,14.5,0.71,38.4
15.08,10.4,39.96,9.4,301.4000000000001,1.27,7.2,2019-12-07 06:58:00,52.504583,3.9201669999999997,15.67,14.6,0.71,37.8
15.07,10.4,38.26,8.1,283.9,1.27,7.0,2019-12-07 06:59:00,52.50855,3.921367,15.67,14.5,0.71,38.0
15.09,10.4,38.26,8.2,281.3,1.27,6.5,2019-12-07 07:00:00,52.512517,3.922483,15.67,14.5,0.71,38.5
15.01,10.4,39.96,10.68,260.90000000000003,1.27,7.2,2019-12-07 07:01:00,52.516482999999994,3.9235830000000003,15.67,14.5,0.71,37.8
14.94,10.4,38.8,10.09,262.7,1.27,6.7,2019-12-07 07:02:00,52.52045,3.9247,15.67,14.5,0.71,38.3
15.03,10.4,39.96,10.54,266.6,1.27,6.7,2019-12-07 07:03:00,52.52441700000001,3.9258830000000002,15.67,14.5,0.71,38.3
15.02,10.4,39.96,10.84,258.3,1.27,6.8,2019-12-07 07:04:00,52.528383,3.9269830000000003,15.67,14.4,0.71,38.2
15.05,10.4,39.96,10.34,258.3,1.27,6.5,2019-12-07 07:05:00,52.532332999999994,3.92805,15.67,14.4,0.71,38.5
15.12,10.4,39.96,10.74,282.4,1.27,7.1,2019-12-07 07:06:00,52.536283,3.929217,15.67,14.5,0.71,37.9
15.01,10.4,38.26,8.9,275.7,1.27,7.3,2019-12-07 07:07:00,52.54026700000001,3.93035,15.67,14.5,0.71,37.7
15.17,10.4,39.96,10.64,296.7,1.27,7.1,2019-12-07 07:08:00,52.544233,3.931467,15.67,14.6,0.71,37.9
15.06,10.4,38.26,6.5,254.6,1.27,6.8,2019-12-07 07:09:00,52.5482,3.932633,15.67,14.5,0.71,38.2
14.94,10.4,38.34,7.2,278.6,1.27,7.2,2019-12-07 07:10:00,52.552167000000004,3.933783,15.67,14.5,0.71,37.8
15.0,10.4,38.34,6.7,246.8,1.27,6.9,2019-12-07 07:11:00,52.556132999999996,3.9349,15.67,14.5,0.71,38.1
15.05,10.4,39.96,10.38,303.5,1.27,7.1,2019-12-07 07:12:00,52.56013299999999,3.9359669999999998,15.67,14.5,0.71,37.9
15.06,10.4,39.96,10.38,284.9000000000001,1.27,7.4,2019-12-07 07:13:00,52.5641,3.93715,15.67,14.6,0.71,37.6
15.06,10.4,38.26,8.8,271.0,1.27,7.2,2019-12-07 07:14:00,52.5681,3.93825,15.67,14.6,0.71,37.8
15.0,10.4,38.34,8.2,282.0,1.27,7.0,2019-12-07 07:15:00,52.5721,3.93935,15.67,14.6,0.71,38.0
15.01,10.4,39.96,10.44,266.79999999999995,1.27,7.1,2019-12-07 07:16:00,52.5761,3.9405,15.67,14.6,0.71,37.9
15.01,10.4,38.26,6.3,258.0,1.27,6.9,2019-12-07 07:17:00,52.58006700000001,3.9416330000000004,15.67,14.5,0.71,38.1
14.87,10.4,38.8,10.18,297.7999999999999,1.27,6.6,2019-12-07 07:18:00,52.58405,3.942683,15.67,14.5,0.71,38.4
14.87,10.4,38.8,10.18,297.7999999999999,1.27,6.6,2019-12-07 07:18:11,52.58405,3.942683,15.67,14.5,0.71,38.4
14.94,10.4,38.8,9.5,253.6,1.27,13.9,2019-12-07 07:19:00,52.58805,3.9438,15.67,14.7,0.71,31.1
15.21,10.4,39.96,9.5,246.40000000000003,1.27,23.7,2019-12-07 07:20:00,52.592,3.945867,15.67,15.0,0.71,21.3
15.52,10.4,56.0,11.8,217.8,1.27,34.1,2019-12-07 07:21:00,52.5957,3.9491669999999996,15.67,15.1,0.71,10.9
15.67,10.4,45.07,8.4,232.7,1.27,35.7,2019-12-07 07:22:00,52.59905,3.9533669999999996,15.67,15.2,0.71,9.299999999999997
15.59,10.4,52.0,10.8,223.90000000000003,1.27,35.2,2019-12-07 07:23:00,52.602332999999994,3.9577169999999997,15.67,15.2,0.71,9.799999999999997
15.61,10.4,50.0,9.0,227.9,1.27,35.1,2019-12-07 07:24:00,52.605617,3.9619999999999997,15.67,15.2,0.71,9.9
15.56,10.4,45.07,7.4,229.5,1.27,32.0,2019-12-07 07:25:00,52.60896700000001,3.9661169999999997,15.67,15.1,0.71,13.0
15.56,10.4,49.0,11.2,218.8,1.27,32.5,2019-12-07 07:26:00,52.612382999999994,3.9701,15.67,15.1,0.71,12.5
15.5,10.4,52.0,8.8,226.9,1.27,33.1,2019-12-07 07:27:00,52.61576700000001,3.97415,15.67,15.1,0.71,11.9
15.63,10.4,51.0,9.4,233.6,1.27,33.6,2019-12-07 07:28:00,52.619167000000004,3.9782669999999998,15.67,15.2,0.71,11.4
15.73,10.4,45.07,8.7,230.4,1.27,34.6,2019-12-07 07:29:00,52.62255,3.982417,15.67,15.2,0.71,10.4
15.69,10.4,45.07,7.8,241.6,1.27,34.7,2019-12-07 07:30:00,52.625917,3.98665,15.67,15.3,0.71,10.299999999999997
15.8,10.4,54.81,13.44,240.8,1.15,34.8,2019-12-07 07:31:00,52.629282999999994,3.9909,18.49,15.3,0.51,53.0
15.84,10.4,54.83,10.1,232.1,1.15,35.8,2019-12-07 07:32:00,52.63265,3.995217,18.49,15.3,0.51,52.0
15.78,10.4,54.81,12.7,238.8,1.15,35.6,2019-12-07 07:33:00,52.63595,3.999567,18.49,15.3,0.51,52.2
15.83,10.4,54.83,9.2,227.6,1.15,35.4,2019-12-07 07:34:00,52.639283,4.003933,18.49,15.2,0.51,52.4
15.79,10.4,54.83,10.3,223.2,1.15,35.3,2019-12-07 07:35:00,52.6426,4.008217,18.49,15.2,0.51,52.5
15.8,10.4,54.81,13.4,241.00000000000003,1.15,36.1,2019-12-07 07:36:00,52.6459,4.012567,18.49,15.3,0.51,51.7
15.7,10.4,52.0,12.5,239.2,1.15,35.3,2019-12-07 07:37:00,52.6492,4.016933,18.49,15.2,0.51,52.5
15.68,10.4,50.0,12.24,232.6,1.15,35.8,2019-12-07 07:38:00,52.6525,4.0213,18.49,15.2,0.51,52.0
15.64,10.4,52.0,10.7,226.2,1.15,35.0,2019-12-07 07:39:00,52.6558,4.02565,18.49,15.2,0.51,52.8
15.59,10.4,50.0,10.0,230.8,1.15,35.4,2019-12-07 07:40:00,52.65915,4.029883,18.49,15.2,0.51,52.4
15.6,10.4,52.0,12.7,214.8,1.15,35.3,2019-12-07 07:41:00,52.66246700000001,4.034217,18.49,15.2,0.51,52.5
15.67,10.4,52.0,9.4,225.2,1.15,36.4,2019-12-07 07:42:00,52.665817000000004,4.038567,18.49,15.3,0.51,51.4
15.81,10.4,53.0,9.6,232.3,1.15,35.8,2019-12-07 07:43:00,52.6691,4.043,18.49,15.3,0.51,52.0
15.62,10.4,51.0,13.4,234.6,1.15,35.5,2019-12-07 07:44:00,52.672433,4.047333,18.49,15.3,0.51,52.3
15.66,10.4,52.0,13.5,227.1,1.15,36.0,2019-12-07 07:45:00,52.67576700000001,4.05175,18.49,15.3,0.51,51.8
15.63,10.4,52.0,13.7,236.00000000000003,1.15,35.6,2019-12-07 07:46:00,52.6791,4.056067,18.49,15.3,0.51,52.2
15.65,10.4,52.0,13.34,241.4,1.15,36.3,2019-12-07 07:47:00,52.682417,4.060467,18.49,15.3,0.51,51.5
15.68,10.4,52.0,13.4,231.5,1.15,35.5,2019-12-07 07:48:00,52.68575,4.0649,18.49,15.4,0.51,52.3
15.55,10.4,52.0,9.3,232.4,1.15,35.4,2019-12-07 07:49:00,52.689067,4.069183,18.49,15.1,0.51,52.4
15.23,10.4,41.0,13.6,228.0,1.15,35.3,2019-12-07 07:50:00,52.692317,4.0734330000000005,18.49,14.9,0.51,52.5
15.13,10.4,41.0,12.6,232.6,1.15,36.0,2019-12-07 07:51:00,52.69555,4.077583,18.49,14.7,0.51,51.8
15.07,10.4,43.0,12.79,230.5,1.15,36.0,2019-12-07 07:52:00,52.698733,4.081817,18.49,14.7,0.51,51.8
14.88,10.4,43.0,13.2,236.5,1.15,35.3,2019-12-07 07:53:00,52.70186700000001,4.08605,18.49,14.6,0.51,52.5
14.89,10.4,41.0,9.5,226.7,1.15,35.2,2019-12-07 07:54:00,52.70503299999999,4.090167,18.49,14.5,0.51,52.6
14.87,10.4,43.0,13.2,236.8,1.15,35.9,2019-12-07 07:55:00,52.708183,4.094233,18.49,14.4,0.51,51.9
14.72,10.4,38.09,11.3,219.4,1.15,36.5,2019-12-07 07:56:00,52.711282999999995,4.0984,18.49,14.4,0.51,51.3
14.71,10.4,41.0,12.54,219.5,1.15,36.4,2019-12-07 07:57:00,52.71435,4.102567,18.49,14.3,0.51,51.4
14.55,10.4,37.0,9.1,226.0,1.15,35.5,2019-12-07 07:58:00,52.71741700000001,4.106633,18.49,14.1,0.51,52.3
14.44,10.4,37.0,9.8,224.0,1.15,36.3,2019-12-07 07:59:00,52.720467000000006,4.11065,18.49,14.1,0.51,51.5
14.47,10.4,39.0,12.1,245.00000000000003,1.15,36.1,2019-12-07 08:00:00,52.723482999999995,4.11475,18.49,14.1,0.51,51.7
14.38,10.4,38.0,13.4,232.4,1.15,36.1,2019-12-07 08:01:00,52.7265,4.1188,18.49,14.0,0.51,51.7
14.31,10.4,37.0,9.3,236.1,1.15,35.5,2019-12-07 08:02:00,52.729482999999995,4.122866999999999,18.49,13.9,0.51,52.3
14.33,10.4,38.0,9.7,227.2,1.15,36.2,2019-12-07 08:03:00,52.732482999999995,4.126883,18.49,13.9,0.51,51.6
14.19,10.4,38.0,12.79,229.00000000000003,1.15,35.6,2019-12-07 08:04:00,52.735482999999995,4.130883,18.49,13.8,0.51,52.2
14.19,10.4,38.0,13.29,232.4,1.15,36.1,2019-12-07 08:05:00,52.73845,4.134883,18.49,13.8,0.51,51.7
14.15,10.4,38.0,13.54,230.9,1.15,36.0,2019-12-07 08:06:00,52.74141700000001,4.1389,18.49,13.8,0.51,51.8
14.11,10.4,38.0,13.2,233.8,1.15,35.5,2019-12-07 08:07:00,52.744367000000004,4.1429,18.49,13.7,0.51,52.3
14.04,10.4,39.0,13.0,234.1,1.15,36.6,2019-12-07 08:08:00,52.747367000000004,4.14685,18.49,13.8,0.51,51.2
14.11,10.4,39.0,13.04,246.3,1.15,36.7,2019-12-07 08:09:00,52.7503,4.150933,18.49,13.8,0.51,51.1
14.16,10.4,38.0,13.5,227.3,1.15,36.2,2019-12-07 08:10:00,52.753282999999996,4.155,18.49,13.8,0.51,51.6
14.25,10.4,33.33,9.2,223.7,1.15,36.4,2019-12-07 08:11:00,52.75625,4.1590169999999995,18.49,13.8,0.51,51.4
14.2,10.4,39.0,13.1,231.1,1.15,36.0,2019-12-07 08:12:00,52.759232999999995,4.163017,18.49,13.8,0.51,51.8
14.06,10.4,38.0,13.34,222.2,1.15,36.1,2019-12-07 08:13:00,52.7622,4.167033,18.49,13.8,0.51,51.7
14.1,10.4,38.0,13.44,231.0,1.15,35.7,2019-12-07 08:14:00,52.765133,4.171067,18.49,13.8,0.51,52.1
14.16,10.4,37.0,12.1,234.8,1.15,32.5,2019-12-07 08:15:00,52.768133,4.174983,18.49,13.7,0.51,55.3
13.96,10.4,37.0,13.44,237.9,1.15,29.5,2019-12-07 08:16:00,52.771232999999995,4.1785830000000015,18.49,13.6,0.51,58.3
13.93,10.4,38.0,13.04,255.3,1.15,29.2,2019-12-07 08:17:00,52.77441700000001,4.181916999999999,18.49,13.6,0.51,58.6
13.93,10.4,38.0,13.04,255.3,1.15,29.2,2019-12-07 08:17:53,52.77441700000001,4.181916999999999,18.49,13.6,0.51,58.6
14.03,10.4,38.0,13.0,244.5,1.15,30.0,2019-12-07 08:18:00,52.7776,4.185267,18.49,13.6,0.51,57.8
13.99,10.4,40.0,12.94,234.7,1.15,30.3,2019-12-07 08:19:00,52.7808,4.188683,18.49,13.7,0.51,57.5
14.02,10.4,39.0,13.1,246.2,1.15,29.9,2019-12-07 08:20:00,52.783983,4.1921669999999995,18.49,13.7,0.51,57.9
13.98,10.4,38.0,12.79,237.8,1.15,28.9,2019-12-07 08:21:00,52.787167000000004,4.1956,18.49,13.6,0.51,58.9
14.0,10.4,37.0,12.29,237.4,1.15,29.8,2019-12-07 08:22:00,52.79035,4.199,18.49,13.7,0.51,58.0
14.01,10.4,39.0,13.64,231.4,1.15,29.6,2019-12-07 08:23:00,52.79355,4.2024,18.49,13.7,0.51,58.2
13.98,10.4,39.0,12.74,236.9,1.15,29.5,2019-12-07 08:24:00,52.796732999999996,4.2058,18.49,13.7,0.51,58.3
13.95,10.4,32.76,9.1,233.9,1.15,28.0,2019-12-07 08:25:00,52.799932999999996,4.209217,18.49,13.6,0.51,59.8
13.87,10.4,37.0,12.6,260.5,1.15,26.8,2019-12-07 08:26:00,52.8032,4.212383,18.49,13.6,0.51,61.0
13.87,10.4,32.03,9.0,242.9,1.15,26.8,2019-12-07 08:27:00,52.80645,4.215567,18.49,13.6,0.51,61.0
13.92,10.4,38.0,12.7,229.3,1.15,27.1,2019-12-07 08:28:00,52.809732999999994,4.2187,18.49,13.6,0.51,60.7
13.93,10.4,39.0,13.44,227.0,1.15,27.5,2019-12-07 08:29:00,52.812982999999996,4.221883,18.49,13.6,0.51,60.3
13.93,10.4,38.0,13.6,236.3,1.15,27.3,2019-12-07 08:30:00,52.816267,4.22505,18.49,13.6,0.51,60.5
13.95,10.4,39.0,12.79,243.6,1.15,27.4,2019-12-07 08:31:00,52.81955,4.228317,18.49,13.7,0.51,60.4
13.98,10.4,32.76,9.8,238.0,1.15,27.8,2019-12-07 08:32:00,52.822832999999996,4.231517,18.49,13.7,0.51,60.0
14.11,10.4,39.0,12.74,248.8,1.15,27.4,2019-12-07 08:33:00,52.82615,4.234717,18.49,13.8,0.51,60.4
14.05,10.4,39.0,13.34,232.4,1.15,27.0,2019-12-07 08:34:00,52.829432999999995,4.2379169999999995,18.49,13.7,0.51,60.8
14.05,10.4,38.0,13.34,232.4,1.15,27.0,2019-12-07 08:34:19,52.829432999999995,4.2379169999999995,18.49,13.7,0.51,60.8
14.02,10.4,38.0,13.34,251.50000000000003,1.15,25.1,2019-12-07 08:35:00,52.832767000000004,4.24105,18.49,13.7,0.51,62.7
13.99,10.4,37.0,13.29,246.40000000000003,1.15,23.7,2019-12-07 08:36:00,52.836133,4.243983,18.49,13.7,0.51,64.1
13.94,10.4,38.0,13.2,253.50000000000003,1.15,23.1,2019-12-07 08:37:00,52.839517,4.2468,18.49,13.7,0.51,64.69999999999999
13.96,10.4,38.0,13.44,233.5,1.15,22.9,2019-12-07 08:38:00,52.84291700000001,4.249633,18.49,13.7,0.51,64.9
13.91,10.4,38.0,12.2,259.5,1.15,21.4,2019-12-07 08:39:00,52.846367,4.252383,18.49,13.7,0.51,66.4
13.91,10.4,37.0,12.9,232.0,1.15,20.7,2019-12-07 08:40:00,52.849817,4.254967,18.49,13.6,0.51,67.1
13.91,10.4,32.76,11.64,274.6,1.15,21.5,2019-12-07 08:41:00,52.853283,4.2575,18.49,13.7,0.51,66.3
14.01,10.4,39.0,12.6,266.0,1.15,21.2,2019-12-07 08:42:00,52.85675,4.260167,18.49,13.7,0.51,66.6
13.94,10.4,32.76,11.6,278.6,1.15,20.8,2019-12-07 08:43:00,52.860232999999994,4.26275,18.49,13.7,0.51,67.0
13.98,10.4,32.76,11.79,262.5,1.15,21.1,2019-12-07 08:44:00,52.863717,4.26535,18.49,13.7,0.51,66.69999999999999
14.0,10.4,32.76,9.5,245.9,1.15,20.8,2019-12-07 08:45:00,52.8672,4.267933,18.49,13.7,0.51,67.0
13.97,10.4,38.0,12.34,255.9,1.15,20.8,2019-12-07 08:46:00,52.8707,4.2705,18.49,13.7,0.51,67.0
13.95,10.4,38.0,13.29,242.4,1.15,20.5,2019-12-07 08:47:00,52.874182999999995,4.273083,18.49,13.7,0.51,67.3
13.92,10.4,37.0,11.54,263.4,1.15,20.8,2019-12-07 08:48:00,52.877667,4.275633,18.49,13.7,0.51,67.0
13.85,10.4,39.0,13.0,251.8,1.15,20.9,2019-12-07 08:49:00,52.881133,4.278217,18.49,13.7,0.51,66.9
13.9,10.4,38.0,12.34,251.7,1.15,20.7,2019-12-07 08:50:00,52.88461700000001,4.280817,18.49,13.7,0.51,67.1
13.86,10.4,38.0,13.34,249.4,1.15,20.3,2019-12-07 08:51:00,52.888082999999995,4.28335,18.49,13.6,0.51,67.5
13.83,10.4,38.0,13.4,244.0,1.15,20.5,2019-12-07 08:52:00,52.891583,4.2859,18.49,13.7,0.51,67.3
13.85,10.4,38.0,13.5,251.2,1.15,17.8,2019-12-07 08:53:00,52.895067000000004,4.2883830000000005,18.49,13.6,0.51,70.0
13.71,10.4,32.18,12.14,263.6,1.15,17.5,2019-12-07 08:54:00,52.898617,4.290583,18.49,13.6,0.51,70.3
13.76,10.4,39.0,12.44,249.2,1.15,18.2,2019-12-07 08:55:00,52.902182999999994,4.2928,18.49,13.7,0.51,69.6
13.84,10.4,40.0,12.79,240.6,1.15,19.2,2019-12-07 08:56:00,52.905733,4.29515,18.49,13.8,0.51,68.6
13.82,10.4,38.0,13.7,253.0,1.15,17.7,2019-12-07 08:57:00,52.90926700000001,4.2975330000000005,18.49,13.7,0.51,70.1
13.82,10.4,38.0,13.7,253.0,1.15,17.7,2019-12-07 08:57:05,52.90926700000001,4.2975330000000005,18.49,13.7,0.51,70.1
13.85,10.4,38.0,12.79,265.90000000000003,1.15,17.9,2019-12-07 08:58:00,52.91286700000001,4.299767,18.49,13.8,0.51,69.9
13.9,10.4,32.76,9.8,249.6,1.15,17.6,2019-12-07 08:59:00,52.9164,4.301983,18.49,13.8,0.51,70.19999999999999
13.93,10.4,32.76,9.4,248.0,1.15,17.4,2019-12-07 09:00:00,52.920017,4.3043,18.49,13.7,0.51,70.4
13.79,10.4,39.0,12.79,269.20000000000005,1.15,17.4,2019-12-07 09:01:00,52.92361700000001,4.3065,18.49,13.7,0.51,70.4
13.79,10.4,39.0,12.79,269.20000000000005,1.15,17.4,2019-12-07 09:01:58,52.92361700000001,4.3065,18.49,13.7,0.51,70.4
13.93,10.4,38.0,13.5,244.5,1.15,18.0,2019-12-07 09:02:00,52.92718299999999,4.30875,18.49,13.8,0.51,69.8
13.87,10.4,32.76,10.9,249.5,1.15,18.7,2019-12-07 09:03:00,52.930733,4.311116999999999,18.49,13.8,0.51,69.1
13.87,10.4,39.0,13.4,251.9,1.15,17.8,2019-12-07 09:04:00,52.9343,4.31345,18.49,13.8,0.51,70.0
13.84,10.4,38.0,12.6,264.4,1.15,17.6,2019-12-07 09:05:00,52.937867000000004,4.315717,18.49,13.7,0.51,70.19999999999999
13.91,10.4,39.0,12.54,252.7,1.15,18.0,2019-12-07 09:06:00,52.941467,4.3179669999999994,18.49,13.8,0.51,69.8
13.93,10.4,38.0,12.4,263.2,1.15,18.1,2019-12-07 09:07:00,52.945083,4.3202169999999995,18.49,13.8,0.51,69.69999999999999
13.99,10.4,39.0,12.4,253.0,1.15,18.5,2019-12-07 09:08:00,52.94866700000001,4.322583,18.49,13.9,0.51,69.3
13.99,10.4,39.0,12.4,253.0,1.15,18.5,2019-12-07 09:08:58,52.94866700000001,4.322583,18.49,13.9,0.51,69.3
13.99,10.4,38.0,13.0,265.2,1.15,18.1,2019-12-07 09:09:00,52.95225,4.3249330000000015,18.49,13.9,0.51,69.69999999999999
13.96,10.4,32.03,9.0,241.4,1.15,17.9,2019-12-07 09:10:00,52.955833,4.327267,18.49,13.8,0.51,69.9
13.94,10.4,32.76,9.4,243.1,1.15,18.3,2019-12-07 09:11:00,52.959433,4.329583,18.49,13.9,0.51,69.5
13.99,10.4,32.76,9.4,244.1,1.15,17.7,2019-12-07 09:12:00,52.963017,4.331933,18.49,13.9,0.51,70.1
13.97,10.4,32.76,9.3,250.40000000000003,1.15,17.7,2019-12-07 09:13:00,52.96661700000001,4.334233,18.49,13.9,0.51,70.1
13.97,10.4,39.0,13.4,250.6,1.15,18.5,2019-12-07 09:14:00,52.97023299999999,4.336483,18.49,13.9,0.51,69.3
14.02,10.4,33.33,9.3,252.6,1.15,18.6,2019-12-07 09:15:00,52.973833,4.338883,18.49,13.9,0.51,69.19999999999999
13.95,10.4,37.0,9.5,244.4,1.15,18.3,2019-12-07 09:16:00,52.977417,4.341267,18.49,13.9,0.51,69.5
14.0,10.4,38.0,13.04,232.7,1.15,17.8,2019-12-07 09:17:00,52.981033,4.343567,18.49,13.9,0.51,70.0
13.97,10.4,38.0,13.29,223.6,1.15,18.0,2019-12-07 09:18:00,52.98456700000001,4.345833,18.49,13.9,0.51,69.8
14.02,10.4,33.33,11.74,259.7,1.15,20.5,2019-12-07 09:19:00,52.98826700000001,4.348117,18.49,13.9,0.51,67.3
14.1,10.4,40.0,13.14,254.3,1.15,24.6,2019-12-07 09:20:00,52.99183299999999,4.350817,18.49,14.1,0.51,63.2
14.2,10.4,39.0,13.4,241.6,1.15,24.9,2019-12-07 09:21:00,52.99528299999999,4.3538830000000015,18.49,14.1,0.51,62.9
14.21,10.4,33.33,10.6,242.5,1.15,24.2,2019-12-07 09:22:00,52.99868299999999,4.356833,18.49,14.0,0.51,63.6
14.18,10.4,37.0,12.34,248.6,1.15,24.1,2019-12-07 09:23:00,53.002217,4.359817,18.49,14.0,0.51,63.7
14.08,10.4,38.0,13.5,252.0,1.15,23.7,2019-12-07 09:24:00,53.005617,4.362733,18.49,14.0,0.51,64.1
14.07,10.4,33.33,9.4,246.6,1.15,23.4,2019-12-07 09:25:00,53.00916700000001,4.365633,18.49,14.0,0.51,64.4
13.97,10.4,37.0,12.9,243.8,1.15,23.0,2019-12-07 09:26:00,53.01265,4.368483,18.49,13.9,0.51,64.8
13.79,10.4,32.76,9.6,236.4,1.15,23.0,2019-12-07 09:27:00,53.01606700000001,4.371283,18.49,13.9,0.51,64.8
13.84,10.4,37.0,13.34,244.3,1.15,22.5,2019-12-07 09:28:00,53.019583,4.374167,18.49,13.9,0.51,65.3
13.9,10.4,38.0,12.1,245.6,1.15,23.1,2019-12-07 09:29:00,53.023033,4.376883,18.49,13.9,0.51,64.69999999999999
14.01,10.4,33.33,9.6,236.7,1.15,23.6,2019-12-07 09:30:00,53.026617,4.379783,18.49,14.0,0.51,64.19999999999999
13.97,10.4,32.76,11.74,219.5,1.15,23.0,2019-12-07 09:31:00,53.03,4.382633,18.49,13.9,0.51,64.8
13.99,10.4,37.0,13.1,256.1,1.15,22.4,2019-12-07 09:32:00,53.033467,4.3854169999999995,18.49,13.9,0.51,65.4
13.95,10.4,38.0,12.84,286.9000000000001,1.15,22.7,2019-12-07 09:33:00,53.03705,4.38825,18.49,14.0,0.51,65.1
14.04,10.4,38.0,13.29,247.5,1.15,23.0,2019-12-07 09:34:00,53.040482999999995,4.391,18.49,14.0,0.51,64.8
14.06,10.4,38.0,13.6,241.2,1.15,24.5,2019-12-07 09:35:00,53.04405,4.393867,18.49,14.1,0.51,63.3
14.12,10.4,33.33,11.24,247.9,1.15,26.0,2019-12-07 09:36:00,53.04745,4.396883,18.49,14.2,0.51,61.8
14.17,10.4,37.0,13.0,237.7,1.15,25.5,2019-12-07 09:37:00,53.0509,4.400067,18.49,14.1,0.51,62.3
14.14,10.4,37.0,13.0,245.3,1.15,24.9,2019-12-07 09:38:00,53.05435,4.403183,18.49,14.1,0.51,62.9
14.14,10.4,33.33,9.3,245.3,1.15,24.9,2019-12-07 09:38:54,53.05435,4.403183,18.49,14.1,0.51,62.9
14.17,10.4,38.0,13.29,246.6,1.15,24.5,2019-12-07 09:39:00,53.05781700000001,4.406217,18.49,14.1,0.51,63.3
14.16,10.4,38.0,13.4,245.6,1.15,24.8,2019-12-07 09:40:00,53.06135,4.409283,18.49,14.1,0.51,63.0
14.22,10.4,33.33,9.1,240.1,1.15,25.5,2019-12-07 09:41:00,53.064767,4.41225,18.49,14.1,0.51,62.3
14.2,10.4,38.0,13.34,230.6,1.15,25.0,2019-12-07 09:42:00,53.0682,4.41545,18.49,14.1,0.51,62.8
14.05,10.4,33.33,9.2,243.3,1.15,24.8,2019-12-07 09:43:00,53.07165,4.418417,18.49,14.0,0.51,63.0
14.11,10.4,39.0,13.5,246.90000000000003,1.15,24.7,2019-12-07 09:44:00,53.075083,4.421483,18.49,14.0,0.51,63.1
14.11,10.4,37.0,12.74,242.5,1.15,25.3,2019-12-07 09:45:00,53.07855,4.42445,18.49,14.0,0.51,62.5
14.03,10.4,38.0,12.84,243.2,1.15,25.1,2019-12-07 09:46:00,53.081982999999994,4.42745,18.49,14.0,0.51,62.7
14.04,10.4,32.36,9.0,241.6,1.15,26.0,2019-12-07 09:47:00,53.08541700000001,4.430583,18.49,14.1,0.51,61.8
14.05,10.4,37.0,13.54,244.00000000000003,1.15,25.1,2019-12-07 09:48:00,53.08885,4.4337,18.49,14.1,0.51,62.7
14.15,10.4,38.0,13.04,238.1,1.15,24.7,2019-12-07 09:49:00,53.09235,4.436683,18.49,14.1,0.51,63.1
14.24,10.4,38.0,12.74,233.8,1.15,24.7,2019-12-07 09:50:00,53.095817000000004,4.4396330000000015,18.49,14.1,0.51,63.1
14.11,10.4,33.33,9.7,239.1,1.15,24.5,2019-12-07 09:51:00,53.0993,4.442717,18.49,14.1,0.51,63.3
14.03,10.4,33.33,9.5,235.2,1.15,24.3,2019-12-07 09:52:00,53.10276700000001,4.4457330000000015,18.49,14.1,0.51,63.5
13.99,10.4,32.76,11.84,250.0,1.15,24.5,2019-12-07 09:53:00,53.10625,4.448733,18.49,14.1,0.51,63.3
14.06,10.4,39.0,12.7,255.9,1.15,25.5,2019-12-07 09:54:00,53.10976700000001,4.451767,18.49,14.2,0.51,62.3
14.17,10.4,38.0,12.9,229.7,1.15,26.1,2019-12-07 09:55:00,53.11326700000001,4.4549330000000005,18.49,14.3,0.51,61.7
14.2,10.4,38.0,12.9,249.4,1.15,25.6,2019-12-07 09:56:00,53.116767,4.458117,18.49,14.3,0.51,62.2
14.24,10.4,38.0,13.2,239.8,1.15,25.2,2019-12-07 09:57:00,53.12025,4.4612,18.49,14.3,0.51,62.6
14.1,10.4,38.0,13.7,243.7,1.15,24.7,2019-12-07 09:58:00,53.123732999999994,4.464316999999999,18.49,14.2,0.51,63.1
14.16,10.4,37.0,13.54,245.3,1.15,24.8,2019-12-07 09:59:00,53.12725,4.4673,18.49,14.3,0.51,63.0
14.21,10.4,39.0,13.14,241.4,1.15,26.3,2019-12-07 10:00:00,53.130782999999994,4.47035,18.49,14.4,0.51,61.5
14.28,10.4,38.0,9.4,235.50000000000003,1.15,26.6,2019-12-07 10:01:00,53.134282999999996,4.473633,18.49,14.4,0.51,61.2
14.35,10.4,38.0,13.34,241.9,1.15,26.1,2019-12-07 10:02:00,53.137783,4.4768669999999995,18.49,14.4,0.51,61.7
14.41,10.4,37.0,9.2,239.6,1.15,25.9,2019-12-07 10:03:00,53.141267000000006,4.4800830000000005,18.49,14.4,0.51,61.9
14.24,10.4,38.0,12.7,248.8,1.15,25.7,2019-12-07 10:04:00,53.144783,4.48325,18.49,14.4,0.51,62.1
14.26,10.4,38.0,13.0,238.5,1.15,26.3,2019-12-07 10:05:00,53.1483,4.486416999999999,18.49,14.4,0.51,61.5
14.32,10.4,38.0,13.14,256.2,1.15,26.6,2019-12-07 10:06:00,53.151832999999996,4.4896,18.49,14.4,0.51,61.2
14.29,10.4,38.0,13.0,227.7,1.15,27.1,2019-12-07 10:07:00,53.155317000000004,4.4929,18.49,14.5,0.51,60.7
14.22,10.4,33.33,11.54,253.4,1.15,26.3,2019-12-07 10:08:00,53.158817000000006,4.4962,18.49,14.5,0.51,61.5
14.22,10.4,33.33,11.54,253.4,1.15,26.3,2019-12-07 10:08:01,53.158817000000006,4.4962,18.49,14.5,0.51,61.5
14.3,10.4,37.0,13.44,245.3,1.15,25.8,2019-12-07 10:09:00,53.1623,4.499433,18.49,14.5,0.51,62.0
14.18,10.4,33.33,11.3,265.2,1.05,25.6,2019-12-07 10:10:00,53.165833,4.502567,16.5,14.4,0.51,62.2
14.26,10.4,38.0,8.6,244.5,1.05,26.0,2019-12-07 10:11:00,53.169367,4.50575,16.5,14.5,0.51,61.8
14.33,10.4,38.0,8.9,242.50000000000003,1.05,26.6,2019-12-07 10:12:00,53.172883,4.508933,16.5,14.4,0.51,61.2
14.32,10.4,38.0,7.5,227.5,1.05,25.7,2019-12-07 10:13:00,53.1764,4.51215,16.5,14.4,0.51,62.1
14.29,10.4,37.0,11.6,241.2,1.05,26.1,2019-12-07 10:14:00,53.179917,4.515333,16.5,14.4,0.51,61.7
14.2,10.4,33.33,11.45,259.79999999999995,1.05,26.6,2019-12-07 10:15:00,53.183383,4.51855,16.5,14.3,0.51,61.2
14.19,10.4,33.33,11.7,237.2,1.05,25.6,2019-12-07 10:16:00,53.18686700000001,4.521783,16.5,14.3,0.51,62.2
14.22,10.4,33.33,9.5,239.6,1.05,25.5,2019-12-07 10:17:00,53.190367,4.524916999999999,16.5,14.3,0.51,62.3
14.19,10.4,33.33,11.4,254.5,1.05,25.5,2019-12-07 10:18:00,53.19388299999999,4.5280830000000005,16.5,14.3,0.51,62.3
14.28,10.4,38.0,8.2,231.5,1.05,25.8,2019-12-07 10:19:00,53.197382999999995,4.53125,16.5,14.3,0.51,62.0
14.32,10.4,38.0,7.3,257.1,1.05,26.3,2019-12-07 10:20:00,53.200867,4.5344,16.5,14.4,0.51,61.5
14.41,10.4,38.0,7.7,243.00000000000003,1.05,26.6,2019-12-07 10:21:00,53.20436700000001,4.53765,16.5,14.4,0.51,61.2
14.29,10.4,38.0,7.9,249.7,1.05,26.1,2019-12-07 10:22:00,53.20785,4.540883,16.5,14.3,0.51,61.7
14.22,10.4,32.36,7.5,242.2,1.05,26.3,2019-12-07 10:23:00,53.21135,4.5441,16.5,14.4,0.51,61.5
14.2,10.4,32.36,7.8,234.9,1.05,25.6,2019-12-07 10:24:00,53.21485,4.54735,16.5,14.3,0.51,62.2
14.2,10.4,33.33,10.7,244.7,1.05,25.6,2019-12-07 10:25:00,53.218332999999994,4.550483,16.5,14.3,0.51,62.2
14.19,10.4,33.33,11.5,249.50000000000003,1.05,26.6,2019-12-07 10:26:00,53.22185,4.55365,16.5,14.5,0.51,61.2
14.28,10.4,38.0,11.65,252.3,1.05,25.8,2019-12-07 10:27:00,53.225382999999994,4.5569999999999995,16.5,14.5,0.51,62.0
14.21,10.4,32.36,7.3,259.7,1.05,25.5,2019-12-07 10:28:00,53.2289,4.560167,16.5,14.5,0.51,62.3
14.3,10.4,38.0,7.7,249.6,1.05,26.1,2019-12-07 10:29:00,53.23246700000001,4.563317,16.5,14.5,0.51,61.7
14.31,10.4,39.0,8.8,231.3,1.05,26.8,2019-12-07 10:30:00,53.235983,4.5666,16.5,14.6,0.51,61.0
14.31,10.4,39.0,8.8,231.3,1.05,26.8,2019-12-07 10:30:28,53.235983,4.5666,16.5,14.6,0.51,61.0
14.39,10.4,37.0,14.01,245.9,0.72,25.5,2019-12-07 10:31:00,53.2395,4.569917,19.12,14.5,0.03,19.5
14.33,10.4,37.0,13.91,236.1,0.72,25.8,2019-12-07 10:32:00,53.243017,4.573133,19.12,14.5,0.03,19.2
14.31,10.4,38.0,12.96,241.6,0.72,26.2,2019-12-07 10:33:00,53.24653299999999,4.576383,19.12,14.5,0.03,18.8
14.3,10.4,37.0,13.71,239.5,0.72,25.5,2019-12-07 10:34:00,53.250032999999995,4.57965,19.12,14.4,0.03,19.5
14.21,10.4,38.0,12.71,241.8,0.72,25.9,2019-12-07 10:35:00,53.2536,4.582883,19.12,14.5,0.03,19.1
14.24,10.4,38.0,13.76,228.4,0.72,26.0,2019-12-07 10:36:00,53.257082999999994,4.586133,19.12,14.5,0.03,19.0
14.24,10.4,38.0,13.01,257.7,0.72,26.5,2019-12-07 10:37:00,53.2606,4.589383,19.12,14.5,0.03,18.5
14.33,10.4,38.0,13.56,240.1,0.72,25.8,2019-12-07 10:38:00,53.26408299999999,4.5927169999999995,19.12,14.5,0.03,19.2
14.28,10.4,37.0,12.96,248.8,0.72,25.4,2019-12-07 10:39:00,53.2676,4.595967,19.12,14.4,0.03,19.6
14.31,10.4,37.0,13.66,236.7,0.72,25.6,2019-12-07 10:40:00,53.271117000000004,4.59915,19.12,14.4,0.03,19.4
14.23,10.4,39.0,13.26,252.4,0.72,26.4,2019-12-07 10:41:00,53.274667,4.602333,19.12,14.4,0.03,18.6
14.33,10.4,38.0,13.91,239.0,0.72,26.4,2019-12-07 10:42:00,53.278167,4.605633,19.12,14.5,0.03,18.6
14.3,10.4,37.0,12.41,263.3,0.72,26.5,2019-12-07 10:43:00,53.28165,4.60895,19.12,14.5,0.03,18.5
14.31,10.4,38.0,13.11,258.2,0.72,26.1,2019-12-07 10:44:00,53.285167,4.612217,19.12,14.5,0.03,18.9
14.21,10.4,38.0,13.56,235.7,0.72,25.9,2019-12-07 10:45:00,53.288683,4.615417,19.12,14.5,0.03,19.1
14.15,10.4,37.0,13.51,250.8,0.72,25.6,2019-12-07 10:46:00,53.292167000000006,4.6187,19.12,14.4,0.03,19.4
14.15,10.4,38.0,13.51,238.5,0.72,25.4,2019-12-07 10:47:00,53.295683,4.621933,19.12,14.5,0.03,19.6
14.17,10.4,38.0,13.76,243.0,0.72,25.8,2019-12-07 10:48:00,53.29921700000001,4.6251,19.12,14.5,0.03,19.2
14.22,10.4,38.0,13.51,239.4,0.72,26.6,2019-12-07 10:49:00,53.302767,4.628383,19.12,14.5,0.03,18.4
14.2,10.4,33.33,9.8,237.2,0.72,26.0,2019-12-07 10:50:00,53.30625,4.631783,19.12,14.6,0.03,19.0
14.2,10.4,33.33,9.7,238.4,0.72,25.6,2019-12-07 10:51:00,53.309782999999996,4.635033,19.12,14.5,0.03,19.4
14.21,10.4,39.0,13.61,241.0,0.72,25.9,2019-12-07 10:52:00,53.3133,4.638283,19.12,14.5,0.03,19.1
14.17,10.4,38.0,13.51,259.9,0.72,26.0,2019-12-07 10:53:00,53.3168,4.641583,19.12,14.5,0.03,19.0
14.2,10.4,38.0,14.06,192.5,0.72,26.6,2019-12-07 10:54:00,53.320317,4.644883,19.12,14.5,0.03,18.4
14.26,10.4,38.0,13.91,239.3,0.72,26.1,2019-12-07 10:55:00,53.32385,4.648217,19.12,14.5,0.03,18.9
14.08,10.4,37.0,14.16,233.9,0.72,25.4,2019-12-07 10:56:00,53.32735,4.6515,19.12,14.5,0.03,19.6
14.12,10.4,39.0,13.76,247.2,0.72,26.1,2019-12-07 10:57:00,53.3309,4.654717,19.12,14.5,0.03,18.9
14.26,10.4,38.0,14.16,242.9,0.72,26.4,2019-12-07 10:58:00,53.334417,4.6580330000000005,19.12,14.6,0.03,18.6
14.19,10.4,38.0,13.81,251.4,0.72,25.8,2019-12-07 10:59:00,53.33793299999999,4.661383,19.12,14.5,0.03,19.2
14.19,10.4,39.0,12.91,227.8,0.72,25.8,2019-12-07 11:00:00,53.341467,4.664617,19.12,14.6,0.03,19.2
14.22,10.4,39.0,13.91,241.4,0.72,26.5,2019-12-07 11:01:00,53.345032999999994,4.667883,19.12,14.7,0.03,18.5
14.27,10.4,38.0,13.21,250.0,0.72,26.3,2019-12-07 11:02:00,53.348567,4.671266999999999,19.12,14.7,0.03,18.7
14.35,10.4,38.0,12.76,252.8,0.72,26.2,2019-12-07 11:03:00,53.352132999999995,4.67455,19.12,14.7,0.03,18.8
14.34,10.4,38.0,13.51,235.2,0.72,26.2,2019-12-07 11:04:00,53.35571700000001,4.67785,19.12,14.7,0.03,18.8
14.38,10.4,39.0,13.61,234.1,0.72,26.3,2019-12-07 11:05:00,53.359283,4.681183,19.12,14.7,0.03,18.7
14.41,10.4,37.0,13.46,233.3,0.72,26.1,2019-12-07 11:06:00,53.36285,4.6845669999999995,19.12,14.7,0.03,18.9
14.23,10.4,38.0,13.31,236.50000000000003,0.72,25.6,2019-12-07 11:07:00,53.3664,4.687917,19.12,14.6,0.03,19.4
14.22,10.4,37.0,13.71,245.00000000000003,0.72,24.6,2019-12-07 11:08:00,53.369967,4.691117,19.12,14.6,0.03,20.4
14.21,10.4,39.0,13.11,217.9,0.72,26.1,2019-12-07 11:09:00,53.37355,4.694267,19.12,14.6,0.03,18.9
14.32,10.4,39.0,13.21,242.5,0.72,27.2,2019-12-07 11:10:00,53.37713299999999,4.6976,19.12,14.7,0.03,17.8
14.32,10.4,39.0,13.21,242.5,0.72,27.2,2019-12-07 11:10:29,53.37713299999999,4.6976,19.12,14.7,0.03,17.8
14.3,10.4,38.0,12.81,238.0,0.72,26.5,2019-12-07 11:11:00,53.380683,4.7009669999999995,19.12,14.7,0.03,18.5
14.41,10.4,38.0,13.46,241.3,0.72,26.2,2019-12-07 11:12:00,53.384267,4.704333,19.12,14.7,0.03,18.8
14.32,10.4,37.0,13.56,241.3,0.72,25.5,2019-12-07 11:13:00,53.38783299999999,4.70765,19.12,14.7,0.03,19.5
14.42,10.4,38.0,13.26,244.7,0.72,25.8,2019-12-07 11:14:00,53.391417000000004,4.7109,19.12,14.7,0.03,19.2
14.25,10.4,38.0,13.76,241.7,0.72,25.7,2019-12-07 11:15:00,53.394967,4.714167,19.12,14.6,0.03,19.3
14.22,10.4,38.0,13.71,251.5,0.72,25.7,2019-12-07 11:16:00,53.39853299999999,4.717467,19.12,14.7,0.03,19.3
14.26,10.4,39.0,13.66,241.8,0.72,29.4,2019-12-07 11:17:00,53.402117000000004,4.720733,19.12,14.8,0.03,15.6
14.39,10.4,37.29,13.41,241.0,0.72,35.7,2019-12-07 11:18:00,53.40556700000001,4.724517,19.12,14.9,0.03,9.299999999999997
14.51,10.4,40.0,12.61,184.5,0.72,43.7,2019-12-07 11:19:00,53.408817000000006,4.728867,19.12,15.0,0.03,1.2999999999999972
14.64,10.4,40.0,13.46,184.0,0.72,48.2,2019-12-07 11:20:00,53.411683,4.733933,19.12,15.0,0.03,356.8
14.72,10.4,38.0,12.06,202.2,0.72,54.1,2019-12-07 11:21:00,53.41436700000001,4.739333,19.12,15.1,0.03,350.9
14.84,10.4,40.0,11.36,150.89999999999995,0.72,65.2,2019-12-07 11:22:00,53.41665,4.745267,19.12,15.1,0.03,339.8
14.72,10.4,40.0,11.21,151.89999999999995,0.72,67.8,2019-12-07 11:23:00,53.418282999999995,4.7517,19.12,15.0,0.03,337.2
14.61,10.4,38.0,10.61,205.6,0.72,65.3,2019-12-07 11:24:00,53.41985,4.75815,19.12,14.9,0.03,339.7
14.81,10.4,36.0,10.76,167.0,0.72,64.5,2019-12-07 11:25:00,53.421567,4.764533,19.12,15.1,0.03,340.5
14.76,10.4,38.0,10.21,161.3,0.72,64.7,2019-12-07 11:26:00,53.4233,4.770917,19.12,15.0,0.03,340.3
14.69,10.4,37.0,10.86,196.2,0.72,64.4,2019-12-07 11:27:00,53.42506700000001,4.777267,19.12,15.0,0.03,340.6
14.79,10.4,37.0,11.36,184.2,0.72,64.0,2019-12-07 11:28:00,53.42685,4.78365,19.12,15.1,0.03,341.0
14.85,10.4,38.0,10.46,151.3,0.72,64.0,2019-12-07 11:29:00,53.42865,4.79,19.12,15.1,0.03,341.0
14.91,10.4,37.0,10.51,206.7,0.72,63.9,2019-12-07 11:30:00,53.43045,4.7963830000000005,19.12,15.1,0.03,341.1
14.82,10.4,38.0,10.46,173.0,0.72,63.9,2019-12-07 11:31:00,53.43225,4.802767,19.12,15.1,0.03,341.1
14.89,10.4,37.0,10.26,216.0,0.72,63.3,2019-12-07 11:32:00,53.43406700000001,4.809117,19.12,15.1,0.03,341.7
14.89,10.4,37.0,10.26,216.0,0.72,63.3,2019-12-07 11:32:17,53.43406700000001,4.809117,19.12,15.1,0.03,341.7
14.88,10.4,37.0,12.61,185.2,0.72,63.1,2019-12-07 11:33:00,53.435917,4.8155,19.12,15.2,0.03,341.9
14.9,10.4,37.0,10.76,195.40000000000003,0.72,63.2,2019-12-07 11:34:00,53.437782999999996,4.8219,19.12,15.2,0.03,341.8
14.86,10.4,38.0,10.46,253.2,0.72,63.1,2019-12-07 11:35:00,53.43963299999999,4.828233,19.12,15.1,0.03,341.9
14.85,10.4,37.0,10.31,154.5,0.72,64.4,2019-12-07 11:36:00,53.4415,4.834517,19.12,15.2,0.03,340.6
14.98,10.4,38.0,10.36,140.89999999999995,0.72,67.7,2019-12-07 11:37:00,53.443233,4.8409830000000005,19.12,15.2,0.03,337.3
14.91,10.4,38.0,9.66,148.7,0.72,68.7,2019-12-07 11:38:00,53.4448,4.84755,19.12,15.2,0.03,336.3
14.92,10.4,37.0,10.71,132.79999999999998,0.72,69.9,2019-12-07 11:39:00,53.44631700000001,4.854183,19.12,15.3,0.03,335.1
14.95,10.4,38.0,10.41,193.7,0.72,69.7,2019-12-07 11:40:00,53.447767000000006,4.86085,19.12,15.2,0.03,335.3
14.86,10.4,37.0,10.26,240.3,0.72,69.4,2019-12-07 11:41:00,53.449217000000004,4.8675,19.12,15.2,0.03,335.6
14.93,10.4,37.0,9.76,40.89999999999999,0.72,69.2,2019-12-07 11:42:00,53.450717000000004,4.874167,19.12,15.2,0.03,335.8
14.86,10.4,37.0,10.21,340.9,0.72,70.3,2019-12-07 11:43:00,53.45221700000001,4.8808169999999995,19.12,15.3,0.03,334.7
14.91,10.4,38.0,9.86,44.8,0.72,71.9,2019-12-07 11:44:00,53.453582999999995,4.887567,19.12,15.3,0.03,333.1
14.88,10.4,38.0,11.31,176.8,0.72,71.2,2019-12-07 11:45:00,53.454917,4.8943330000000005,19.12,15.3,0.03,333.8
14.96,10.4,37.0,9.86,144.5,0.72,71.4,2019-12-07 11:46:00,53.456283,4.901117,19.12,15.3,0.03,333.6
14.95,10.4,37.0,10.06,125.3,0.72,71.5,2019-12-07 11:47:00,53.457617000000006,4.9079,19.12,15.3,0.03,333.5
14.97,10.4,37.0,14.34,168.3,0.72,71.5,2019-12-07 11:48:00,53.458967,4.9147,19.12,15.3,0.03,333.5
14.97,10.4,37.0,10.21,230.00000000000003,0.72,71.1,2019-12-07 11:49:00,53.4603,4.921467,19.12,15.3,0.03,333.9
15.0,10.4,37.0,10.81,160.4,0.72,72.0,2019-12-07 11:50:00,53.461633,4.928217,19.12,15.3,0.03,333.0
14.9,10.4,37.0,9.71,25.699999999999992,0.72,71.9,2019-12-07 11:51:00,53.46293299999999,4.935,19.12,15.3,0.03,333.1
14.94,10.4,37.0,9.71,1.1000000000000083,0.72,71.8,2019-12-07 11:52:00,53.46423299999999,4.941783,19.12,15.2,0.03,333.2
14.84,10.4,38.0,9.91,275.7,0.72,71.8,2019-12-07 11:53:00,53.46556700000001,4.94855,19.12,15.3,0.03,333.2
14.89,10.4,37.0,10.21,90.3,0.72,71.8,2019-12-07 11:54:00,53.46686700000001,4.955317,19.12,15.3,0.03,333.2
14.91,10.4,37.0,10.41,132.0,0.72,71.8,2019-12-07 11:55:00,53.468182999999996,4.962083,19.12,15.3,0.03,333.2
14.89,10.4,37.0,10.51,178.3,0.72,72.6,2019-12-07 11:56:00,53.469517,4.9688669999999995,19.12,15.3,0.03,332.4
14.82,10.4,38.0,10.16,251.1,0.72,72.3,2019-12-07 11:57:00,53.470767,4.9757,19.12,15.3,0.03,332.7
14.84,10.4,37.0,10.61,286.7000000000001,0.72,72.4,2019-12-07 11:58:00,53.472067,4.982517,19.12,15.3,0.03,332.6
14.83,10.4,38.0,9.91,249.3,0.72,72.5,2019-12-07 11:59:00,53.473333,4.989383,19.12,15.4,0.03,332.5
15.09,10.4,38.0,9.76,188.8,0.72,72.1,2019-12-07 12:00:00,53.4746,4.996233,19.12,15.4,0.03,332.9
15.14,10.4,37.0,9.96,247.1,0.72,71.8,2019-12-07 12:01:00,53.475882999999996,5.00305,19.12,15.4,0.03,333.2
15.02,10.4,38.0,10.26,91.2,0.72,71.9,2019-12-07 12:02:00,53.4772,5.009883,19.12,15.4,0.03,333.1
14.99,10.4,37.0,10.16,220.0,0.72,71.5,2019-12-07 12:03:00,53.47845,5.016717,19.12,15.4,0.03,333.5
15.07,10.4,37.0,10.76,143.5,0.72,71.7,2019-12-07 12:04:00,53.479783,5.023567,19.12,15.5,0.03,333.3
15.11,10.4,38.0,9.81,16.60000000000001,0.72,72.3,2019-12-07 12:05:00,53.481083,5.0305,19.12,15.5,0.03,332.7
15.18,10.4,38.0,10.06,305.6,0.72,72.6,2019-12-07 12:06:00,53.482333,5.037433,19.12,15.5,0.03,332.4
15.06,10.4,37.0,10.06,137.39999999999998,0.72,72.2,2019-12-07 12:07:00,53.48355,5.044383,19.12,15.5,0.03,332.8
15.05,10.4,38.0,9.81,101.2,0.72,71.9,2019-12-07 12:08:00,53.48481700000001,5.0513330000000005,19.12,15.5,0.03,333.1
15.01,10.4,37.0,10.31,148.7,0.72,71.5,2019-12-07 12:09:00,53.48611700000001,5.058267,19.12,15.5,0.03,333.5
15.01,10.4,37.0,10.41,182.7,0.72,71.7,2019-12-07 12:10:00,53.4874,5.065133,19.12,15.5,0.03,333.3
14.96,10.4,38.0,10.31,151.39999999999995,0.72,71.8,2019-12-07 12:11:00,53.4887,5.07205,19.12,15.5,0.03,333.2
14.96,10.4,38.0,10.31,151.39999999999995,0.72,71.8,2019-12-07 12:11:39,53.4887,5.07205,19.12,15.5,0.03,333.2
15.06,10.4,37.0,10.26,147.7,0.72,72.2,2019-12-07 12:12:00,53.490033,5.0790169999999994,19.12,15.5,0.03,332.8
15.02,10.4,38.0,10.11,156.1,0.72,72.1,2019-12-07 12:13:00,53.491232999999994,5.08595,19.12,15.5,0.03,332.9
15.09,10.4,38.0,9.81,23.699999999999992,0.72,71.4,2019-12-07 12:14:00,53.49248299999999,5.0928330000000015,19.12,15.5,0.03,333.6
15.07,10.4,36.0,9.91,205.2,0.72,71.3,2019-12-07 12:15:00,53.49378299999999,5.099717,19.12,15.5,0.03,333.7
15.02,10.4,37.0,10.41,149.6,0.72,71.5,2019-12-07 12:16:00,53.4951,5.106533,19.12,15.4,0.03,333.5
15.02,10.4,38.0,9.81,58.5,0.72,72.6,2019-12-07 12:17:00,53.496382999999994,5.113417,19.12,15.5,0.03,332.4
15.05,10.4,37.0,10.61,153.4,0.72,72.4,2019-12-07 12:18:00,53.4976,5.1203330000000005,19.12,15.4,0.03,332.6
14.93,10.4,38.0,10.41,209.0,0.72,72.3,2019-12-07 12:19:00,53.498867000000004,5.1272,19.12,15.4,0.03,332.7
14.86,10.4,37.0,15.0,329.5,1.26,72.1,2019-12-07 12:20:00,53.50018299999999,5.134083,19.8,15.5,0.03,332.9
14.85,10.4,38.0,10.7,189.4,1.26,72.4,2019-12-07 12:21:00,53.50146700000001,5.140967,19.8,15.5,0.03,332.6
14.89,10.4,38.0,11.25,272.5,1.26,72.7,2019-12-07 12:22:00,53.50281700000001,5.14785,19.8,15.5,0.03,332.3
14.89,10.4,38.0,11.25,272.5,1.26,72.7,2019-12-07 12:22:43,53.50281700000001,5.14785,19.8,15.5,0.03,332.3
14.97,10.4,37.0,10.55,195.50000000000003,1.26,72.6,2019-12-07 12:23:00,53.50405,5.154767,19.8,15.5,0.03,332.4
14.93,10.4,38.0,14.95,358.2,1.26,71.9,2019-12-07 12:24:00,53.50535,5.16165,19.8,15.5,0.03,333.1
14.94,10.4,38.0,15.05,309.8,1.26,72.3,2019-12-07 12:25:00,53.50665,5.168517,19.8,15.5,0.03,332.7
15.16,10.4,37.0,11.15,160.4,1.26,72.5,2019-12-07 12:26:00,53.507932999999994,5.17545,19.8,15.5,0.03,332.5
14.97,10.4,38.0,14.925,224.5,1.26,71.5,2019-12-07 12:27:00,53.50916700000001,5.18235,19.8,15.4,0.03,333.5
14.97,10.4,38.0,14.975,344.4,1.26,71.0,2019-12-07 12:28:00,53.51046700000001,5.189217,19.8,15.5,0.03,334.0
14.85,10.4,38.0,15.025,145.1,1.26,70.6,2019-12-07 12:29:00,53.51181700000001,5.19605,19.8,15.5,0.03,334.4
14.85,10.4,38.0,11.1,187.4,1.26,70.4,2019-12-07 12:30:00,53.5132,5.202933,19.8,15.5,0.03,334.6
14.92,10.4,39.0,15.025,255.5,1.26,69.8,2019-12-07 12:31:00,53.514582999999995,5.2098,19.8,15.5,0.03,335.2
14.88,10.4,38.0,15.025,274.6,1.26,71.2,2019-12-07 12:32:00,53.515983,5.21665,19.8,15.5,0.03,333.8
14.83,10.4,39.0,11.85,179.0,1.26,71.4,2019-12-07 12:33:00,53.5173,5.223567,19.8,15.5,0.03,333.6
14.94,10.4,39.0,14.925,251.6,1.26,70.6,2019-12-07 12:34:00,53.5186,5.230483,19.8,15.5,0.03,334.4
14.87,10.4,38.0,11.1,79.80000000000003,1.26,70.6,2019-12-07 12:35:00,53.519967,5.237367,19.8,15.5,0.03,334.4
14.97,10.4,40.0,10.6,312.3,1.26,71.1,2019-12-07 12:36:00,53.5213,5.244283,19.8,15.6,0.03,333.9
14.88,10.4,39.0,10.45,113.1,1.26,70.6,2019-12-07 12:37:00,53.522617000000004,5.2512,19.8,15.6,0.03,334.4
14.92,10.4,39.0,10.7,206.4,1.26,70.4,2019-12-07 12:38:00,53.523967000000006,5.2581,19.8,15.5,0.03,334.6
14.89,10.4,39.0,10.75,313.8,1.26,70.6,2019-12-07 12:39:00,53.52535,5.264983,19.8,15.5,0.03,334.4
14.85,10.4,39.0,14.925,62.80000000000001,1.26,70.6,2019-12-07 12:40:00,53.526633,5.2719,19.8,15.5,0.03,334.4
14.92,10.4,39.0,11.15,126.5,1.26,71.1,2019-12-07 12:41:00,53.527967000000004,5.278817,19.8,15.6,0.03,333.9
14.86,10.4,40.0,14.95,238.9,1.26,70.8,2019-12-07 12:42:00,53.529233,5.285783,19.8,15.6,0.03,334.2
14.92,10.4,38.0,12.15,170.4,1.26,70.5,2019-12-07 12:43:00,53.5306,5.292667,19.8,15.6,0.03,334.5
14.9,10.4,39.0,10.7,23.60000000000001,1.26,71.3,2019-12-07 12:44:00,53.531967,5.299583,19.8,15.6,0.03,333.7
14.92,10.4,40.0,10.75,270.5,1.26,71.1,2019-12-07 12:45:00,53.53325,5.306567,19.8,15.6,0.03,333.9
14.89,10.4,39.0,14.925,19.099999999999994,1.26,71.2,2019-12-07 12:46:00,53.53455,5.313517,19.8,15.6,0.03,333.8
14.94,10.4,40.0,10.75,109.8,1.26,71.5,2019-12-07 12:47:00,53.535883,5.320467,19.8,15.7,0.03,333.5
14.99,10.4,39.0,10.85,166.5,1.26,70.9,2019-12-07 12:48:00,53.537183,5.32745,19.8,15.7,0.03,334.1
14.95,10.4,39.0,10.5,139.0,1.26,71.0,2019-12-07 12:49:00,53.5385,5.334433,19.8,15.7,0.03,334.0
14.92,10.4,40.0,11.1,148.89999999999995,1.26,71.3,2019-12-07 12:50:00,53.539817000000006,5.3414,19.8,15.7,0.03,333.7
14.89,10.4,39.0,10.4,247.7,1.26,70.5,2019-12-07 12:51:00,53.54111700000001,5.348383,19.8,15.7,0.03,334.5
14.91,10.4,40.0,14.975,102.1,1.26,71.0,2019-12-07 12:52:00,53.542483,5.355333,19.8,15.7,0.03,334.0
14.84,10.4,39.0,14.975,125.0,1.26,71.1,2019-12-07 12:53:00,53.543783,5.362317,19.8,15.7,0.03,333.9
14.87,10.4,40.0,10.6,143.3,1.26,71.0,2019-12-07 12:54:00,53.54511700000001,5.3693,19.8,15.7,0.03,334.0
14.91,10.4,40.0,11.95,176.5,1.26,70.9,2019-12-07 12:55:00,53.54645,5.376283,19.8,15.7,0.03,334.1
14.87,10.4,40.0,10.65,182.5,1.26,70.7,2019-12-07 12:56:00,53.54776700000001,5.38325,19.8,15.6,0.03,334.3
14.95,10.4,40.0,10.6,101.9,1.26,71.0,2019-12-07 12:57:00,53.5491,5.39025,19.8,15.8,0.03,334.0
14.87,10.4,39.0,11.45,167.5,1.26,71.2,2019-12-07 12:58:00,53.550433,5.397267,19.8,15.8,0.03,333.8
14.89,10.4,40.0,11.0,162.3,1.26,71.2,2019-12-07 12:59:00,53.551733,5.404283,19.8,15.7,0.03,333.8
14.98,10.4,39.0,11.0,198.5,1.26,71.0,2019-12-07 13:00:00,53.553017000000004,5.4113,19.8,15.7,0.03,334.0
14.98,10.4,40.0,10.7,127.8,1.26,70.6,2019-12-07 13:01:00,53.55433299999999,5.41835,19.8,15.8,0.03,334.4
15.01,10.4,40.0,11.1,160.0,1.26,70.7,2019-12-07 13:02:00,53.555717,5.425333,19.8,15.8,0.03,334.3
14.96,10.4,39.0,11.25,126.9,1.26,71.1,2019-12-07 13:03:00,53.557067,5.43235,19.8,15.8,0.03,333.9
15.03,10.4,40.0,10.4,188.1,1.26,71.2,2019-12-07 13:04:00,53.558333,5.4394,19.8,15.8,0.03,333.8
15.05,10.4,40.0,10.5,70.99999999999999,1.26,71.2,2019-12-07 13:05:00,53.55968299999999,5.446433,19.8,15.8,0.03,333.8
15.1,10.4,39.0,10.9,232.2,1.26,71.4,2019-12-07 13:06:00,53.56098299999999,5.453483,19.8,15.8,0.03,333.6
15.04,10.4,40.0,10.8,126.9,1.26,71.1,2019-12-07 13:07:00,53.5623,5.460533,19.8,15.8,0.03,333.9
15.08,10.4,38.0,15.05,123.8,1.26,71.2,2019-12-07 13:08:00,53.563632999999996,5.467567,19.8,15.8,0.03,333.8
15.08,10.4,39.0,10.85,139.8,1.26,70.7,2019-12-07 13:09:00,53.564967,5.474583,19.8,15.7,0.03,334.3
15.12,10.4,39.0,10.7,149.60000000000005,1.26,70.8,2019-12-07 13:10:00,53.56633299999999,5.481567,19.8,15.7,0.03,334.2
15.16,10.4,39.0,11.2,189.0,1.26,71.4,2019-12-07 13:11:00,53.567682999999995,5.48855,19.8,15.7,0.03,333.6
15.23,10.4,38.0,10.7,121.3,1.26,71.3,2019-12-07 13:12:00,53.568999999999996,5.495566999999999,19.8,15.7,0.03,333.7
15.15,10.4,38.0,12.0,174.7,1.41,70.5,2019-12-07 13:13:00,53.570333,5.5025330000000015,20.5,15.7,0.71,334.5
15.12,10.4,39.0,11.45,176.1,1.41,71.1,2019-12-07 13:14:00,53.57168299999999,5.509483,20.5,15.7,0.71,333.9
15.11,10.4,38.0,11.05,154.60000000000005,1.41,71.7,2019-12-07 13:15:00,53.573032999999995,5.516483,20.5,15.7,0.71,333.3
15.11,10.4,38.0,12.1,180.7,1.41,71.3,2019-12-07 13:16:00,53.57431700000001,5.523467,20.5,15.6,0.71,333.7
15.01,10.4,43.27,15.425,307.4,1.41,70.8,2019-12-07 13:17:00,53.575632999999996,5.530467,20.5,15.6,0.71,334.2
15.01,10.4,38.0,15.475,95.0,1.41,70.7,2019-12-07 13:18:00,53.57695,5.5374,20.5,15.6,0.71,334.3
15.0,10.4,38.0,15.475,96.6,1.41,71.1,2019-12-07 13:19:00,53.5783,5.54425,20.5,15.6,0.71,333.9
15.1,10.4,38.0,11.25,183.4,1.41,71.3,2019-12-07 13:20:00,53.5796,5.5512,20.5,15.6,0.71,333.7
15.04,10.4,43.27,15.525,108.4,1.41,71.4,2019-12-07 13:21:00,53.58091700000001,5.558117,20.5,15.5,0.71,333.6
15.1,10.4,43.27,15.65,302.0,1.41,70.9,2019-12-07 13:22:00,53.582133,5.5650330000000015,20.5,15.5,0.71,334.1
14.98,10.4,37.0,12.8,158.0,1.41,70.4,2019-12-07 13:23:00,53.58346700000001,5.571867,20.5,15.4,0.71,334.6
14.97,10.4,38.0,12.35,161.6,1.41,70.6,2019-12-07 13:24:00,53.584782999999995,5.5787330000000015,20.5,15.4,0.71,334.4
14.94,10.4,37.0,15.675,227.2,1.41,71.0,2019-12-07 13:25:00,53.58606700000001,5.58555,20.5,15.4,0.71,334.0
14.92,10.4,38.0,15.55,186.90000000000003,1.41,71.7,2019-12-07 13:26:00,53.58731700000001,5.5924,20.5,15.4,0.71,333.3
15.0,10.4,38.0,15.6,213.8,1.41,71.1,2019-12-07 13:27:00,53.5885,5.599317,20.5,15.4,0.71,333.9
15.06,10.4,43.27,15.425,6.400000000000006,1.41,70.5,2019-12-07 13:28:00,53.589783,5.6062,20.5,15.4,0.71,334.5
15.03,10.4,37.0,11.7,159.6,1.41,70.9,2019-12-07 13:29:00,53.59105,5.613067,20.5,15.5,0.71,334.1
15.09,10.4,38.0,11.05,116.4,1.41,71.5,2019-12-07 13:30:00,53.59226700000001,5.62,20.5,15.5,0.71,333.5
15.01,10.4,37.0,8.93,174.8,1.0,69.3,2019-12-07 13:31:00,53.5935,5.626967,15.55,15.5,0.51,18.5
14.89,10.4,37.0,9.43,177.5,1.0,68.3,2019-12-07 13:32:00,53.594882999999996,5.633783,15.55,15.4,0.51,19.5
14.86,10.4,37.0,9.52,197.4,1.0,69.0,2019-12-07 13:33:00,53.596317000000006,5.6405330000000005,15.55,15.4,0.51,18.8
14.86,10.4,38.0,9.22,163.29999999999995,1.0,69.4,2019-12-07 13:34:00,53.5977,5.647283,15.55,15.3,0.51,18.399999999999988
14.76,10.4,39.0,8.58,103.2,1.0,69.4,2019-12-07 13:35:00,53.5991,5.654033,15.55,15.3,0.51,18.399999999999988
14.77,10.4,38.0,10.02,186.8,1.0,69.0,2019-12-07 13:36:00,53.60045,5.660817,15.55,15.3,0.51,18.8
14.75,10.4,38.0,8.68,150.39999999999995,1.0,68.8,2019-12-07 13:37:00,53.60185,5.66755,15.55,15.3,0.51,19.0
14.73,10.4,39.0,8.33,200.3,1.0,68.7,2019-12-07 13:38:00,53.603283,5.6743,15.55,15.3,0.51,19.099999999999994
14.73,10.4,38.0,8.83,133.9,1.0,68.6,2019-12-07 13:39:00,53.60463299999999,5.6811,15.55,15.4,0.51,19.200000000000006
14.82,10.4,39.0,8.98,145.5,1.0,68.9,2019-12-07 13:40:00,53.60605,5.687917,15.55,15.4,0.51,18.899999999999988
14.81,10.4,38.0,8.38,167.0,1.0,69.3,2019-12-07 13:41:00,53.60745,5.694717,15.55,15.4,0.51,18.5
14.81,10.4,38.0,8.93,184.0,1.0,68.8,2019-12-07 13:42:00,53.60885,5.701567,15.55,15.4,0.51,19.0
14.9,10.4,38.0,8.18,24.8,1.0,67.9,2019-12-07 13:43:00,53.61025,5.708383,15.55,15.4,0.51,19.899999999999988
14.84,10.4,37.0,9.08,163.5,1.0,68.6,2019-12-07 13:44:00,53.6117,5.715167,15.55,15.4,0.51,19.200000000000006
14.86,10.4,39.0,8.78,150.70000000000005,1.0,69.6,2019-12-07 13:45:00,53.613117,5.72195,15.55,15.5,0.51,18.200000000000006
14.87,10.4,38.0,10.18,173.10000000000005,1.0,69.8,2019-12-07 13:46:00,53.61448299999999,5.7288,15.55,15.5,0.51,18.0
14.95,10.4,37.0,9.62,175.0,1.0,69.3,2019-12-07 13:47:00,53.615867,5.73565,15.55,15.5,0.51,18.5
14.91,10.4,38.0,8.28,131.7,1.0,69.0,2019-12-07 13:48:00,53.61725,5.742483,15.55,15.4,0.51,18.8
14.89,10.4,38.0,8.98,148.3,1.0,68.6,2019-12-07 13:49:00,53.61865,5.749333,15.55,15.5,0.51,19.200000000000006
14.95,10.4,37.0,8.52,130.2,1.0,68.2,2019-12-07 13:50:00,53.62006700000001,5.756133,15.55,15.5,0.51,19.599999999999994
14.84,10.4,38.0,9.68,167.79999999999995,1.0,67.9,2019-12-07 13:51:00,53.621517000000004,5.76295,15.55,15.5,0.51,19.899999999999988
14.9,10.4,38.0,8.88,144.7,1.0,67.7,2019-12-07 13:52:00,53.62300000000001,5.769717,15.55,15.5,0.51,20.099999999999994
14.98,10.4,38.0,8.52,160.4,1.0,68.5,2019-12-07 13:53:00,53.624517000000004,5.7765,15.55,15.5,0.51,19.3
14.89,10.4,38.0,7.93,89.50000000000001,1.0,68.3,2019-12-07 13:54:00,53.625932999999996,5.783317,15.55,15.5,0.51,19.5
14.83,10.4,37.0,8.33,108.7,1.0,67.8,2019-12-07 13:55:00,53.627382999999995,5.790083,15.55,15.4,0.51,20.0
14.88,10.4,38.0,8.72,168.9,1.0,67.9,2019-12-07 13:56:00,53.62886700000001,5.796867,15.55,15.4,0.51,19.899999999999988
14.91,10.4,38.0,9.02,168.70000000000005,1.0,68.1,2019-12-07 13:57:00,53.63031700000001,5.80365,15.55,15.4,0.51,19.700000000000006
14.91,10.4,38.0,9.02,192.50000000000003,1.0,68.1,2019-12-07 13:57:53,53.63031700000001,5.80365,15.55,15.4,0.51,19.700000000000006
14.95,10.4,38.0,7.88,122.4,1.0,68.1,2019-12-07 13:58:00,53.631783,5.810433,15.55,15.5,0.51,19.700000000000006
14.92,10.4,38.0,8.38,94.4,1.0,68.0,2019-12-07 13:59:00,53.633217,5.817216999999999,15.55,15.4,0.51,19.8
14.89,10.4,38.0,9.48,185.8,1.0,67.6,2019-12-07 14:00:00,53.63466700000001,5.8240169999999996,15.55,15.4,0.51,20.200000000000006
14.89,10.4,37.0,8.18,96.1,1.0,67.6,2019-12-07 14:01:00,53.6361,5.8308,15.55,15.4,0.51,20.200000000000006
14.89,10.4,38.0,7.93,15.399999999999993,1.0,68.2,2019-12-07 14:02:00,53.637583,5.837567,15.55,15.4,0.51,19.599999999999994
14.97,10.4,37.0,8.58,185.3,1.0,68.2,2019-12-07 14:03:00,53.638999999999996,5.844417,15.55,15.4,0.51,19.599999999999994
14.89,10.4,37.0,8.72,141.39999999999995,1.0,68.2,2019-12-07 14:04:00,53.64041700000001,5.851217,15.55,15.5,0.51,19.599999999999994
14.74,10.4,38.0,10.18,173.1,1.0,67.4,2019-12-07 14:05:00,53.64185,5.858033,15.55,15.4,0.51,20.399999999999988
14.74,10.4,38.0,10.18,173.1,1.0,67.4,2019-12-07 14:05:22,53.64185,5.858033,15.55,15.4,0.51,20.399999999999988
14.78,10.4,37.0,8.98,169.0,1.0,67.9,2019-12-07 14:06:00,53.643283,5.8648,15.55,15.4,0.51,19.899999999999988
14.81,10.4,39.0,8.18,30.40000000000001,1.0,67.6,2019-12-07 14:07:00,53.64471700000001,5.871583,15.55,15.4,0.51,20.200000000000006
14.78,10.4,37.0,8.52,150.7,1.0,67.4,2019-12-07 14:08:00,53.6462,5.878367,15.55,15.4,0.51,20.399999999999988
14.79,10.4,39.0,8.83,159.3,1.0,67.6,2019-12-07 14:09:00,53.64765,5.885117,15.55,15.4,0.51,20.200000000000006
14.85,10.4,38.0,7.98,44.10000000000001,1.0,68.6,2019-12-07 14:10:00,53.64915,5.8918669999999995,15.55,15.5,0.51,19.200000000000006
14.97,10.4,38.0,7.93,63.0,1.0,68.4,2019-12-07 14:11:00,53.65055,5.898733,15.55,15.5,0.51,19.399999999999988
14.96,10.4,37.0,8.52,202.4,1.0,68.1,2019-12-07 14:12:00,53.651982999999994,5.90555,15.55,15.5,0.51,19.700000000000006
14.93,10.4,38.0,8.68,159.29999999999995,1.0,67.9,2019-12-07 14:13:00,53.65343299999999,5.91235,15.55,15.4,0.51,19.899999999999988
14.84,10.4,37.0,8.18,242.1,1.0,67.9,2019-12-07 14:14:00,53.6549,5.919133,15.55,15.4,0.51,19.899999999999988
14.94,10.4,37.0,7.82,110.4,1.0,67.8,2019-12-07 14:15:00,53.65635,5.925917,15.55,15.4,0.51,20.0
14.94,10.4,38.0,8.22,96.6,1.0,69.8,2019-12-07 14:16:00,53.657817,5.932717,15.55,15.5,0.51,18.0
14.98,10.4,38.0,8.02,255.1,1.0,72.3,2019-12-07 14:17:00,53.6591,5.9396330000000015,15.55,15.5,0.51,15.5
14.93,10.4,39.0,8.43,106.20000000000002,1.0,72.1,2019-12-07 14:18:00,53.66026700000001,5.946583,15.55,15.5,0.51,15.700000000000005
14.96,10.4,37.0,8.33,112.2,1.0,71.5,2019-12-07 14:19:00,53.661467,5.953517,15.55,15.5,0.51,16.299999999999994
14.89,10.4,38.0,8.48,170.0,1.0,70.9,2019-12-07 14:20:00,53.6627,5.960433,15.55,15.4,0.51,16.89999999999999
14.84,10.4,38.0,8.18,175.60000000000005,1.0,69.8,2019-12-07 14:21:00,53.663999999999994,5.967333,15.55,15.4,0.51,18.0
14.72,10.4,38.0,8.58,92.9,1.0,69.4,2019-12-07 14:22:00,53.665333,5.97405,15.55,15.4,0.51,18.399999999999988
14.86,10.4,38.0,8.52,219.9,1.0,70.1,2019-12-07 14:23:00,53.66671700000001,5.981033,15.55,15.5,0.51,17.700000000000006
14.89,10.4,39.0,8.18,102.5,1.0,70.5,2019-12-07 14:24:00,53.668082999999996,5.987933,15.55,15.5,0.51,17.299999999999994
14.85,10.4,38.0,8.38,234.0,1.0,69.9,2019-12-07 14:25:00,53.6694,5.99485,15.55,15.5,0.51,17.899999999999988
14.89,10.4,38.0,8.43,183.2,1.0,69.9,2019-12-07 14:26:00,53.67076700000001,6.00175,15.55,15.5,0.51,17.899999999999988
14.87,10.4,38.0,8.22,314.3,1.0,71.1,2019-12-07 14:27:00,53.67206700000001,6.008683,15.55,15.5,0.51,16.700000000000006
14.94,10.4,37.0,8.18,333.9,1.0,70.6,2019-12-07 14:28:00,53.673317000000004,6.015517,15.55,15.5,0.51,17.200000000000006
14.86,10.4,37.0,7.82,156.3,1.0,70.7,2019-12-07 14:29:00,53.674682999999995,6.022567,15.55,15.6,0.51,17.099999999999994
14.94,10.4,39.0,8.08,178.7,1.0,72.0,2019-12-07 14:30:00,53.676033,6.029533,15.55,15.6,0.51,15.799999999999995
15.0,10.4,38.0,8.33,128.3,1.0,71.7,2019-12-07 14:31:00,53.67726700000001,6.036567,15.55,15.6,0.51,16.099999999999994
15.02,10.4,37.0,8.98,142.20000000000005,1.0,71.1,2019-12-07 14:32:00,53.67851700000001,6.0435669999999995,15.55,15.6,0.51,16.700000000000006
15.01,10.4,37.0,8.33,106.8,1.0,70.6,2019-12-07 14:33:00,53.6798,6.05055,15.55,15.6,0.51,17.200000000000006
14.92,10.4,37.0,8.93,153.7,1.0,70.8,2019-12-07 14:34:00,53.681082999999994,6.0574,15.55,15.6,0.51,17.0
15.05,10.4,38.0,8.62,135.5,1.0,71.0,2019-12-07 14:35:00,53.68233299999999,6.0645169999999995,15.55,15.6,0.51,16.799999999999994
15.02,10.4,36.0,8.18,274.2,1.0,70.8,2019-12-07 14:36:00,53.68363299999999,6.07145,15.55,15.5,0.51,17.0
14.88,10.4,38.0,8.08,255.90000000000003,1.0,70.7,2019-12-07 14:37:00,53.684932999999994,6.0783830000000005,15.55,15.5,0.51,17.099999999999994
14.92,10.4,38.0,8.28,63.5,1.0,71.1,2019-12-07 14:38:00,53.686217000000006,6.085317,15.55,15.5,0.51,16.700000000000006
14.86,10.4,38.0,7.93,252.9,1.0,71.4,2019-12-07 14:39:00,53.68745,6.092183,15.55,15.5,0.51,16.39999999999999
14.8,10.4,38.0,7.98,202.8,1.0,71.3,2019-12-07 14:40:00,53.688717000000004,6.09925,15.55,15.5,0.51,16.5
14.6,10.4,38.05,8.52,125.8,1.0,70.5,2019-12-07 14:41:00,53.68995,6.106117,15.55,15.2,0.51,17.299999999999994
14.43,10.4,36.86,8.28,53.89999999999999,1.0,70.7,2019-12-07 14:42:00,53.69116700000001,6.112717,15.55,15.0,0.51,17.099999999999994
14.21,10.4,32.36,7.82,258.7,1.0,71.2,2019-12-07 14:43:00,53.6924,6.119483,15.55,14.8,0.51,16.599999999999994
14.08,10.4,32.36,8.02,219.9,1.0,70.6,2019-12-07 14:44:00,53.69355,6.126,15.55,14.7,0.51,17.200000000000006
13.98,10.4,32.03,8.43,96.79999999999998,1.0,70.4,2019-12-07 14:45:00,53.69481700000001,6.132633,15.55,14.5,0.51,17.39999999999999
13.91,10.4,29.0,8.28,208.4,1.0,70.6,2019-12-07 14:46:00,53.695933,6.139133,15.55,14.5,0.51,17.200000000000006
13.77,10.4,29.0,8.58,133.39999999999998,1.0,70.7,2019-12-07 14:47:00,53.6971,6.1454830000000005,15.55,14.4,0.51,17.099999999999994
13.69,10.4,30.0,7.98,236.7,1.0,71.2,2019-12-07 14:48:00,53.69835,6.152033,15.55,14.4,0.51,16.599999999999994
13.77,10.4,29.0,8.12,6.799999999999998,1.0,70.0,2019-12-07 14:49:00,53.69945,6.158417,15.55,14.4,0.51,17.799999999999994
13.74,10.4,29.0,7.98,22.8,1.0,68.3,2019-12-07 14:50:00,53.7007,6.164867,15.55,14.4,0.51,19.5
13.72,10.4,29.0,7.93,305.4,1.0,68.5,2019-12-07 14:51:00,53.70205,6.1713,15.55,14.4,0.51,19.3
13.77,10.4,30.0,8.93,274.29999999999995,1.0,69.1,2019-12-07 14:52:00,53.70333299999999,6.177567,15.55,14.4,0.51,18.700000000000006
13.77,10.4,30.0,8.18,114.1,1.0,69.3,2019-12-07 14:53:00,53.704617000000006,6.1839830000000005,15.55,14.4,0.51,18.5
13.69,10.4,29.0,8.18,163.70000000000005,1.0,69.1,2019-12-07 14:54:00,53.70585,6.190417,15.55,14.4,0.51,18.700000000000006
13.77,10.4,32.03,7.93,183.2,1.0,68.1,2019-12-07 14:55:00,53.707133,6.1968,15.55,14.3,0.51,19.700000000000006
13.7,10.4,29.0,8.38,264.8,1.0,68.8,2019-12-07 14:56:00,53.70843299999999,6.20315,15.55,14.3,0.51,19.0
13.8,10.4,29.0,8.12,169.4,1.0,69.6,2019-12-07 14:57:00,53.70975,6.20955,15.55,14.3,0.51,18.200000000000006
13.73,10.4,29.0,8.33,88.2,1.0,68.8,2019-12-07 14:58:00,53.71100000000001,6.2159330000000015,15.55,14.4,0.51,19.0
13.75,10.4,29.0,8.33,291.0,1.0,68.8,2019-12-07 14:59:00,53.712267000000004,6.222283,15.55,14.3,0.51,19.0
13.69,10.4,29.0,9.08,153.3,1.0,69.3,2019-12-07 15:00:00,53.713533,6.2287,15.55,14.4,0.51,18.5
13.69,10.4,29.0,9.08,153.3,1.0,69.3,2019-12-07 15:00:11,53.713533,6.2287,15.55,14.4,0.51,18.5
13.89,10.4,29.0,7.93,179.39999999999995,1.0,69.3,2019-12-07 15:01:00,53.7148,6.235083,15.55,14.3,0.51,18.5
13.75,10.4,29.0,8.12,149.0,1.0,69.5,2019-12-07 15:02:00,53.716067,6.241467,15.55,14.4,0.51,18.3
13.87,10.4,29.0,8.02,328.5,1.0,69.4,2019-12-07 15:03:00,53.7173,6.247883,15.55,14.4,0.51,18.399999999999988
13.71,10.4,28.0,7.82,75.5,1.0,69.1,2019-12-07 15:04:00,53.71856700000001,6.254283,15.55,14.3,0.51,18.700000000000006
13.7,10.4,29.0,8.18,15.899999999999993,1.0,68.9,2019-12-07 15:05:00,53.719817000000006,6.2606,15.55,14.3,0.51,18.899999999999988
13.79,10.4,29.0,8.28,279.6,1.0,68.9,2019-12-07 15:06:00,53.72105,6.267,15.55,14.4,0.51,18.899999999999988
13.75,10.4,29.0,8.33,135.0,1.0,69.2,2019-12-07 15:07:00,53.72235,6.273333,15.55,14.4,0.51,18.599999999999994
13.81,10.4,29.0,8.18,199.9,1.0,69.4,2019-12-07 15:08:00,53.72363299999999,6.279783,15.55,14.4,0.51,18.399999999999988
13.79,10.4,32.03,8.83,128.3,1.0,69.0,2019-12-07 15:09:00,53.72485,6.286183,15.55,14.4,0.51,18.8
13.68,10.4,29.0,8.12,133.79999999999998,1.0,68.9,2019-12-07 15:10:00,53.72615,6.292567,15.55,14.3,0.51,18.899999999999988
13.68,10.4,29.0,8.28,55.0,1.0,68.4,2019-12-07 15:11:00,53.72745,6.2989,15.55,14.3,0.51,19.399999999999988
13.64,10.4,30.0,9.28,178.1,1.0,69.1,2019-12-07 15:12:00,53.72875,6.305283,15.55,14.3,0.51,18.700000000000006
13.58,10.4,29.0,8.38,131.1,1.0,69.1,2019-12-07 15:13:00,53.7301,6.311667,15.55,14.4,0.51,18.700000000000006
13.65,10.4,30.0,7.93,123.7,1.0,69.5,2019-12-07 15:14:00,53.73136700000001,6.3180830000000014,15.55,14.4,0.51,18.3
13.65,10.4,30.0,8.38,219.3,1.0,69.1,2019-12-07 15:15:00,53.732682999999994,6.32455,15.55,14.5,0.51,18.700000000000006
13.8,10.4,30.0,8.08,7.299999999999998,1.0,69.0,2019-12-07 15:16:00,53.73396700000001,6.330933,15.55,14.5,0.51,18.8
13.73,10.4,30.0,8.02,15.100000000000007,1.0,68.6,2019-12-07 15:17:00,53.735232999999994,6.33735,15.55,14.5,0.51,19.200000000000006
13.78,10.4,30.0,8.48,240.8,1.0,68.6,2019-12-07 15:18:00,53.736517000000006,6.343817,15.55,14.5,0.51,19.200000000000006
13.79,10.4,29.0,7.93,86.1,1.0,69.1,2019-12-07 15:19:00,53.737832999999995,6.350267,15.55,14.5,0.51,18.700000000000006
13.92,10.4,29.0,8.22,288.2999999999999,1.0,68.6,2019-12-07 15:20:00,53.7391,6.356683,15.55,14.5,0.51,19.200000000000006
13.81,10.4,29.0,8.28,93.3,1.0,68.6,2019-12-07 15:21:00,53.740417,6.36315,15.55,14.5,0.51,19.200000000000006
13.8,10.4,29.0,7.88,306.3,1.0,68.9,2019-12-07 15:22:00,53.74175,6.369567,15.55,14.5,0.51,18.899999999999988
13.87,10.4,30.0,7.98,195.2,1.0,69.5,2019-12-07 15:23:00,53.74305,6.376017,15.55,14.5,0.51,18.3
13.85,10.4,30.0,8.48,137.70000000000002,1.0,69.6,2019-12-07 15:24:00,53.744317,6.3824830000000015,15.55,14.5,0.51,18.200000000000006
13.87,10.4,29.0,8.28,67.3,1.0,69.2,2019-12-07 15:25:00,53.745582999999996,6.38895,15.55,14.5,0.51,18.599999999999994
13.79,10.4,29.0,8.88,130.6,1.0,69.0,2019-12-07 15:26:00,53.746832999999995,6.3954,15.55,14.5,0.51,18.8
13.78,10.4,29.0,8.48,241.6,1.0,68.4,2019-12-07 15:27:00,53.748082999999994,6.401867,15.55,14.4,0.51,19.399999999999988
13.8,10.4,32.03,7.93,78.0,1.0,68.4,2019-12-07 15:28:00,53.749417,6.40825,15.55,14.4,0.51,19.399999999999988
13.72,10.4,29.0,8.62,122.70000000000002,1.0,68.6,2019-12-07 15:29:00,53.750682999999995,6.414683,15.55,14.4,0.51,19.200000000000006
13.74,10.4,29.0,8.22,3.6000000000000085,1.0,69.1,2019-12-07 15:30:00,53.75195,6.4211,15.55,14.5,0.51,18.700000000000006
13.73,10.4,29.0,8.18,146.8,1.0,69.6,2019-12-07 15:31:00,53.75321700000001,6.427533,15.55,14.5,0.51,18.200000000000006
13.76,10.4,29.0,7.98,207.40000000000003,1.0,69.7,2019-12-07 15:32:00,53.75445,6.434017,15.55,14.5,0.51,18.099999999999994
13.72,10.4,29.0,9.02,152.7,1.0,69.3,2019-12-07 15:33:00,53.755667,6.440467,15.55,14.4,0.51,18.5
13.63,10.4,28.0,8.12,269.40000000000003,1.0,68.7,2019-12-07 15:34:00,53.7569,6.4468830000000015,15.55,14.4,0.51,19.099999999999994
13.61,10.4,29.0,7.93,90.0,1.0,69.0,2019-12-07 15:35:00,53.758233,6.45325,15.55,14.4,0.51,18.8
13.67,10.4,30.0,8.28,200.6,1.0,68.8,2019-12-07 15:36:00,53.759517,6.459617,15.55,14.4,0.51,19.0
13.56,10.4,29.0,8.28,196.9,1.0,69.1,2019-12-07 15:37:00,53.760817,6.466,15.55,14.4,0.51,18.700000000000006
13.67,10.4,30.0,7.93,240.8,1.0,69.3,2019-12-07 15:38:00,53.762083,6.4724330000000005,15.55,14.4,0.51,18.5
13.69,10.4,30.0,8.62,173.1,1.0,69.1,2019-12-07 15:39:00,53.763367,6.47885,15.55,14.4,0.51,18.700000000000006
13.7,10.4,30.0,8.43,194.5,1.0,68.7,2019-12-07 15:40:00,53.764617,6.4853,15.55,14.5,0.51,19.099999999999994
13.69,10.4,29.0,8.22,334.0,1.0,69.3,2019-12-07 15:41:00,53.76595,6.491667,15.55,14.4,0.51,18.5
13.67,10.4,30.0,8.28,112.4,1.0,73.4,2019-12-07 15:42:00,53.76716700000001,6.498167,15.55,14.5,0.51,14.399999999999993
13.81,10.4,30.0,9.41,282.5,1.05,74.8,2019-12-07 15:43:00,53.768133,6.504817,17.93,14.5,0.51,13.0
13.81,10.4,30.0,9.86,165.20000000000005,1.05,73.6,2019-12-07 15:44:00,53.76905,6.511467,17.93,14.5,0.51,14.200000000000005
13.77,10.4,29.0,9.26,308.5,1.05,73.0,2019-12-07 15:45:00,53.77008299999999,6.518033,17.93,14.5,0.51,14.799999999999995
13.71,10.4,28.0,9.16,69.39999999999999,1.05,72.7,2019-12-07 15:46:00,53.771117000000004,6.5246,17.93,14.4,0.51,15.099999999999996
13.76,10.4,29.0,9.06,53.7,1.05,73.0,2019-12-07 15:47:00,53.772133,6.531167,17.93,14.5,0.51,14.799999999999995
13.76,10.4,30.0,9.56,278.3,1.05,73.0,2019-12-07 15:48:00,53.77315,6.537717,17.93,14.5,0.51,14.799999999999995
13.75,10.4,29.0,8.96,0.5,1.05,72.4,2019-12-07 15:49:00,53.77416700000001,6.544283,17.93,14.5,0.51,15.399999999999993
13.73,10.4,30.0,10.16,319.0,1.05,73.4,2019-12-07 15:50:00,53.77523299999999,6.550867,17.93,14.5,0.51,14.399999999999993
13.81,10.4,30.0,9.26,318.2,1.05,73.9,2019-12-07 15:51:00,53.776267000000004,6.557517,17.93,14.6,0.51,13.899999999999993
13.8,10.4,30.0,9.76,257.3,1.05,74.3,2019-12-07 15:52:00,53.777267,6.564183,17.93,14.6,0.51,13.5
13.88,10.4,30.0,8.96,298.5,1.05,73.8,2019-12-07 15:53:00,53.7782,6.570883,17.93,14.7,0.51,14.0
13.88,10.4,29.0,9.16,88.1,1.05,73.9,2019-12-07 15:54:00,53.7792,6.577533,17.93,14.6,0.51,13.899999999999993
13.88,10.4,30.0,9.62,243.40000000000003,1.05,74.2,2019-12-07 15:55:00,53.780182999999994,6.584233,17.93,14.7,0.51,13.599999999999996
13.89,10.4,29.0,9.46,284.1,1.05,74.1,2019-12-07 15:56:00,53.78115,6.5909330000000015,17.93,14.7,0.51,13.700000000000005
13.91,10.4,29.0,9.41,334.5,1.05,73.9,2019-12-07 15:57:00,53.782132999999995,6.5976,17.93,14.6,0.51,13.899999999999993
13.92,10.4,29.0,9.12,26.39999999999999,1.05,74.4,2019-12-07 15:58:00,53.783117000000004,6.604267,17.93,14.6,0.51,13.399999999999993
13.83,10.4,29.0,9.52,275.29999999999995,1.05,73.9,2019-12-07 15:59:00,53.784082999999995,6.61095,17.93,14.6,0.51,13.899999999999993
13.77,10.4,29.0,9.06,15.5,1.05,73.8,2019-12-07 16:00:00,53.785017,6.617583,17.93,14.6,0.51,14.0
13.62,10.4,30.0,9.72,205.4,1.05,74.1,2019-12-07 16:01:00,53.786032999999996,6.624217,17.93,14.5,0.51,13.700000000000005
13.69,10.4,29.0,9.32,318.5,1.05,74.1,2019-12-07 16:02:00,53.787,6.630833,17.93,14.5,0.51,13.700000000000005
13.71,10.4,30.0,9.62,143.3,1.05,74.1,2019-12-07 16:03:00,53.78791700000001,6.6375,17.93,14.5,0.51,13.700000000000005
13.72,10.4,30.0,9.72,194.8,1.05,73.5,2019-12-07 16:04:00,53.7889,6.644083,17.93,14.5,0.51,14.299999999999995
13.6,10.4,29.0,9.46,215.6,1.05,73.7,2019-12-07 16:05:00,53.7899,6.650633,17.93,14.4,0.51,14.099999999999996
13.62,10.4,31.0,9.22,218.40000000000003,1.05,73.7,2019-12-07 16:06:00,53.7909,6.657217,17.93,14.5,0.51,14.099999999999996
13.44,10.4,31.0,9.06,14.700000000000005,1.05,73.5,2019-12-07 16:07:00,53.79191700000001,6.6638,17.93,14.5,0.51,14.299999999999995
13.58,10.4,30.0,9.46,249.0,1.05,74.0,2019-12-07 16:08:00,53.792933,6.670417,17.93,14.6,0.51,13.799999999999995
13.69,10.4,31.0,9.32,206.3,1.05,73.8,2019-12-07 16:09:00,53.7939,6.67705,17.93,14.6,0.51,14.0
13.6,10.4,31.0,9.46,0.6000000000000085,1.05,73.6,2019-12-07 16:10:00,53.79491700000001,6.683667,17.93,14.6,0.51,14.200000000000005
13.72,10.4,31.0,9.06,335.2,1.05,73.9,2019-12-07 16:11:00,53.79595,6.6903,17.93,14.6,0.51,13.899999999999993
13.74,10.4,31.0,10.12,158.7,1.05,73.7,2019-12-07 16:12:00,53.796932999999996,6.69695,17.93,14.6,0.51,14.099999999999996
13.9,10.4,31.0,9.22,236.2,1.05,73.9,2019-12-07 16:13:00,53.79795,6.703667,17.93,14.7,0.51,13.899999999999993
14.02,10.4,30.0,9.82,243.90000000000003,1.05,74.7,2019-12-07 16:14:00,53.79895,6.710383,17.93,14.8,0.51,13.099999999999996
14.08,10.4,33.33,9.32,318.9,1.05,74.3,2019-12-07 16:15:00,53.799867000000006,6.7171,17.93,14.7,0.51,13.5
14.06,10.4,33.33,9.36,279.5,1.05,74.3,2019-12-07 16:16:00,53.800817,6.7238169999999995,17.93,14.7,0.51,13.5
13.95,10.4,32.76,9.91,76.60000000000002,1.05,74.8,2019-12-07 16:17:00,53.80178299999999,6.73055,17.93,14.6,0.51,13.0
13.85,10.4,29.0,9.16,309.5,1.05,73.8,2019-12-07 16:18:00,53.802717,6.737217,17.93,14.6,0.51,14.0
13.78,10.4,29.0,9.12,126.2,1.05,73.9,2019-12-07 16:19:00,53.803717000000006,6.743833,17.93,14.5,0.51,13.899999999999993
13.72,10.4,29.0,9.26,22.5,1.05,75.4,2019-12-07 16:20:00,53.8046,6.750483,17.93,14.5,0.51,12.399999999999993
13.76,10.4,30.0,11.02,51.49999999999999,1.05,78.7,2019-12-07 16:21:00,53.80546700000001,6.757183,17.93,14.6,0.51,9.099999999999994
13.81,10.4,31.0,10.02,70.6,1.05,79.4,2019-12-07 16:22:00,53.806167,6.7639830000000005,17.93,14.6,0.51,8.399999999999991
13.79,10.4,29.0,10.46,28.8,1.05,78.4,2019-12-07 16:23:00,53.8068,6.77075,17.93,14.6,0.51,9.399999999999991
13.77,10.4,30.0,9.76,3.9000000000000057,1.05,77.6,2019-12-07 16:24:00,53.8075,6.77755,17.93,14.6,0.51,10.200000000000003
13.71,10.4,29.0,9.22,7.099999999999994,1.05,77.7,2019-12-07 16:25:00,53.80825,6.784283,17.93,14.6,0.51,10.099999999999994
13.73,10.4,31.0,9.46,70.8,1.05,77.7,2019-12-07 16:26:00,53.808983,6.7910330000000005,17.93,14.6,0.51,10.099999999999994
13.72,10.4,30.0,9.91,98.9,1.05,78.2,2019-12-07 16:27:00,53.809717000000006,6.7978,17.93,14.6,0.51,9.599999999999994
13.61,10.4,31.0,9.32,109.9,1.05,77.7,2019-12-07 16:28:00,53.810432999999996,6.804567,17.93,14.6,0.51,10.099999999999994
13.76,10.4,31.0,9.76,101.8,1.05,77.3,2019-12-07 16:29:00,53.811217000000006,6.8113,17.93,14.6,0.51,10.5
13.63,10.4,30.0,9.76,52.00000000000002,1.05,77.8,2019-12-07 16:30:00,53.812,6.8180830000000014,17.93,14.7,0.51,10.0
13.98,10.4,31.0,7.16,21.200000000000006,0.72,78.2,2019-12-07 16:31:00,53.812732999999994,6.8249,12.93,14.8,0.99,10.67999999999999
14.03,10.4,32.36,7.26,32.80000000000001,0.72,78.6,2019-12-07 16:32:00,53.813432999999996,6.83175,12.93,14.8,0.99,10.28
14.04,10.4,32.36,6.86,170.89999999999995,0.72,78.2,2019-12-07 16:33:00,53.814133,6.838566999999999,12.93,14.7,0.99,10.67999999999999
13.92,10.4,32.03,6.66,358.9,0.72,78.4,2019-12-07 16:34:00,53.814767,6.845333,12.93,14.6,0.99,10.47999999999999
13.91,10.4,29.0,6.82,19.599999999999994,0.72,78.2,2019-12-07 16:35:00,53.81545,6.852067,12.93,14.5,0.99,10.67999999999999
13.84,10.4,29.0,6.62,5.599999999999994,0.72,77.4,2019-12-07 16:36:00,53.81615,6.858833,12.93,14.5,0.99,11.47999999999999
13.76,10.4,29.0,6.82,303.2,0.72,76.8,2019-12-07 16:37:00,53.8169,6.86555,12.93,14.5,0.99,12.079999999999998
13.78,10.4,30.0,6.76,355.3,0.72,76.1,2019-12-07 16:38:00,53.81766700000001,6.872217,12.93,14.5,0.99,12.78
13.7,10.4,29.0,6.72,97.2,0.72,76.9,2019-12-07 16:39:00,53.8185,6.8789169999999995,12.93,14.5,0.99,11.97999999999999
13.85,10.4,30.0,6.82,294.0,0.72,77.3,2019-12-07 16:40:00,53.819267,6.885617,12.93,14.5,0.99,11.579999999999998
13.79,10.4,30.0,6.52,331.5,0.72,77.1,2019-12-07 16:41:00,53.820083,6.89235,12.93,14.5,0.99,11.78
13.98,10.4,30.0,6.86,97.0,0.72,77.6,2019-12-07 16:42:00,53.820882999999995,6.8991,12.93,14.6,0.99,11.28
13.85,10.4,31.0,6.82,66.50000000000001,0.72,76.8,2019-12-07 16:43:00,53.82165,6.905833,12.93,14.6,0.99,12.079999999999998
13.95,10.4,30.0,6.72,55.1,0.72,76.4,2019-12-07 16:44:00,53.822483,6.912567,12.93,14.7,0.99,12.47999999999999
13.88,10.4,30.0,6.62,21.5,0.72,75.0,2019-12-07 16:45:00,53.8233,6.9193,12.93,14.7,0.99,13.879999999999995
14.04,10.4,30.0,6.62,225.2,0.72,74.5,2019-12-07 16:46:00,53.82425,6.926033,12.93,14.7,0.99,14.379999999999995
14.02,10.4,30.0,6.62,76.1,0.72,74.9,2019-12-07 16:47:00,53.825217,6.9327830000000015,12.93,14.8,0.99,13.97999999999999
14.04,10.4,30.0,6.66,220.1,0.72,74.6,2019-12-07 16:48:00,53.82616700000001,6.939583,12.93,14.8,0.99,14.28
13.92,10.4,30.0,6.92,273.6,0.72,74.8,2019-12-07 16:49:00,53.827117,6.946333,12.93,14.8,0.99,14.079999999999998
13.92,10.4,30.0,6.92,273.6,0.72,74.8,2019-12-07 16:49:40,53.827117,6.946333,12.93,14.8,0.99,14.079999999999998
13.96,10.4,29.0,6.56,30.70000000000001,0.72,74.6,2019-12-07 16:50:00,53.828067000000004,6.95305,12.93,14.7,0.99,14.28
13.89,10.4,30.0,6.76,291.4,0.72,75.1,2019-12-07 16:51:00,53.82896700000001,6.9598,12.93,14.7,0.99,13.78
13.88,10.4,29.0,6.82,13.600000000000007,0.72,74.3,2019-12-07 16:52:00,53.829933,6.966517,12.93,14.7,0.99,14.579999999999998
13.87,10.4,29.0,6.82,308.3,0.72,74.5,2019-12-07 16:53:00,53.8309,6.9731830000000015,12.93,14.6,0.99,14.379999999999995
14.05,10.4,32.36,7.12,280.5,0.72,75.3,2019-12-07 16:54:00,53.8319,6.979883,12.93,14.6,0.99,13.579999999999998
13.83,10.4,29.0,6.86,335.8,0.72,75.9,2019-12-07 16:55:00,53.832783,6.986583,12.93,14.7,0.99,12.97999999999999
13.92,10.4,30.0,8.02,24.20000000000001,0.72,76.0,2019-12-07 16:56:00,53.83366700000001,6.993317,12.93,14.7,0.99,12.879999999999995
13.9,10.4,29.0,7.36,25.0,0.72,75.0,2019-12-07 16:57:00,53.83451700000001,7.000067,12.93,14.6,0.99,13.879999999999995
13.9,10.4,29.0,7.92,61.89999999999999,0.72,74.2,2019-12-07 16:58:00,53.83541700000001,7.006767,12.93,14.6,0.99,14.679999999999993
13.89,10.4,29.0,7.66,39.2,0.72,74.6,2019-12-07 16:59:00,53.836383,7.013433,12.93,14.6,0.99,14.28
14.02,10.4,32.36,7.96,26.0,0.72,74.9,2019-12-07 17:00:00,53.8373,7.02015,12.93,14.6,0.99,13.97999999999999
13.8,10.4,30.0,7.36,98.9,0.72,74.8,2019-12-07 17:01:00,53.83816700000001,7.0268679999999994,12.93,14.6,0.99,14.079999999999998
13.92,10.4,29.0,8.12,56.19999999999999,0.72,75.0,2019-12-07 17:02:00,53.8391,7.033548,12.93,14.6,0.99,13.879999999999995
14.02,10.4,32.36,7.66,56.1,0.72,75.5,2019-12-07 17:03:00,53.839983,7.040267,12.93,14.6,0.99,13.379999999999995
13.98,10.4,29.0,8.02,48.5,0.72,75.4,2019-12-07 17:04:00,53.840817,7.047016999999999,12.93,14.6,0.99,13.47999999999999
13.83,10.4,30.0,7.96,33.2,0.72,74.6,2019-12-07 17:05:00,53.841667,7.05375,12.93,14.6,0.99,14.28
13.74,10.4,28.0,8.06,40.3,0.72,74.3,2019-12-07 17:06:00,53.842567,7.060467,12.93,14.6,0.99,14.579999999999998
13.93,10.4,30.0,8.16,28.90000000000001,0.72,75.0,2019-12-07 17:07:00,53.84351700000001,7.067183,12.93,14.7,0.99,13.879999999999995
13.89,10.4,29.0,8.16,46.10000000000001,0.72,75.6,2019-12-07 17:08:00,53.84436700000001,7.07395,12.93,14.7,0.99,13.28
13.78,10.4,29.0,7.76,26.0,0.72,75.1,2019-12-07 17:09:00,53.84525,7.0806830000000005,12.93,14.6,0.99,13.78
13.79,10.4,29.0,8.12,35.7,0.72,74.7,2019-12-07 17:10:00,53.84611700000001,7.0873669999999995,12.93,14.5,0.99,14.179999999999993
13.73,10.4,29.0,8.02,14.400000000000004,0.72,74.5,2019-12-07 17:11:00,53.84705,7.093999999999999,12.93,14.5,0.99,14.379999999999995
13.67,10.4,29.0,7.76,46.6,0.72,75.0,2019-12-07 17:12:00,53.847967000000004,7.10065,12.93,14.5,0.99,13.879999999999995
13.72,10.4,31.0,7.86,45.7,0.72,75.5,2019-12-07 17:13:00,53.84885,7.1073330000000015,12.93,14.6,0.99,13.379999999999995
13.8,10.4,30.0,8.02,55.60000000000001,0.72,75.3,2019-12-07 17:14:00,53.84971700000001,7.1140669999999995,12.93,14.6,0.99,13.579999999999998
13.81,10.4,29.0,7.72,70.00000000000001,0.72,74.8,2019-12-07 17:15:00,53.8506,7.12075,12.93,14.6,0.99,14.079999999999998
13.85,10.4,29.0,8.16,53.49999999999999,0.72,75.2,2019-12-07 17:16:00,53.851482999999995,7.1275,12.93,14.6,0.99,13.679999999999993
13.96,10.4,30.0,7.92,36.7,0.72,75.5,2019-12-07 17:17:00,53.852382999999996,7.1342,12.93,14.6,0.99,13.379999999999995
13.94,10.4,31.91,3.6,29.3,0.72,74.0,2019-12-07 17:18:00,53.853283,7.140867,12.93,14.5,0.99,14.879999999999995
13.9,10.4,32.03,7.86,29.699999999999992,0.72,73.4,2019-12-07 17:19:00,53.854232999999994,7.147467,12.93,14.5,0.99,15.47999999999999
13.83,10.4,29.0,8.16,21.699999999999992,0.72,73.9,2019-12-07 17:20:00,53.855233,7.1540669999999995,12.93,14.4,0.99,14.97999999999999
13.85,10.4,29.0,8.16,55.2,0.72,74.2,2019-12-07 17:21:00,53.856167000000006,7.16065,12.93,14.4,0.99,14.679999999999993
13.84,10.4,29.0,8.16,21.599999999999994,0.72,74.4,2019-12-07 17:22:00,53.857117,7.167217,12.93,14.4,0.99,14.47999999999999
13.83,10.4,31.91,3.7,53.79999999999998,0.72,74.4,2019-12-07 17:23:00,53.858000000000004,7.1738,12.93,14.4,0.99,14.47999999999999
13.8,10.4,29.0,8.12,29.40000000000001,0.72,74.1,2019-12-07 17:24:00,53.85895,7.1804,12.93,14.3,0.99,14.78
13.75,10.4,29.0,3.5,30.10000000000001,0.72,74.1,2019-12-07 17:25:00,53.859867,7.187017,12.93,14.3,0.99,14.78
13.77,10.4,32.03,8.16,40.5,0.72,73.8,2019-12-07 17:26:00,53.86083299999999,7.1935350000000025,12.93,14.3,0.99,15.079999999999998
13.78,10.4,31.91,4.0,44.90000000000001,0.72,74.3,2019-12-07 17:27:00,53.861782999999996,7.200067,12.93,14.3,0.99,14.579999999999998
13.81,10.4,31.91,3.7,71.3,0.72,74.3,2019-12-07 17:28:00,53.8627,7.206617,12.93,14.3,0.99,14.579999999999998
13.83,10.4,31.91,4.0,51.10000000000001,0.72,74.6,2019-12-07 17:29:00,53.86365,7.2131669999999986,12.93,14.3,0.99,14.28
13.73,10.4,29.0,4.7,34.5,0.72,74.2,2019-12-07 17:30:00,53.8646,7.219733,12.93,14.3,0.99,14.679999999999993
13.74,10.4,29.0,4.0,56.80000000000001,0.72,74.5,2019-12-07 17:31:00,53.86556700000001,7.2262830000000005,12.93,14.4,0.99,14.379999999999995
13.74,10.4,30.0,5.2,23.599999999999994,0.72,74.2,2019-12-07 17:32:00,53.866482999999995,7.2329,12.93,14.4,0.99,14.679999999999993
13.8,10.4,31.91,4.2,31.5,0.72,73.9,2019-12-07 17:33:00,53.86745,7.239517,12.93,14.4,0.99,14.97999999999999
13.82,10.4,30.0,5.2,28.89999999999999,0.72,73.9,2019-12-07 17:34:00,53.868417,7.2461,12.93,14.4,0.99,14.97999999999999
13.76,10.4,31.91,5.4,33.599999999999994,0.72,73.4,2019-12-07 17:35:00,53.869432999999994,7.252717,12.93,14.5,0.99,15.47999999999999
13.82,10.4,30.0,3.9,63.70000000000002,0.72,73.6,2019-12-07 17:36:00,53.870383,7.259317,12.93,14.5,0.99,15.28
13.97,10.4,31.91,4.3,58.90000000000001,0.72,74.0,2019-12-07 17:37:00,53.871367000000006,7.265965,12.93,14.5,0.99,14.879999999999995
13.93,10.4,31.91,3.6,32.599999999999994,0.72,73.7,2019-12-07 17:38:00,53.872333,7.2726,12.93,14.5,0.99,15.179999999999993
13.95,10.4,31.91,5.6,41.3,0.72,74.2,2019-12-07 17:39:00,53.87331700000001,7.279217,12.93,14.5,0.99,14.679999999999993
13.98,10.4,31.91,4.7,70.1,0.72,74.6,2019-12-07 17:40:00,53.87425,7.285883,12.93,14.6,0.99,14.28
13.82,10.4,30.0,4.6,45.6,0.72,74.2,2019-12-07 17:41:00,53.87516700000001,7.292517,12.93,14.5,0.99,14.679999999999993
13.91,10.4,31.91,4.8,33.0,0.72,73.5,2019-12-07 17:42:00,53.876117,7.2992149999999985,12.93,14.5,0.99,15.379999999999995
14.05,10.4,30.0,4.6,45.90000000000001,0.72,73.6,2019-12-07 17:43:00,53.87711700000001,7.30585,12.93,14.6,0.99,15.28
14.07,10.4,33.01,5.7,47.39999999999999,0.72,73.7,2019-12-07 17:44:00,53.878117,7.312517,12.93,14.6,0.99,15.179999999999993
14.1,10.4,33.01,4.5,24.0,0.72,73.8,2019-12-07 17:45:00,53.879067000000006,7.319217,12.93,14.6,0.99,15.079999999999998
14.14,10.4,33.01,3.9,58.5,0.72,74.1,2019-12-07 17:46:00,53.880017,7.325917,12.93,14.7,0.99,14.78
14.16,10.4,33.01,4.2,24.599999999999994,0.72,73.9,2019-12-07 17:47:00,53.881,7.33265,12.93,14.7,0.99,14.97999999999999
14.09,10.4,33.01,5.1,29.40000000000001,0.72,74.0,2019-12-07 17:48:00,53.881967,7.3393169999999985,12.93,14.7,0.99,14.879999999999995
13.91,10.4,31.91,4.9,36.0,0.72,74.1,2019-12-07 17:49:00,53.882917000000006,7.346033,12.93,14.7,0.99,14.78
13.96,10.4,31.91,4.0,29.5,0.72,75.6,2019-12-07 17:50:00,53.883917000000004,7.352733,12.93,14.6,0.99,13.28
13.53,10.4,29.65,8.16,55.79999999999998,0.72,74.9,2019-12-07 17:51:00,53.884767000000004,7.3592830000000005,12.93,14.1,0.99,13.97999999999999
13.1,10.4,25.38,4.3,58.5,0.72,73.4,2019-12-07 17:52:00,53.88566700000001,7.3656,12.93,13.7,0.99,15.47999999999999
