stw,draft,foc,ws,wd,swh,lat,lon,dt
11.44,0.0,15.422400000000001,3,242.221333333333,1.87,26.11901,-47.5878199,2020-01-26 12:03
11.49,0.0,15.3648,3,242.20366666666698,1.87,26.116645899999998,-47.7044828,2020-01-26 12:08
11.49,0.0,15.047999999999998,3,242.24733333333302,1.87,26.114283,-48.0075735,2020-01-26 12:13
11.4,0.0,15.479999999999999,3,242.293333333333,1.87,26.1119262,-48.0173782,2020-01-26 12:18
11.43,0.0,15.408,3,242.257333333333,1.87,26.109579800000002,-48.0272054,2020-01-26 12:23
11.36,0.0,15.7824,3,242.291,1.87,26.1071684,-48.0370257,2020-01-26 12:28
11.35,0.0,15.681600000000001,3,242.28900000000002,1.87,26.104748899999997,-48.0468055,2020-01-26 12:33
11.39,0.0,15.7104,3,242.31566666666697,1.87,26.1023451,-48.0565985,2020-01-26 12:38
11.48,0.0,15.724799999999998,3,242.29133333333303,1.87,26.0999354,-48.0663936,2020-01-26 12:43
11.36,0.0,15.5232,3,242.35033333333303,1.87,26.0976116,-48.076185100000004,2020-01-26 12:48
11.4,0.0,15.350399999999999,3,242.329333333333,1.87,26.0953879,-48.086008899999996,2020-01-26 12:53
11.42,0.0,15.350399999999999,3,242.32,1.87,26.0931544,-48.0958446,2020-01-26 12:58
11.03,0.0,16.1856,2,232.13966666666698,1.6,25.5175541,-49.3143458,2020-01-26 8:03
11.08,0.0,16.3728,2,232.17966666666698,1.6,25.515655,-49.324087799999994,2020-01-26 8:08
11.05,0.0,16.041600000000003,2,232.21,1.6,25.5137825,-49.333817700000004,2020-01-26 8:13
11.12,0.0,16.214399999999998,2,232.16366666666698,1.6,25.5119375,-49.343551500000004,2020-01-26 8:18
11.08,0.0,16.3728,2,232.15200000000002,1.6,25.5101685,-49.3533289,2020-01-26 8:23
11.01,0.0,17.4816,2,232.06333333333302,1.6,25.5084997,-49.3631787,2020-01-26 8:28
11.08,0.0,17.3808,2,232.06599999999997,1.6,25.5067862,-49.3730674,2020-01-26 8:33
11.05,0.0,17.2512,2,232.10866666666698,1.6,25.5049388,-49.382876200000005,2020-01-26 8:38
11.15,0.0,16.632,2,232.069666666667,1.6,25.5030622,-49.392703600000004,2020-01-26 8:43
11.07,0.0,16.8048,2,232.14633333333302,1.6,25.5012362,-49.402474700000006,2020-01-26 8:48
11.11,0.0,16.5456,3,218.229666666667,1.56,25.499379,-49.4121946,2020-01-26 8:53
11.04,0.0,16.3728,3,218.25,1.56,25.497531100000003,-49.4218979,2020-01-26 8:58
11.16,0.0,16.272000000000002,3,218.29733333333303,1.56,25.4956825,-49.4315728,2020-01-26 9:03
11.08,0.0,16.2,3,218.313666666667,1.56,25.493739399999995,-49.441144,2020-01-26 9:08
11.2,0.0,15.912,3,218.29,1.56,25.4918185,-49.450767,2020-01-26 9:13
11.17,0.0,15.479999999999999,3,218.355,1.56,25.4898697,-49.4603787,2020-01-26 9:18
11.1,0.0,16.3296,3,218.447,1.56,25.4879266,-49.4698989,2020-01-26 9:23
11.02,0.0,17.2512,3,218.43333333333302,1.56,25.4860083,-49.479383500000004,2020-01-26 9:28
11.04,0.0,17.006400000000003,3,218.423,1.56,25.4841172,-49.4889229,2020-01-26 9:33
11.02,0.0,17.5248,3,218.37,1.56,25.4821875,-49.498462599999996,2020-01-26 9:38
11.04,0.0,17.092799999999997,2,228.252,1.71,25.4803362,-49.508117,2020-01-26 9:43
11.05,0.0,17.006400000000003,2,228.22099999999998,1.71,25.478405399999996,-49.5178109,2020-01-26 9:48
11.06,0.0,16.8192,2,228.227,1.71,25.476350699999998,-49.5274843,2020-01-26 9:53
11.09,0.0,16.9776,2,228.20366666666698,1.71,25.4742108,-49.5371519,2020-01-26 9:58
11.06,0.0,16.7616,2,228.21,1.71,25.472075399999998,-49.5468456,2020-01-26 10:03
11.01,0.0,16.3728,2,228.15,1.71,25.4699054,-49.556512100000006,2020-01-26 10:08
11.15,0.0,16.1712,2,228.05200000000002,1.71,25.467717699999998,-49.566301,2020-01-26 10:13
11.2,0.0,16.056,2,228.140666666667,1.71,25.4655674,-49.5761013,2020-01-26 10:18
11.21,0.0,16.4448,2,228.14,1.71,25.463321899999997,-49.5858362,2020-01-26 10:23
11.05,0.0,17.1216,2,228.022666666667,1.71,25.4609968,-49.615574200000005,2020-01-26 10:28
11.19,0.0,16.833599999999997,2,224.726,1.9,25.4587343,-50.0055049,2020-01-26 10:33
11.3,0.0,16.5168,2,224.77700000000002,1.9,25.456527100000002,-50.0155343,2020-01-26 10:38
11.14,0.0,16.56,2,224.874666666667,1.9,25.4542961,-50.0254685,2020-01-26 10:43
11.13,0.0,16.531200000000002,2,224.952,1.9,25.4520767,-50.035320899999995,2020-01-26 10:48
11.15,0.0,16.1568,2,224.960333333333,1.9,25.449839,-50.0451049,2020-01-26 10:53
11.25,0.0,15.9552,2,224.942333333333,1.9,25.4475607,-50.054932,2020-01-26 10:58
11.23,0.0,15.796800000000001,2,224.95633333333302,1.9,25.4452648,-50.06474179999999,2020-01-26 11:03
11.18,0.0,15.8832,2,224.920666666667,1.9,25.4429716,-50.074523799999994,2020-01-26 11:08
11.17,0.0,15.7392,2,224.804,1.9,25.4406168,-50.0843651,2020-01-26 11:13
11.2,0.0,15.9552,2,224.714333333333,1.9,25.438267899999996,-50.0942956,2020-01-26 11:18
11.27,0.0,16.4304,2,224.653,1.9,25.435910699999997,-50.1043237,2020-01-26 11:23
11.2,0.0,17.7696,2,224.692,1.9,25.433550600000004,-50.114350200000004,2020-01-26 11:28
11.15,0.0,17.6112,2,224.69333333333302,1.9,25.431225199999997,-50.124354700000005,2020-01-26 11:33
11.12,0.0,17.5392,2,224.733,1.9,25.4288984,-50.134301,2020-01-26 11:38
11.04,0.0,17.5536,2,224.829,1.9,25.426564499999998,-50.1442163,2020-01-26 11:43
11.04,0.0,17.1648,2,224.87333333333302,1.9,25.424310600000002,-50.1540935,2020-01-26 11:48
11.04,0.0,17.049599999999998,2,224.91766666666697,1.9,25.422096300000003,-50.1639573,2020-01-26 11:53
11.1,0.0,16.660800000000002,2,224.854,1.9,25.4199892,-50.173841700000004,2020-01-26 11:58
11.14,0.0,16.6752,2,224.84066666666698,1.9,25.4179223,-50.1837706,2020-01-26 12:03
11.0,0.0,16.3584,2,224.903,1.9,25.4158612,-50.1936554,2020-01-26 12:08
11.07,0.0,16.2432,2,224.84766666666698,1.9,25.4137785,-50.2035394,2020-01-26 12:13
11.13,0.0,16.2432,2,224.808666666667,1.9,25.4116845,-50.2134518,2020-01-26 12:18
11.21,0.0,16.5024,2,224.754666666667,1.9,25.4095587,-50.223421200000004,2020-01-26 12:23
11.34,0.0,17.2512,2,224.726,1.9,25.407465300000002,-50.23345820000001,2020-01-26 12:28
11.33,0.0,17.0784,2,224.86700000000002,1.9,25.4052625,-50.2433823,2020-01-26 12:33
11.17,0.0,17.1936,2,224.984,1.9,25.4030768,-50.253199,2020-01-26 12:38
11.06,0.0,16.963199999999997,2,225.012333333333,1.9,25.400906600000003,-50.2629571,2020-01-26 12:43
11.07,0.0,16.6896,2,224.97866666666698,1.9,25.3986715,-50.2726975,2020-01-26 12:48
11.17,0.0,16.416,2,224.95733333333303,1.9,25.3964252,-50.28249520000001,2020-01-26 12:53
11.21,0.0,16.3584,2,224.91166666666697,1.9,25.3941809,-50.2922789,2020-01-26 12:58
11.54,0.0,13.089599999999999,2,219.12066666666698,1.87,25.2047807,-51.5427935,2020-01-26 8:03
11.62,0.0,13.032000000000002,2,219.08599999999998,1.87,25.202474,-51.5530162,2020-01-26 8:08
11.53,0.0,13.104000000000001,2,219.09066666666698,1.87,25.2001819,-51.5632656,2020-01-26 8:13
11.55,0.0,13.449599999999998,2,219.04133333333303,1.87,25.1978804,-51.5735218,2020-01-26 8:18
11.49,0.0,14.097599999999998,2,218.995333333333,1.87,25.1955806,-51.5838314,2020-01-26 8:23
11.55,0.0,15.2352,2,218.993,1.87,25.1932663,-51.5941842,2020-01-26 8:28
11.53,0.0,15.422400000000001,2,218.998,1.87,25.190998899999997,-51.9805345,2020-01-26 8:33
11.54,0.0,15.4512,2,218.97866666666698,1.87,25.1887534,-52.01489960000001,2020-01-26 8:38
11.54,0.0,15.3648,2,219.003,1.87,25.1865712,-52.0252778,2020-01-26 8:43
11.57,0.0,15.0192,2,219.017,1.87,25.1844135,-52.0356461,2020-01-26 8:48
11.59,0.0,15.0768,2,219.011666666667,1.87,25.182331,-52.0460345,2020-01-26 8:53
11.63,0.0,14.803199999999999,2,219.025333333333,1.87,25.180252,-52.0564196,2020-01-26 8:58
11.62,0.0,14.731200000000001,2,219.088666666667,1.87,25.1781914,-52.0667722,2020-01-26 9:03
11.57,0.0,14.8896,2,219.10866666666698,1.87,25.176091600000003,-52.077059399999996,2020-01-26 9:08
11.59,0.0,14.6592,2,219.065,1.87,25.1740103,-52.087367,2020-01-26 9:13
11.59,0.0,14.500800000000002,2,219.06266666666698,1.87,25.1719789,-52.0977069,2020-01-26 9:18
11.57,0.0,15.4368,2,219.04433333333301,1.87,25.1699652,-52.1080417,2020-01-26 9:23
11.55,0.0,17.049599999999998,2,219.032333333333,1.87,25.168003,-52.118413000000004,2020-01-26 9:28
11.55,0.0,17.1072,2,219.070666666667,1.87,25.166091,-52.1287822,2020-01-26 9:33
11.55,0.0,16.8912,2,219.06900000000002,1.87,25.164224800000003,-52.13914929999999,2020-01-26 9:38
11.52,0.0,16.7904,2,219.06599999999997,1.87,25.162387699999996,-52.1495318,2020-01-26 9:43
11.57,0.0,16.4304,2,219.114333333333,1.87,25.1604457,-52.159882200000006,2020-01-26 9:48
11.58,0.0,16.6464,2,219.12433333333303,1.87,25.1584979,-52.1701985,2020-01-26 9:53
11.47,0.0,16.2576,2,219.138,1.87,25.1565693,-52.180505200000006,2020-01-26 9:58
11.5,0.0,16.3872,2,219.10766666666697,1.87,25.1547717,-52.1908619,2020-01-26 10:03
11.61,0.0,16.2432,2,219.082666666667,1.87,25.1529724,-52.201251899999995,2020-01-26 10:08
11.67,0.0,16.0704,2,219.176666666667,1.87,25.1510699,-52.2115946,2020-01-26 10:13
11.51,0.0,15.9552,2,219.245333333333,1.87,25.149319000000002,-52.2218791,2020-01-26 10:18
11.55,0.0,16.1568,2,219.19966666666699,1.87,25.147610600000004,-52.2321691,2020-01-26 10:23
11.51,0.0,17.0352,2,219.153666666667,1.87,25.1458275,-52.24248720000001,2020-01-26 10:28
11.49,0.0,17.0352,2,232.78266666666698,1.79,25.1439829,-52.2528234,2020-01-26 10:33
11.53,0.0,16.833599999999997,2,232.67133333333302,1.79,25.1420367,-52.2631925,2020-01-26 10:38
11.5,0.0,16.6896,2,232.604666666667,1.79,25.1398922,-52.2735903,2020-01-26 10:43
11.56,0.0,16.2432,2,232.548,1.79,25.1377026,-52.2840553,2020-01-26 10:48
11.55,0.0,16.128,2,232.491666666667,1.79,25.1354298,-52.2945516,2020-01-26 10:53
11.7,0.0,16.2432,2,232.52,1.79,25.1330552,-52.305045799999995,2020-01-26 10:58
11.72,0.0,16.1712,2,232.63166666666697,1.79,25.130712300000003,-52.315463799999996,2020-01-26 11:03
11.63,0.0,16.1712,2,232.708,1.79,25.1284968,-52.325829399999996,2020-01-26 11:08
11.62,0.0,16.2,2,232.71,1.79,25.1263729,-52.3361738,2020-01-26 11:13
11.71,0.0,15.8832,2,232.738,1.79,25.124176600000002,-52.3464973,2020-01-26 11:18
11.66,0.0,16.1712,2,232.80966666666697,1.79,25.1219588,-52.356747600000006,2020-01-26 11:23
11.66,0.0,17.3376,2,232.852333333333,1.79,25.119805300000003,-52.3669445,2020-01-26 11:28
11.64,0.0,17.352,2,232.95,1.79,25.117652300000003,-52.3770911,2020-01-26 11:33
11.61,0.0,17.2944,2,232.968666666667,1.79,25.1155111,-52.387221200000006,2020-01-26 11:38
11.65,0.0,17.0352,2,232.945666666667,1.79,25.113441899999998,-52.3973514,2020-01-26 11:43
11.75,0.0,16.6896,2,233.016666666667,1.79,25.1112987,-52.407450399999995,2020-01-26 11:48
11.68,0.0,16.776,2,233.157,1.79,25.109227399999998,-52.4174563,2020-01-26 11:53
11.67,0.0,16.4448,2,233.21733333333302,1.79,25.107239899999996,-52.4273898,2020-01-26 11:58
11.66,10.38,16.6752,2,215.89033333333302,1.75,25.1052412,-52.4372628,2020-01-27 12:03
11.61,10.38,16.2432,2,215.91166666666697,1.75,25.103187300000002,-52.447055500000005,2020-01-27 12:08
11.61,10.38,16.401600000000002,2,215.89466666666698,1.75,25.1011373,-52.456863899999995,2020-01-27 12:13
11.57,10.38,16.3008,2,215.834333333333,1.75,25.0990774,-52.466688100000006,2020-01-27 12:18
11.56,10.38,16.6464,2,215.72866666666698,1.75,25.0969383,-52.47657099999999,2020-01-27 12:23
11.57,10.38,17.4816,2,215.66433333333302,1.75,25.094831,-52.4865287,2020-01-27 12:28
11.6,10.38,17.5392,2,215.635666666667,1.75,25.092717,-52.4965319,2020-01-27 12:33
11.65,10.38,17.3232,2,222.74200000000002,1.8,25.090609699999998,-52.506536100000005,2020-01-27 12:38
11.51,10.38,17.2224,2,222.755666666667,1.8,25.0885533,-52.5165132,2020-01-27 12:43
11.48,10.38,16.776,2,222.69033333333303,1.8,25.086572399999998,-52.526542299999996,2020-01-27 12:48
11.55,10.38,16.6896,2,222.60966666666698,1.8,25.0846324,-52.536665,2020-01-27 12:53
11.49,10.38,16.747200000000003,2,222.518333333333,1.8,25.0826879,-52.5468632,2020-01-27 12:58
11.42,10.38,16.704,2,224.33666666666699,1.71,25.0807352,-52.5571583,2020-01-27 1:03
11.48,10.38,16.1136,2,224.27933333333303,1.71,25.078766199999997,-52.56753539999999,2020-01-27 1:08
11.46,10.38,16.3728,2,224.239333333333,1.71,25.0767705,-52.57795720000001,2020-01-27 1:13
11.51,10.38,15.8832,2,224.144333333333,1.71,25.0746887,-52.58842779999999,2020-01-27 1:18
11.54,10.38,16.214399999999998,2,224.123666666667,1.71,25.072544,-52.758949,2020-01-27 1:23
11.58,10.38,17.5536,2,224.14833333333303,1.71,25.0703802,-53.0094356,2020-01-27 1:28
11.65,10.38,17.236800000000002,2,232.03266666666698,1.73,25.068221100000002,-53.0198877,2020-01-27 1:33
11.72,10.38,17.2512,2,232.15833333333302,1.73,25.0659291,-53.030210499999995,2020-01-27 1:38
11.57,10.38,17.4528,2,232.19866666666698,1.73,25.0634008,-53.04038539999999,2020-01-27 1:43
11.58,10.38,17.352,2,232.26733333333303,1.73,25.0608375,-53.050543999999995,2020-01-27 1:48
11.7,10.38,16.8912,2,232.305,1.73,25.0582631,-53.060604500000004,2020-01-27 1:53
11.69,10.38,16.8192,2,232.40200000000002,1.73,25.055692800000003,-53.0706249,2020-01-27 1:58
11.65,10.38,16.704,2,232.46833333333302,1.73,25.0531986,-53.0805851,2020-01-27 2:03
11.62,10.38,16.704,2,232.44666666666697,1.73,25.050779199999997,-53.0905473,2020-01-27 2:08
11.66,10.38,16.6752,2,232.412333333333,1.73,25.048388,-53.100545499999996,2020-01-27 2:13
11.61,10.38,16.4592,2,232.43166666666698,1.73,25.0460454,-53.11055820000001,2020-01-27 2:18
11.68,10.38,16.5888,2,232.47533333333303,1.73,25.0437379,-53.1205574,2020-01-27 2:23
11.6,10.38,17.2512,2,232.53766666666698,1.73,25.0415476,-53.1305426,2020-01-27 2:28
11.67,10.38,17.2224,2,232.56599999999997,1.73,25.0395938,-53.140545900000006,2020-01-27 2:33
11.73,10.38,16.8192,2,232.59400000000002,1.73,25.037722,-53.1505314,2020-01-27 2:38
11.68,10.38,16.747200000000003,2,232.65333333333302,1.73,25.035869899999998,-53.160500899999995,2020-01-27 2:43
11.64,10.38,16.776,2,232.708333333333,1.73,25.034095,-53.170440899999996,2020-01-27 2:48
11.62,10.38,16.3296,2,232.74833333333302,1.73,25.0323788,-53.1803034,2020-01-27 2:53
11.58,10.38,16.2576,2,232.79966666666698,1.73,25.0305407,-53.190126600000006,2020-01-27 2:58
11.58,10.38,16.041600000000003,2,232.807666666667,1.73,25.0287112,-53.199917000000006,2020-01-27 3:03
11.53,10.38,15.926400000000001,2,232.752333333333,1.73,25.0267628,-53.2097209,2020-01-27 3:08
11.62,10.38,16.2,2,232.73533333333302,1.73,25.0247724,-53.219554,2020-01-27 3:13
11.58,10.38,16.0128,2,232.765666666667,1.73,25.022796399999997,-53.229364399999994,2020-01-27 3:18
11.59,10.38,16.3872,2,232.82299999999998,1.73,25.0208764,-53.239141000000004,2020-01-27 3:23
11.62,10.38,17.8272,2,232.833333333333,1.73,25.018973100000004,-53.248932999999994,2020-01-27 3:28
11.56,10.38,17.712,2,232.84,1.73,25.0171235,-53.2587105,2020-01-27 3:33
11.58,10.38,17.2656,2,232.79033333333302,1.73,25.015163,-53.2684801,2020-01-27 3:38
11.59,10.38,17.2944,2,232.763,1.73,25.013233,-53.2782964,2020-01-27 3:43
11.56,10.38,17.1648,2,232.771666666667,1.73,25.0113086,-53.288116200000005,2020-01-27 3:48
11.53,10.38,16.747200000000003,2,232.764,1.73,25.0093917,-53.2979434,2020-01-27 3:53
11.54,10.38,16.9344,2,232.713,1.73,25.007503500000002,-53.3077906,2020-01-27 3:58
11.57,10.38,16.747200000000003,2,232.73733333333303,1.73,25.0055865,-53.3176378,2020-01-27 4:03
11.54,10.38,16.531200000000002,2,232.75666666666697,1.73,25.003676300000002,-53.3274623,2020-01-27 4:08
11.54,10.38,16.3296,2,232.69666666666697,1.73,25.0017839,-53.3373284,2020-01-27 4:13
11.56,10.38,16.1136,2,232.67633333333302,1.73,24.7687388,-53.347230200000006,2020-01-27 4:18
11.59,10.38,16.473599999999998,2,232.653,1.73,24.5978655,-53.3571164,2020-01-27 4:23
11.52,10.38,17.1648,2,232.577333333333,1.73,24.5957549,-53.367015,2020-01-27 4:28
11.48,10.38,17.1504,2,232.62166666666698,1.73,24.593626699999998,-53.37696,2020-01-27 4:33
11.44,10.38,16.992,2,232.58133333333302,1.73,24.591468,-53.38693370000001,2020-01-27 4:38
11.46,10.38,17.0352,2,232.494333333333,1.73,24.5893497,-53.39697389999999,2020-01-27 4:43
11.58,10.38,16.8624,2,232.469666666667,1.73,24.5872402,-53.407082900000006,2020-01-27 4:48
11.51,10.38,16.6176,2,232.42033333333302,1.73,24.5851152,-53.4172125,2020-01-27 4:53
11.56,10.38,16.3296,2,232.486,1.73,24.5829954,-53.427338,2020-01-27 4:58
11.68,10.38,16.3008,2,232.665,1.73,24.5807704,-53.437324600000004,2020-01-27 5:03
11.62,10.38,16.3008,2,232.72333333333302,1.73,24.5784749,-53.447219999999994,2020-01-27 5:08
11.52,10.38,15.9408,2,232.691333333333,1.73,24.5761532,-53.457056099999996,2020-01-27 5:13
11.48,10.38,15.7392,2,232.626112956811,1.73,24.573771100000002,-53.4669451,2020-01-27 5:18
11.5,10.38,16.531200000000002,2,232.556655518395,1.73,24.571422100000003,-53.4769069,2020-01-27 5:23
11.48,10.38,17.6544,2,232.46166112956797,1.73,24.5691185,-53.48692809999999,2020-01-27 5:28
11.56,10.38,17.6688,2,232.416666666667,1.73,24.5667847,-53.497012,2020-01-27 5:33
11.52,10.38,17.438399999999998,2,239.10299999999998,1.79,24.5644337,-53.5071551,2020-01-27 5:38
11.57,10.38,17.3376,2,239.099666666667,1.79,24.5620908,-53.517337100000006,2020-01-27 5:43
11.6,10.38,16.9776,2,239.11033333333302,1.79,24.5596953,-53.527466000000004,2020-01-27 5:48
11.54,10.38,16.992,2,239.16266666666698,1.79,24.5573058,-53.5375868,2020-01-27 5:53
11.55,10.38,16.747200000000003,2,239.167333333333,1.79,24.5549537,-53.547682200000004,2020-01-27 5:58
11.57,10.38,16.7616,2,239.14700000000002,1.79,24.552614600000002,-53.55778670000001,2020-01-27 6:03
11.59,10.38,16.5744,2,239.22333333333302,1.79,24.5502896,-53.567848100000006,2020-01-27 6:08
11.6,10.38,16.660800000000002,2,239.26533333333302,1.79,24.5480451,-53.5778741,2020-01-27 6:13
11.61,10.38,16.3296,2,239.25400000000002,1.79,24.5456975,-53.5878764,2020-01-27 6:18
11.6,10.38,16.6464,2,239.19166666666698,1.79,24.5432203,-53.7147654,2020-01-27 6:23
11.57,10.38,17.567999999999998,2,239.134666666667,1.79,24.5407957,-54.0079353,2020-01-27 6:28
11.57,10.38,17.2224,2,239.12400000000002,1.79,24.538434,-54.0180529,2020-01-27 6:33
11.62,10.38,16.963199999999997,2,239.137,1.79,24.5361232,-54.028177,2020-01-27 6:38
11.68,10.38,16.6176,2,239.242666666667,1.79,24.5337913,-54.038261,2020-01-27 6:43
11.67,10.38,16.6752,2,239.314666666667,1.79,24.5314388,-54.0482024,2020-01-27 6:48
11.65,10.38,16.7184,2,239.260666666667,1.79,24.529145,-54.0581956,2020-01-27 6:53
11.61,10.38,16.5024,2,239.183,1.79,24.5269307,-54.0682404,2020-01-27 6:58
11.62,10.38,16.0704,2,239.092666666667,1.79,24.5248335,-54.0784025,2020-01-27 7:03
11.64,10.38,16.1568,2,239.06066666666698,1.79,24.5227721,-54.0886188,2020-01-27 7:08
11.66,10.38,16.0272,2,239.067333333333,1.79,24.5207022,-54.0988593,2020-01-27 7:13
11.61,10.38,15.8832,2,239.089333333333,1.79,24.5186204,-54.1090704,2020-01-27 7:18
11.68,10.38,16.5456,2,239.065,1.79,24.516568300000003,-54.1192762,2020-01-27 7:23
11.78,10.38,18.2448,2,239.05833333333302,1.79,24.514513600000004,-54.1295152,2020-01-27 7:28
11.85,10.38,17.5392,2,237.78099999999998,1.82,24.5125531,-54.139772,2020-01-27 7:33
11.82,10.38,17.5392,2,237.84599999999998,1.82,24.5106465,-54.1499652,2020-01-27 7:38
11.84,10.38,17.2656,2,237.93666666666698,1.82,24.5087689,-54.1601225,2020-01-27 7:43
11.79,10.38,17.2512,2,238.00666666666697,1.82,24.5068995,-54.1701899,2020-01-27 7:48
11.78,10.38,17.064,2,237.975666666667,1.82,24.5049123,-54.1802228,2020-01-27 7:53
11.75,10.38,16.876800000000003,2,237.89700000000002,1.82,24.502876399999998,-54.19029449999999,2020-01-27 7:58
11.71,10.38,16.6752,2,237.83066666666699,1.82,24.5007633,-54.2004128,2020-01-27 8:03
11.67,10.38,16.732799999999997,2,232.99666666666698,1.73,24.4986608,-54.2105799,2020-01-27 8:08
11.61,10.38,16.3296,2,232.93099999999998,1.73,24.496621100000002,-54.22086650000001,2020-01-27 8:13
11.67,10.38,16.2864,2,232.91966666666698,1.73,24.4945427,-54.2311454,2020-01-27 8:18
11.7,10.38,16.6752,2,232.97,1.73,24.492368,-54.24136529999999,2020-01-27 8:23
11.61,10.38,17.3376,2,233.025,1.73,24.490246399999997,-54.2515702,2020-01-27 8:28
11.64,10.38,17.2512,2,232.979666666667,1.73,24.4881044,-54.2618004,2020-01-27 8:33
11.61,10.38,17.092799999999997,2,232.995333333333,1.73,24.485857,-54.271976699999996,2020-01-27 8:38
11.69,10.38,16.747200000000003,2,232.96099999999998,1.73,24.483597800000002,-54.2821415,2020-01-27 8:43
11.69,10.38,16.92,2,233.06,1.73,24.4813191,-54.2922558,2020-01-27 8:48
11.58,10.38,16.8912,2,233.06866666666699,1.73,24.4791112,-54.30237460000001,2020-01-27 8:53
11.59,10.38,16.473599999999998,2,232.989,1.73,24.476732600000002,-54.3124833,2020-01-27 8:58
11.69,10.38,16.56,2,232.928666666667,1.73,24.4742466,-54.3225877,2020-01-27 9:03
11.66,10.38,16.3296,2,232.922,1.73,24.471659600000002,-54.3326988,2020-01-27 9:08
11.74,10.38,16.128,2,232.88633333333303,1.73,24.469088,-54.342839600000005,2020-01-27 9:13
11.66,10.38,16.056,2,232.93666666666698,1.73,24.4666826,-54.35300920000001,2020-01-27 9:18
11.59,10.38,16.3296,2,232.938,1.73,24.4644943,-54.3632267,2020-01-27 9:23
11.59,10.38,17.5824,2,232.93166666666698,1.73,24.462382,-54.373475600000006,2020-01-27 9:28
11.57,10.38,17.64,2,232.87433333333303,1.73,24.460325,-54.383765100000005,2020-01-27 9:33
11.51,10.38,17.8416,2,232.81,1.73,24.4583317,-54.3941279,2020-01-27 9:38
11.56,10.38,17.236800000000002,2,232.697333333333,1.73,24.4563448,-54.4045774,2020-01-27 9:43
11.59,10.38,17.0352,2,232.579333333333,1.73,24.4544313,-54.415154,2020-01-27 9:48
11.56,10.38,17.049599999999998,2,232.57,1.73,24.452475,-54.425792,2020-01-27 9:53
11.52,10.38,16.776,2,232.575,1.73,24.4503512,-54.4363757,2020-01-27 9:58
11.54,10.38,16.9488,2,232.49066666666698,1.73,24.4482014,-54.4470167,2020-01-27 10:03
11.61,10.38,16.660800000000002,2,232.437,1.73,24.446009699999998,-54.4576929,2020-01-27 10:08
11.67,10.38,16.3296,2,232.383333333333,1.73,24.443759600000003,-54.4684068,2020-01-27 10:13
11.67,10.38,16.3872,2,232.357333333333,1.73,24.441542000000002,-54.479156599999996,2020-01-27 10:18
11.64,10.38,16.5744,2,232.30466666666698,1.73,24.4392684,-54.48991289999999,2020-01-27 10:23
11.6,10.38,17.28,2,218.47166666666698,1.76,24.4369125,-54.50067979999999,2020-01-27 10:28
11.63,10.38,17.3952,2,229.55833333333302,1.78,24.4343766,-54.511419200000006,2020-01-27 10:33
11.62,10.38,17.1216,2,229.48633333333302,1.78,24.4317053,-54.5221868,2020-01-27 10:38
11.71,10.38,17.1648,2,229.458333333333,1.78,24.42889,-54.53296170000001,2020-01-27 10:43
11.71,10.38,17.092799999999997,2,229.51466666666698,1.78,24.4260324,-54.5437042,2020-01-27 10:48
11.6,10.38,16.56,2,229.622666666667,1.78,24.423254699999998,-54.5543795,2020-01-27 10:53
11.64,10.38,16.603199999999998,2,229.593666666667,1.78,24.4204821,-54.5650381,2020-01-27 10:58
11.72,10.38,16.2864,2,229.543,1.78,24.4177071,-54.575722,2020-01-27 11:03
11.78,10.38,16.3872,2,229.532333333333,1.78,24.414928699999997,-54.58644079999999,2020-01-27 11:08
11.75,10.38,16.084799999999998,2,229.588,1.78,24.4122014,-54.6904894,2020-01-27 11:13
11.73,10.38,15.926400000000001,2,229.593666666667,1.78,24.409423999999998,-55.007813,2020-01-27 11:18
11.77,10.38,16.0992,2,229.638333333333,1.78,24.4066729,-55.0184409,2020-01-27 11:23
11.74,10.38,17.6688,2,229.66966666666698,1.78,24.4039846,-55.0290581,2020-01-27 11:28
11.73,10.38,17.424,2,229.687,1.78,24.4013374,-55.039680000000004,2020-01-27 11:33
11.72,10.38,17.625600000000002,2,229.67533333333301,1.78,24.398681,-55.0502966,2020-01-27 11:38
11.73,10.38,17.3808,2,229.631333333333,1.78,24.395979999999998,-55.0609265,2020-01-27 11:43
11.77,10.38,17.0784,2,229.61233333333303,1.78,24.3932775,-55.07160210000001,2020-01-27 11:48
11.81,10.38,16.876800000000003,2,229.70466666666698,1.78,24.3905476,-55.0822324,2020-01-27 11:53
11.75,10.38,16.8192,2,229.84833333333302,1.78,24.387826699999998,-55.0927423,2020-01-27 11:58
11.79,10.38,16.4592,2,229.89733333333302,1.78,24.385128100000003,-55.103168200000006,2020-01-27 12:03
11.84,10.38,16.3008,2,229.996333333333,1.78,24.382433600000002,-55.113531200000004,2020-01-27 12:08
11.74,10.38,15.984,2,230.031333333333,1.78,24.3797558,-55.12381379999999,2020-01-27 12:13
11.76,10.38,15.767999999999999,2,230.004666666667,1.78,24.3770521,-55.134087199999996,2020-01-27 12:18
11.79,10.38,15.9552,2,230.047666666667,1.78,24.3743603,-55.144352600000005,2020-01-27 12:23
11.72,10.38,16.833599999999997,2,229.98266666666697,1.78,24.3717402,-55.154634400000006,2020-01-27 12:28
11.74,10.38,17.0352,2,229.94,1.78,24.369201699999998,-55.16500550000001,2020-01-27 12:33
11.73,10.38,17.0784,2,229.94766666666698,1.78,24.3667224,-55.1754211,2020-01-27 12:38
11.74,10.38,16.7184,2,229.898666666667,1.78,24.3643311,-55.1858733,2020-01-27 12:43
11.71,10.38,16.92,2,229.84166666666698,1.78,24.3619546,-55.1963767,2020-01-27 12:48
11.86,10.38,16.1712,2,229.882,1.78,24.3595791,-55.206914000000005,2020-01-27 12:53
11.85,10.38,16.3872,2,230.001333333333,1.78,24.3571732,-55.2173444,2020-01-27 12:58
11.84,10.38,16.3584,2,226.723666666667,1.7,24.354822100000003,-55.2276887,2020-01-27 1:03
11.81,10.38,16.056,2,226.77333333333303,1.7,24.352464899999998,-55.23798789999999,2020-01-27 1:08
11.78,10.38,15.8688,2,226.795666666667,1.7,24.3501312,-55.2482614,2020-01-27 1:13
11.69,10.4,18.1152,3,234.757333333333,1.77,24.0671102,-57.4007595,2020-01-28 12:03
11.66,10.4,18.1872,3,234.82533333333302,1.77,24.0647431,-57.410099800000005,2020-01-28 12:08
11.59,10.4,18.1728,3,234.84166666666698,1.77,24.062376999999998,-57.419390899999996,2020-01-28 12:13
11.62,10.4,17.6688,3,234.72099999999998,1.77,24.0599963,-57.4287132,2020-01-28 12:18
11.68,10.4,17.4816,3,234.649333333333,1.77,24.0575555,-57.43810260000001,2020-01-28 12:23
11.75,10.4,17.5824,3,234.65900000000002,1.77,24.055137300000002,-57.447522,2020-01-28 12:28
11.66,10.4,17.064,3,234.68233333333302,1.77,24.052677,-57.4568958,2020-01-28 12:33
11.66,10.4,17.3232,3,234.582666666667,1.77,24.0502185,-57.466306,2020-01-28 12:38
11.73,10.4,17.0784,3,234.48733333333303,1.77,24.0477909,-57.47584570000001,2020-01-28 12:43
11.73,10.4,16.732799999999997,3,234.450666666667,1.77,24.0453426,-57.48543879999999,2020-01-28 12:48
11.74,10.4,16.5168,3,234.432666666667,1.77,24.0428676,-57.495071700000004,2020-01-28 12:53
11.77,10.4,16.142400000000002,2,240.71099999999998,1.74,24.0404247,-57.504690599999996,2020-01-28 12:58
11.71,10.4,16.3296,0,225.503666666667,1.85,24.0379677,-57.5142838,2020-01-28 1:03
11.65,10.4,16.142400000000002,0,225.454,1.85,24.035490399999997,-57.523916299999996,2020-01-28 1:08
11.68,10.4,16.056,0,225.37566666666697,1.85,24.033083800000004,-57.533665299999996,2020-01-28 1:13
11.69,10.4,16.0272,0,225.311333333333,1.85,24.0306456,-57.5434759,2020-01-28 1:18
11.63,10.4,15.9408,0,225.23266666666697,1.85,24.028217899999998,-57.55333639999999,2020-01-28 1:23
11.66,10.4,17.2224,0,225.2,1.85,24.025769600000004,-57.5632498,2020-01-28 1:28
11.68,10.4,17.179199999999998,0,238.819666666667,1.81,24.0232955,-57.573189899999996,2020-01-28 1:33
11.64,10.4,17.179199999999998,0,238.82299999999998,1.81,24.020820899999997,-57.5831235,2020-01-28 1:38
11.67,10.4,16.963199999999997,0,238.82166666666697,1.81,24.0183691,-57.5930752,2020-01-28 1:43
11.6,10.4,16.9344,0,238.784666666667,1.81,24.015975100000002,-57.9252833,2020-01-28 1:48
11.7,10.4,16.833599999999997,0,238.770333333333,1.81,24.0135545,-58.013061300000004,2020-01-28 1:53
11.62,10.4,16.5168,0,238.78400000000002,1.81,24.0111652,-58.023080500000006,2020-01-28 1:58
11.75,10.4,16.3152,0,238.73,1.81,24.008941399999998,-58.03316329999999,2020-01-28 2:03
11.74,10.4,16.2576,0,238.71233333333302,1.81,24.006774,-58.0432981,2020-01-28 2:08
11.66,10.4,16.084799999999998,0,238.64233333333303,1.81,24.0047776,-58.053501600000004,2020-01-28 2:13
11.69,10.4,16.1568,0,238.628,1.81,24.00289,-58.0637816,2020-01-28 2:18
11.73,10.4,16.2432,0,238.603333333333,1.81,24.0010511,-58.0740853,2020-01-28 2:23
11.65,10.4,17.236800000000002,0,238.552666666667,1.81,23.625808499999998,-58.0843924,2020-01-28 2:28
11.78,10.4,17.208,0,238.514333333333,1.81,23.5970646,-58.094730299999995,2020-01-28 2:33
11.8,10.4,17.1504,0,238.582666666667,1.81,23.5949896,-58.105076100000005,2020-01-28 2:38
11.8,10.4,16.776,0,238.612,1.81,23.5929565,-58.11533539999999,2020-01-28 2:43
11.68,10.4,16.7184,0,238.59900000000002,1.81,23.590914,-58.1256054,2020-01-28 2:48
11.64,10.4,16.5744,0,238.609333333333,1.81,23.588813000000002,-58.1358791,2020-01-28 2:53
11.73,10.4,16.4592,0,238.58833333333303,1.81,23.5863807,-58.1460575,2020-01-28 2:58
11.8,10.4,16.0704,0,238.72166666666698,1.81,23.5837745,-58.1561125,2020-01-28 3:03
11.74,10.4,16.0128,0,238.846333333333,1.81,23.5812423,-58.166089299999996,2020-01-28 3:08
11.67,10.4,15.7824,0,238.979666666667,1.81,23.5786729,-58.1759111,2020-01-28 3:13
11.63,10.4,15.5232,0,239.073333333333,1.81,23.5760999,-58.1856451,2020-01-28 3:18
11.49,10.4,16.3728,0,239.17466666666698,1.81,23.573568899999998,-58.195265299999996,2020-01-28 3:23
11.39,10.4,17.467200000000002,0,239.22799999999998,1.81,23.5710247,-58.20481529999999,2020-01-28 3:28
11.51,10.4,17.3232,0,239.120333333333,1.81,23.568453,-58.2144142,2020-01-28 3:33
11.6,10.4,17.1504,0,239.079,1.81,23.5658222,-58.2240639,2020-01-28 3:38
11.67,10.4,16.9344,0,239.227,1.81,23.563068899999998,-58.2336331,2020-01-28 3:43
11.48,10.4,16.848,0,239.394,1.81,23.5603663,-58.24301429999999,2020-01-28 3:48
11.49,10.4,16.7184,0,239.35533333333302,1.81,23.557809,-58.2523914,2020-01-28 3:53
11.56,10.4,16.6464,0,239.22533333333303,1.81,23.5553828,-58.2619171,2020-01-28 3:58
11.68,10.4,16.0272,0,239.136,1.81,23.553051999999997,-58.271566,2020-01-28 4:03
11.8,10.4,16.3728,0,239.08233333333303,1.81,23.550828,-58.2813517,2020-01-28 4:08
11.65,10.4,16.1856,0,239.099666666667,1.81,23.5486681,-58.291084700000006,2020-01-28 4:13
11.72,10.4,15.969599999999998,0,239.093666666667,1.81,23.5466176,-58.300901,2020-01-28 4:18
11.68,10.4,16.128,0,239.112666666667,1.81,23.5446403,-58.310736999999996,2020-01-28 4:23
11.62,10.4,17.1072,0,239.07266666666698,1.81,23.5427005,-58.32051559999999,2020-01-28 4:28
11.67,10.4,16.9056,0,232.53766666666698,1.74,23.5408276,-58.33042370000001,2020-01-28 4:33
11.78,10.4,16.6464,0,232.49833333333302,1.74,23.538870199999998,-58.3403419,2020-01-28 4:38
11.77,10.4,16.6176,0,232.543333333333,1.74,23.5369813,-58.350304,2020-01-28 4:43
11.73,10.4,16.747200000000003,0,232.59066666666698,1.74,23.5352052,-58.3602197,2020-01-28 4:48
11.74,10.4,16.5168,0,232.577333333333,1.74,23.5335196,-58.370169,2020-01-28 4:53
11.69,10.4,16.488,0,232.59099999999998,1.74,23.5319082,-58.3801496,2020-01-28 4:58
11.64,10.4,16.2432,0,232.59933333333302,1.74,23.5303139,-58.3901083,2020-01-28 5:03
11.59,10.4,16.2,0,232.63033333333303,1.74,23.528596,-58.4000233,2020-01-28 5:08
11.62,10.4,15.8688,0,232.59833333333302,1.74,23.526877600000002,-58.4099424,2020-01-28 5:13
11.66,10.4,15.624,0,232.548,1.74,23.525201199999998,-58.419915599999996,2020-01-28 5:18
11.62,10.4,16.142400000000002,0,232.55566666666698,1.74,23.5236611,-58.4299307,2020-01-28 5:23
11.56,10.4,17.236800000000002,0,232.57433333333302,1.74,23.5221663,-58.43994179999999,2020-01-28 5:28
11.6,10.4,17.2656,0,232.58700000000002,1.74,23.5205794,-58.4498881,2020-01-28 5:33
11.56,10.4,17.352,0,232.603333333333,1.74,23.5190128,-58.459835700000006,2020-01-28 5:38
11.6,10.4,17.092799999999997,0,232.58566666666698,1.74,23.5174795,-58.4697926,2020-01-28 5:43
11.61,10.4,16.9776,0,232.628,1.74,23.5158121,-58.4797181,2020-01-28 5:48
11.57,10.4,16.704,0,232.686333333333,1.74,23.5141153,-58.4895747,2020-01-28 5:53
11.55,10.4,16.4592,0,232.80599999999998,1.74,23.5124746,-58.4993636,2020-01-28 5:58
11.48,10.4,16.488,3,231.66400000000002,1.77,23.5109475,-58.509120900000006,2020-01-28 6:03
11.5,10.4,16.603199999999998,3,231.69400000000002,1.77,23.5094659,-58.51883929999999,2020-01-28 6:08
11.5,10.4,16.2288,3,231.67366666666697,1.77,23.508052399999997,-58.5285288,2020-01-28 6:13
11.56,10.4,15.8688,3,231.674,1.77,23.506684699999997,-58.5382639,2020-01-28 6:18
11.61,10.4,16.3152,3,231.67033333333302,1.77,23.5052437,-58.5479874,2020-01-28 6:23
11.69,10.4,16.92,3,231.72,1.77,23.5036736,-58.5576666,2020-01-28 6:28
11.67,10.4,16.9776,3,231.795,1.77,23.5020185,-58.567262199999995,2020-01-28 6:33
11.59,10.4,16.9056,3,231.84066666666698,1.77,23.5002122,-58.5767519,2020-01-28 6:38
11.49,10.4,16.92,2,248.201,1.72,23.4983497,-58.5862208,2020-01-28 6:43
11.48,10.4,16.92,2,247.99333333333303,1.72,23.4963373,-58.623820200000004,2020-01-28 6:48
11.54,10.4,16.660800000000002,2,247.835,1.72,23.4942027,-59.00556410000001,2020-01-28 6:53
11.66,10.4,16.2864,2,247.76,1.72,23.4920299,-59.0153831,2020-01-28 6:58
11.73,10.4,16.128,2,247.787333333333,1.72,23.489773899999996,-59.0252068,2020-01-28 7:03
11.76,10.4,15.8688,2,247.787333333333,1.72,23.487454800000002,-59.035015599999994,2020-01-28 7:08
11.67,10.4,15.9552,2,247.80733333333302,1.72,23.4850967,-59.04478,2020-01-28 7:13
11.55,10.4,15.465599999999998,2,247.813,1.72,23.4827247,-59.0545314,2020-01-28 7:18
11.65,10.4,15.8832,2,247.78166666666698,1.72,23.480271,-59.064299399999996,2020-01-28 7:23
11.69,10.4,17.28,2,247.78099999999998,1.72,23.4778263,-59.0740747,2020-01-28 7:28
11.75,10.4,17.496000000000002,2,228.301666666667,1.71,23.4753267,-59.083812300000005,2020-01-28 7:33
11.71,10.4,17.1072,2,228.358333333333,1.71,23.472952399999997,-59.09356629999999,2020-01-28 7:38
11.7,10.4,16.8912,2,228.371333333333,1.71,23.4705991,-59.103282400000005,2020-01-28 7:43
11.69,10.4,16.747200000000003,2,228.33366666666697,1.71,23.468278899999998,-59.113034899999995,2020-01-28 7:48
11.75,10.4,16.4592,2,228.26033333333302,1.71,23.466020800000003,-59.122851399999995,2020-01-28 7:53
11.71,10.4,16.343999999999998,2,228.14700000000002,1.71,23.4636685,-59.1326951,2020-01-28 7:58
11.71,10.4,16.3008,2,228.02,1.71,23.4611785,-59.1426549,2020-01-28 8:03
11.75,10.4,15.8832,2,227.942333333333,1.71,23.4587464,-59.1527115,2020-01-28 8:08
11.83,10.4,16.056,2,227.88299999999998,1.71,23.456352300000002,-59.16286089999999,2020-01-28 8:13
11.88,10.4,15.7824,2,227.90566666666697,1.71,23.453994199999997,-59.1730161,2020-01-28 8:18
11.84,10.4,16.1568,2,227.900333333333,1.71,23.4516013,-59.183143799999996,2020-01-28 8:23
11.77,10.4,17.049599999999998,2,227.897666666667,1.71,23.449217899999997,-59.1932685,2020-01-28 8:28
11.83,10.4,16.92,2,227.892666666667,1.71,23.4468712,-59.2034121,2020-01-28 8:33
11.81,10.4,16.876800000000003,2,227.882333333333,1.71,23.444601199999997,-59.2135926,2020-01-28 8:38
11.94,10.4,16.5024,2,227.971333333333,1.71,23.4423633,-59.223740799999995,2020-01-28 8:43
11.84,10.4,16.2864,2,228.07466666666699,1.71,23.4402567,-59.2338585,2020-01-28 8:48
11.85,10.4,16.4448,2,228.095333333333,1.71,23.4381801,-59.2438814,2020-01-28 8:53
11.86,10.4,16.1136,2,228.11599999999999,1.71,23.4361952,-59.2538906,2020-01-28 8:58
11.78,10.4,15.926400000000001,2,228.11700000000002,1.71,23.434284899999998,-59.2639226,2020-01-28 9:03
11.98,10.4,15.8256,2,228.271,1.71,23.432270000000003,-59.27386800000001,2020-01-28 9:08
11.91,10.4,15.897599999999999,2,228.46333333333303,1.71,23.4302859,-59.283635100000005,2020-01-28 9:13
11.88,10.4,15.696,2,228.601,1.71,23.4282782,-59.2932314,2020-01-28 9:18
11.89,10.4,16.0128,2,228.68900000000002,1.71,23.4262727,-59.30273879999999,2020-01-28 9:23
11.8,10.4,16.9056,2,228.86,1.71,23.4242049,-59.31211879999999,2020-01-28 9:28
11.8,10.4,17.179199999999998,2,228.96200000000002,1.71,23.422041699999998,-59.321339,2020-01-28 9:33
11.84,10.4,16.9776,2,229.031333333333,1.71,23.4197451,-59.3304552,2020-01-28 9:38
11.81,10.4,16.992,2,229.018,1.71,23.4173702,-59.33951120000001,2020-01-28 9:43
11.71,10.4,17.0208,2,229.025333333333,1.71,23.4150032,-59.348577299999995,2020-01-28 9:48
11.69,10.4,16.473599999999998,2,229.03,1.71,23.412900699999998,-59.3577054,2020-01-28 9:53
11.72,10.4,16.401600000000002,2,228.96099999999998,1.71,23.410939600000003,-59.3668961,2020-01-28 9:58
11.69,10.4,16.2864,2,228.882159468439,1.71,23.4089642,-59.3761747,2020-01-28 10:03
11.7,10.4,16.3584,2,228.81233333333302,1.71,23.4070705,-59.385530599999996,2020-01-28 10:08
11.77,10.4,16.401600000000002,2,228.79433333333301,1.71,23.4052667,-59.3949762,2020-01-28 10:13
11.76,10.4,15.969599999999998,2,228.778666666667,1.71,23.4035025,-59.4044309,2020-01-28 10:18
11.77,10.4,16.2432,2,228.782333333333,1.71,23.4016095,-59.413843500000006,2020-01-28 10:23
11.83,10.4,17.136000000000003,2,228.78533333333303,1.71,23.3994641,-59.423203799999996,2020-01-28 10:28
11.83,10.4,17.179199999999998,2,235.13,1.68,23.397390899999998,-59.4326069,2020-01-28 10:33
11.74,10.4,17.064,2,235.121333333333,1.68,23.395342899999996,-59.4420027,2020-01-28 10:38
11.81,10.4,16.8048,2,235.096333333333,1.68,23.393335399999998,-59.4514338,2020-01-28 10:43
11.83,10.4,16.660800000000002,2,235.12566666666697,1.68,23.3913906,-59.460883900000006,2020-01-28 10:48
11.78,10.4,16.6464,2,235.15666666666698,1.68,23.389477,-59.4703083,2020-01-28 10:53
11.69,10.4,16.6464,2,235.18133333333301,1.68,23.3875633,-59.4797098,2020-01-28 10:58
11.7,10.4,16.5168,2,235.15833333333302,1.68,23.3856902,-59.4891233,2020-01-28 11:03
11.76,10.4,16.0272,2,235.120333333333,1.68,23.3838401,-59.4985664,2020-01-28 11:08
11.81,10.4,15.6528,1,232.23866666666697,1.68,23.3820293,-59.5080505,2020-01-28 11:13
11.83,10.4,15.465599999999998,1,232.25866666666698,1.68,23.3802397,-59.5175078,2020-01-28 11:18
11.81,10.4,16.3152,1,232.30700000000002,1.68,23.3785291,-59.5269562,2020-01-28 11:23
11.79,10.4,17.064,1,232.28099999999998,1.68,23.376888100000002,-59.53641210000001,2020-01-28 11:28
11.78,10.4,17.064,1,232.282,1.68,23.3753337,-59.545897,2020-01-28 11:33
11.78,10.4,17.3232,1,232.24733333333302,1.68,23.3738005,-59.5554044,2020-01-28 11:38
11.75,10.4,16.833599999999997,1,232.219666666667,1.68,23.372313600000002,-59.5649603,2020-01-28 11:43
11.82,10.4,16.7184,1,232.21099999999998,1.68,23.3708737,-59.574543299999995,2020-01-28 11:48
11.79,10.4,16.7616,1,232.240333333333,1.68,23.369458899999998,-59.5841111,2020-01-28 11:53
11.82,10.4,16.343999999999998,1,232.24833333333302,1.68,23.368060999999997,-59.5936658,2020-01-28 11:58
11.76,10.4,15.984,1,232.270333333333,1.68,23.3667108,-59.93744010000001,2020-01-28 12:03
11.74,10.4,16.2288,1,232.26366666666698,1.68,23.365364899999996,-60.012713399999996,2020-01-28 12:08
11.75,10.4,15.969599999999998,1,232.253,1.68,23.364048,-60.0222253,2020-01-28 12:13
11.78,10.4,15.796800000000001,1,232.31400000000002,1.68,23.3627098,-60.031760399999996,2020-01-28 12:18
11.71,10.4,16.0992,1,232.38,1.68,23.3611098,-60.0411806,2020-01-28 12:23
11.72,10.4,17.2512,1,232.32033333333302,1.68,23.3595329,-60.0505929,2020-01-28 12:28
11.8,10.4,17.0784,1,232.37,1.68,23.357921899999997,-60.0600285,2020-01-28 12:33
11.67,10.4,16.963199999999997,1,232.44,1.68,23.356143399999997,-60.069322,2020-01-28 12:38
11.76,10.4,16.848,1,232.399333333333,1.68,23.3543831,-60.078637300000004,2020-01-28 12:43
11.88,10.4,16.416,1,232.46900000000002,1.68,23.352674899999997,-60.0879405,2020-01-28 12:48
11.79,10.4,16.416,1,232.64033333333302,1.68,23.3509939,-60.097124699999995,2020-01-28 12:53
11.77,10.4,16.2576,1,232.72099999999998,1.68,23.3493765,-60.1062213,2020-01-28 12:58
11.83,10.4,15.926400000000001,2,218.54033333333302,1.78,23.3476729,-60.1152457,2020-01-28 1:03
11.67,10.4,15.8256,2,218.479,1.78,23.3458933,-60.12427660000001,2020-01-28 1:08
11.71,10.4,15.8112,2,218.339333333333,1.78,23.3440525,-60.1334093,2020-01-28 1:13
11.76,10.4,15.3648,2,218.372666666667,1.78,23.3421647,-60.1425591,2020-01-28 1:18
11.79,10.4,15.624,2,218.383333333333,1.78,23.3401639,-60.1516692,2020-01-28 1:23
11.83,10.4,17.2512,2,218.46066666666698,1.78,23.3381793,-60.1607455,2020-01-28 1:28
11.83,10.4,17.2944,2,240.77700000000002,1.76,23.3362337,-60.1697128,2020-01-28 1:33
11.75,10.4,16.963199999999997,2,240.859,1.76,23.334306299999998,-60.1785471,2020-01-28 1:38
11.77,10.4,16.833599999999997,2,240.885,1.76,23.332369,-60.1873395,2020-01-28 1:43
11.85,10.4,16.704,2,240.895333333333,1.76,23.3304775,-60.19613029999999,2020-01-28 1:48
11.88,10.4,16.531200000000002,2,241.085333333333,1.76,23.3285934,-60.20482,2020-01-28 1:53
11.78,10.4,16.416,2,241.17566666666698,1.76,23.3267079,-60.2133625,2020-01-28 1:58
11.76,10.4,16.401600000000002,2,241.17366666666697,1.76,23.324782199999998,-60.2218674,2020-01-28 2:03
11.74,10.4,16.3296,2,241.108,1.76,23.322925,-60.2304135,2020-01-28 2:08
11.77,10.4,18.648,2,241.054333333333,1.76,23.32106,-60.23902579999999,2020-01-28 2:13
11.85,10.4,18.561600000000002,2,241.00799999999998,1.76,23.3192082,-60.24769739999999,2020-01-28 2:18
11.79,10.4,18.7632,2,240.989333333333,1.76,23.317331699999997,-60.2563917,2020-01-28 2:23
11.79,10.4,18.734399999999997,2,240.922666666667,1.76,23.3154844,-60.265130500000005,2020-01-28 2:28
11.76,10.4,18.7632,2,240.86733333333302,1.76,23.3136075,-60.2739203,2020-01-28 2:33
11.75,10.4,18.7776,2,240.844666666667,1.76,23.3117859,-60.282760700000004,2020-01-28 2:38
11.72,10.4,18.7776,2,240.845333333333,1.76,23.3100198,-60.2916162,2020-01-28 2:43
11.73,10.4,18.7632,2,240.794,1.76,23.3082737,-60.3004971,2020-01-28 2:48
11.69,10.4,18.936,2,240.67566666666698,1.76,23.306581100000002,-60.30946360000001,2020-01-28 2:53
11.67,10.4,18.8928,2,240.489333333333,1.76,23.304848800000002,-60.3185715,2020-01-28 2:58
11.72,10.4,18.9216,2,240.34433333333303,1.76,23.3030914,-60.32784010000001,2020-01-28 3:03
11.69,10.4,18.9216,2,240.30666666666698,1.76,23.3013617,-60.3372095,2020-01-28 3:08
11.51,10.4,19.0944,2,240.16366666666698,1.76,23.299626,-60.3466552,2020-01-28 3:13
11.51,10.4,19.1376,2,239.75066666666697,1.76,23.2974569,-60.35627829999999,2020-01-28 3:18
11.6,10.4,18.9792,2,239.507333333333,1.76,23.2950996,-60.36615989999999,2020-01-28 3:23
11.78,10.4,18.72,2,239.425,1.76,23.2926152,-60.3761921,2020-01-28 3:28
11.91,10.4,18.5184,2,239.479666666667,1.76,23.2901591,-60.38620039999999,2020-01-28 3:33
11.92,10.4,18.648,2,239.63299999999998,1.76,23.287813699999997,-60.3961344,2020-01-28 3:38
11.8,10.4,18.7632,2,239.767,1.76,23.2855305,-60.4059478,2020-01-28 3:43
11.67,10.4,18.936,2,239.630666666667,1.76,23.2832793,-60.41575699999999,2020-01-28 3:48
11.75,10.4,18.863999999999997,2,239.457,1.76,23.2810223,-60.425732200000006,2020-01-28 3:53
11.69,10.4,18.936,2,239.356,1.76,23.2787176,-60.435825,2020-01-28 3:58
11.75,10.4,18.907200000000003,2,239.253666666667,1.76,23.2763052,-60.445965599999994,2020-01-28 4:03
11.86,10.4,18.734399999999997,2,239.277666666667,1.76,23.2738439,-60.4561369,2020-01-28 4:08
11.86,10.4,18.7776,2,239.40766666666698,1.76,23.271354199999998,-60.4662211,2020-01-28 4:13
11.79,10.4,18.863999999999997,2,239.457666666667,1.76,23.2688766,-60.476226000000004,2020-01-28 4:18
11.94,10.4,18.5904,2,239.56900000000002,1.76,23.266352899999998,-60.4861731,2020-01-28 4:23
11.89,10.4,18.648,2,239.849666666667,1.76,23.263803,-60.4958968,2020-01-28 4:28
11.82,10.4,18.72,2,228.72066666666697,1.72,23.2613076,-60.5054454,2020-01-28 4:33
11.83,10.4,18.648,2,228.797666666667,1.72,23.258837,-60.514918099999996,2020-01-28 4:38
11.82,10.4,18.6336,2,228.83733333333302,1.72,23.2562953,-60.5243157,2020-01-28 4:43
11.79,10.4,18.8496,2,228.88966666666698,1.72,23.2537051,-60.5336414,2020-01-28 4:48
11.78,10.4,18.8352,2,228.962666666667,1.72,23.2511294,-60.5429184,2020-01-28 4:53
11.77,10.4,18.691200000000002,2,229.131333333333,1.72,23.248546899999997,-60.5520765,2020-01-28 4:58
11.74,10.4,18.7632,2,229.217666666667,1.72,23.2458867,-60.561108600000004,2020-01-28 5:03
11.68,10.4,18.9792,2,229.21099999999998,1.72,23.243194199999998,-60.5700713,2020-01-28 5:08
11.63,10.4,19.0224,2,229.12900000000002,1.72,23.2404885,-60.579065,2020-01-28 5:13
11.7,10.4,18.863999999999997,2,229.00900000000001,1.72,23.2377463,-60.588135,2020-01-28 5:18
11.69,10.4,18.907200000000003,2,229.02133333333302,1.72,23.234962300000003,-60.67724820000001,2020-01-28 5:23
11.66,10.4,18.9792,2,229.012,1.72,23.2321633,-61.006366299999996,2020-01-28 5:28
11.62,10.4,18.907200000000003,2,228.99466666666697,1.72,23.229379,-61.0154637,2020-01-28 5:33
11.62,10.4,18.9936,2,228.90400000000002,1.72,23.226548899999997,-61.02461360000001,2020-01-28 5:38
11.65,10.4,18.907200000000003,2,228.84833333333302,1.72,23.2236783,-61.0338308,2020-01-28 5:43
11.64,10.4,19.0224,2,228.78,1.72,23.220754100000004,-61.0430792,2020-01-28 5:48
11.64,10.4,19.0224,2,228.707666666667,1.72,23.217914800000003,-61.0524238,2020-01-28 5:53
11.66,10.4,18.9792,2,228.720333333333,1.72,23.2153345,-61.0618963,2020-01-28 5:58
11.68,10.4,18.907200000000003,2,228.662,1.72,23.2128424,-61.0713997,2020-01-28 6:03
11.69,10.4,18.907200000000003,2,228.58700000000002,1.72,23.2103789,-61.080973300000004,2020-01-28 6:08
11.69,10.4,19.0224,2,228.56166666666698,1.72,23.207954100000002,-61.090602100000005,2020-01-28 6:13
11.65,10.4,19.0224,2,228.51,1.72,23.2054945,-61.10026189999999,2020-01-28 6:18
11.63,10.4,18.9792,2,228.45,1.72,23.203056,-61.1099703,2020-01-28 6:23
11.62,10.4,18.9216,2,228.399,1.72,23.2006102,-61.11973390000001,2020-01-28 6:28
11.53,10.4,19.0368,2,228.35433333333302,1.72,23.198195899999998,-61.129540899999995,2020-01-28 6:33
11.65,10.4,18.907200000000003,2,228.274333333333,1.72,23.1958026,-61.139412899999996,2020-01-28 6:38
11.67,10.4,18.8784,2,228.16166666666697,1.72,23.1934788,-61.1494065,2020-01-28 6:43
11.63,10.4,19.0512,2,228.12433333333303,1.72,23.191177800000002,-61.1594784,2020-01-28 6:48
11.58,10.4,19.0944,2,228.072333333333,1.72,23.1888691,-61.1695902,2020-01-28 6:53
11.57,10.4,18.9648,2,228.018,1.72,23.1865585,-61.1797344,2020-01-28 6:58
11.55,10.4,19.008,2,228.00333333333302,1.72,23.1842583,-61.189887899999995,2020-01-28 7:03
11.58,10.4,19.1232,2,227.938666666667,1.72,23.1820062,-61.20009939999999,2020-01-28 7:08
11.59,10.4,19.0368,2,227.89633333333302,1.72,23.1797543,-61.2103692,2020-01-28 7:13
11.61,10.4,18.6336,2,227.946,1.72,23.1774685,-61.2206351,2020-01-28 7:18
11.55,10.4,18.8784,2,227.94866666666698,1.72,23.175217899999996,-61.23086609999999,2020-01-28 7:23
11.63,10.4,18.9504,2,227.881333333333,1.72,23.1729518,-61.2411419,2020-01-28 7:28
11.63,10.4,18.8928,2,234.22533333333303,1.69,23.1707094,-61.251496700000004,2020-01-28 7:33
11.61,10.4,18.9504,2,234.248,1.69,23.168438199999997,-61.2618485,2020-01-28 7:38
11.61,10.4,18.9504,2,234.24333333333303,1.69,23.1662262,-61.2721909,2020-01-28 7:43
11.67,10.4,18.3888,2,234.25,1.69,23.1641034,-61.282574200000006,2020-01-28 7:48
11.64,10.4,16.7904,2,234.305333333333,1.69,23.161878100000003,-61.292884400000005,2020-01-28 7:53
11.62,10.4,14.932799999999999,2,234.27599999999998,1.69,23.159643399999997,-61.3031765,2020-01-28 7:58
11.62,10.4,13.7952,2,234.27133333333302,1.69,23.157407,-61.31349870000001,2020-01-28 8:03
11.63,10.4,13.4208,2,234.261,1.69,23.1551372,-61.3237996,2020-01-28 8:08
11.58,10.4,13.3776,2,234.23633333333302,1.69,23.1528272,-61.3341456,2020-01-28 8:13
11.56,10.4,13.334399999999999,2,234.07033333333302,1.69,23.1503391,-61.344522700000006,2020-01-28 8:18
11.76,10.4,13.608,2,234.17833333333303,1.69,23.1475829,-61.3548353,2020-01-28 8:23
11.66,10.4,14.9472,2,234.236,1.69,23.144738500000003,-61.3650368,2020-01-28 8:28
11.74,10.4,14.932799999999999,2,234.252,1.69,23.1419331,-61.375226500000004,2020-01-28 8:33
11.73,10.4,15.134400000000001,2,234.321,1.69,23.139117499999998,-61.3853485,2020-01-28 8:38
11.74,10.4,14.975999999999999,2,234.371333333333,1.69,23.1364087,-61.395468099999995,2020-01-28 8:43
11.77,10.4,14.630400000000002,2,234.408666666667,1.69,23.133771499999998,-61.405559200000006,2020-01-28 8:48
11.79,10.4,14.558399999999999,2,234.525333333333,1.69,23.1312242,-61.4156074,2020-01-28 8:53
11.77,10.4,14.5152,2,234.65200000000002,1.69,23.1287783,-61.4255596,2020-01-28 8:58
11.78,10.4,14.184,2,234.767,1.69,23.126371,-61.4354173,2020-01-28 9:03
11.71,10.4,14.500800000000002,2,234.85299999999998,1.69,23.1240558,-61.4451909,2020-01-28 9:08
11.73,10.4,14.6592,2,234.902666666667,1.69,23.1218029,-61.4549211,2020-01-28 9:13
11.73,10.4,14.4144,2,234.924,1.69,23.1195777,-61.46463489999999,2020-01-28 9:18
11.71,10.4,14.832,2,234.95466666666698,1.69,23.117400500000002,-61.474341,2020-01-28 9:23
11.64,10.4,16.416,2,234.855,1.69,23.1152456,-61.484077500000005,2020-01-28 9:28
11.61,10.4,16.5456,2,234.76733333333303,1.69,23.1130919,-61.493907799999995,2020-01-28 9:33
11.61,10.4,16.3152,2,220.826,1.69,23.110949899999998,-61.5038307,2020-01-28 9:38
11.6,10.4,16.142400000000002,2,220.730666666667,1.69,23.108773899999996,-61.513847899999995,2020-01-28 9:43
11.63,10.4,16.0704,2,220.679333333333,1.69,23.106583399999998,-61.5239324,2020-01-28 9:48
11.77,10.4,15.84,2,220.68466666666697,1.69,23.1044241,-61.534067500000006,2020-01-28 9:53
11.71,10.4,15.6528,2,220.714333333333,1.69,23.102293399999997,-61.544179099999994,2020-01-28 9:58
11.74,10.4,15.4944,2,220.70466666666698,1.69,23.100165,-61.55429300000001,2020-01-28 10:03
11.74,10.4,15.7824,2,220.74933333333303,1.69,23.098082100000003,-61.56440210000001,2020-01-28 10:08
11.75,10.4,15.350399999999999,2,220.78866666666698,1.69,23.096014,-61.5744667,2020-01-28 10:13
11.73,10.4,15.408,2,220.825,1.69,23.094014,-61.5845152,2020-01-28 10:18
11.75,10.4,15.6096,2,220.888,1.69,23.092142499999998,-61.5945524,2020-01-28 10:23
11.7,10.4,16.8048,2,220.919,1.69,23.090321499999998,-61.9863164,2020-01-28 10:28
11.7,10.4,16.8048,2,216.45266666666697,1.68,23.088518399999998,-62.014518,2020-01-28 10:33
11.74,10.4,16.776,2,216.420666666667,1.68,23.0868028,-62.024529599999994,2020-01-28 10:38
11.7,10.4,16.632,2,216.43099999999998,1.68,23.085122600000002,-62.034556099999996,2020-01-28 10:43
11.78,10.4,16.2,2,216.41166666666697,1.68,23.0834984,-62.0445944,2020-01-28 10:48
11.71,10.4,16.1712,2,216.375,1.68,23.0819359,-62.05465039999999,2020-01-28 10:53
11.8,10.4,15.624,2,216.396,1.68,23.0803671,-62.064751199999996,2020-01-28 10:58
11.81,10.4,15.624,2,216.43,1.68,23.0788594,-62.0748336,2020-01-28 11:03
11.79,10.4,15.638399999999999,2,216.498,1.68,23.0774088,-62.0848687,2020-01-28 11:08
11.81,10.4,15.3792,2,216.58733333333302,1.68,23.0760183,-62.0948218,2020-01-28 11:13
11.73,10.4,15.336,2,216.566333333333,1.68,23.0746271,-62.10473979999999,2020-01-28 11:18
11.73,10.4,15.696,2,216.478333333333,1.68,23.0732576,-62.114714,2020-01-28 11:23
11.71,10.4,16.9776,2,216.504666666667,1.68,23.071947899999998,-62.1247281,2020-01-28 11:28
11.83,10.4,16.848,2,216.47946843853802,1.68,23.070712300000004,-62.1347846,2020-01-28 11:33
11.77,10.4,17.8272,2,216.547666666667,1.68,23.0695141,-62.1448184,2020-01-28 11:38
11.77,10.4,18.2592,2,216.597,1.68,23.068348800000003,-62.154790799999994,2020-01-28 11:43
11.75,10.4,18.3168,2,216.570666666667,1.68,23.0672201,-62.1647674,2020-01-28 11:48
11.78,10.4,18.1584,2,216.54,1.68,23.0661472,-62.174770499999994,2020-01-28 11:53
11.77,10.4,18.2304,2,216.53599999999997,1.68,23.0650892,-62.184799,2020-01-28 11:58
11.75,10.4,17.9712,1,2.198,1.94,23.0639783,-62.19480920000001,2020-01-29 12:03
11.7,10.4,18.0432,1,2.238,1.94,23.0624629,-62.20468979999999,2020-01-29 12:08
11.67,10.4,18.0288,1,2.215,1.94,23.0606194,-62.21447320000001,2020-01-29 12:13
11.67,10.4,18.1728,1,2.085,1.94,23.058501800000002,-62.2242781,2020-01-29 12:18
11.6,10.4,18.2016,1,1.8686666666667,1.94,23.0559091,-62.23408440000001,2020-01-29 12:23
11.7,10.4,18.1152,1,1.791,1.94,23.0532921,-62.244048600000006,2020-01-29 12:28
11.75,10.4,17.697599999999998,1,1.7876666666667,1.94,23.050619,-62.2540074,2020-01-29 12:33
11.78,10.4,17.5824,1,1.7973333333333001,1.94,23.048018,-62.264008999999994,2020-01-29 12:38
11.84,10.4,17.2656,1,1.858,1.94,23.045464600000003,-62.27401679999999,2020-01-29 12:43
11.77,10.4,16.848,1,1.9543333333333,1.94,23.0428681,-62.2839384,2020-01-29 12:48
11.72,10.4,16.848,1,2.0126666666666,1.94,23.0401547,-62.293682,2020-01-29 12:53
11.72,10.4,16.2576,1,1.9833333333333,1.94,23.037426500000002,-62.30344720000001,2020-01-29 12:58
11.68,10.4,16.2,2,331.260333333333,1.65,23.034713699999998,-62.31324839999999,2020-01-29 1:03
11.69,10.4,16.1136,2,331.18166666666696,1.65,23.0321805,-62.32314,2020-01-29 1:08
11.7,10.4,15.5664,2,331.095666666667,1.65,23.029816399999998,-62.333173200000004,2020-01-29 1:13
11.68,10.4,15.6528,2,331.01066666666696,1.65,23.027431699999998,-62.343242599999996,2020-01-29 1:18
11.94,10.4,15.4944,2,331.042666666667,1.65,23.0250195,-62.3533872,2020-01-29 1:23
11.98,10.4,16.603199999999998,2,331.42866666666697,1.65,23.0223215,-62.36322270000001,2020-01-29 1:28
11.81,10.4,16.8624,2,329.519,1.69,23.019807699999998,-62.3728458,2020-01-29 1:33
11.79,10.4,16.8624,2,329.61300000000006,1.69,23.0174236,-62.382421799999996,2020-01-29 1:38
11.79,10.4,16.5744,2,329.723,1.69,23.0152957,-62.391972499999994,2020-01-29 1:43
11.69,10.4,16.4592,2,329.66466666666696,1.69,23.0132152,-62.401485,2020-01-29 1:48
11.76,10.4,16.3728,2,329.652333333333,1.69,23.0111363,-62.4110415,2020-01-29 1:53
11.69,10.4,16.3872,2,329.624333333333,1.69,23.0090825,-62.420643500000004,2020-01-29 1:58
11.68,10.4,16.214399999999998,2,329.591333333333,1.69,23.007047699999998,-62.430262899999995,2020-01-29 2:03
11.73,10.4,15.897599999999999,2,329.528333333333,1.69,23.0050495,-62.4399488,2020-01-29 2:08
11.69,10.4,15.696,2,329.488333333333,1.69,23.0030535,-62.449699100000004,2020-01-29 2:13
11.57,10.4,15.7392,2,329.38333333333304,1.69,22.9934385,-62.4594368,2020-01-29 2:18
11.64,10.4,15.767999999999999,2,329.268666666667,1.69,22.5988989,-62.469297600000004,2020-01-29 2:23
11.69,10.4,16.992,2,329.19800000000004,1.69,22.596763,-62.4792438,2020-01-29 2:28
11.75,10.4,16.732799999999997,2,329.157,1.69,22.594595,-62.489245200000006,2020-01-29 2:33
11.71,10.4,16.747200000000003,2,329.147333333333,1.69,22.5923563,-62.4992414,2020-01-29 2:38
11.76,10.4,16.416,1,322.01333333333304,1.67,22.5899872,-62.5092145,2020-01-29 2:43
11.76,10.4,16.4448,1,322.081333333333,1.67,22.587521600000002,-62.5191444,2020-01-29 2:48
11.68,10.4,16.041600000000003,1,322.245,1.67,22.5849113,-62.5289186,2020-01-29 2:53
11.74,10.4,15.8688,1,322.30433333333303,1.67,22.5822242,-62.538549100000004,2020-01-29 2:58
11.7,10.4,15.897599999999999,1,322.367666666667,1.67,22.579404500000003,-62.5480712,2020-01-29 3:03
11.7,10.4,15.6528,1,322.411666666667,1.67,22.576582000000002,-62.5575274,2020-01-29 3:08
11.71,10.4,15.5088,1,322.403666666667,1.67,22.573791699999997,-62.5669951,2020-01-29 3:13
11.72,10.4,15.4368,1,322.37,1.67,22.5711914,-62.5765236,2020-01-29 3:18
11.71,10.4,15.5232,1,322.363333333333,1.67,22.5686652,-62.586118799999994,2020-01-29 3:23
11.67,10.4,16.833599999999997,1,322.337333333333,1.67,22.566148899999998,-62.61798149999999,2020-01-29 3:28
11.63,10.4,17.0352,1,322.295333333333,1.67,22.5636737,-63.00537979999999,2020-01-29 3:33
11.67,10.4,16.7904,1,322.259666666667,1.67,22.5611805,-63.0150822,2020-01-29 3:38
11.74,10.4,16.704,1,322.249333333333,1.67,22.558746799999998,-63.0248003,2020-01-29 3:43
11.73,10.4,16.473599999999998,1,322.257,1.67,22.5564299,-63.0345353,2020-01-29 3:48
11.7,10.4,16.142400000000002,1,322.223333333333,1.67,22.5541611,-63.0443132,2020-01-29 3:53
11.69,10.4,16.1136,1,322.096,1.67,22.5519415,-63.0541887,2020-01-29 3:58
11.75,10.4,15.9408,1,322.025666666667,1.67,22.5497386,-63.064136,2020-01-29 4:03
11.72,10.4,16.0272,1,321.980666666667,1.67,22.547612,-63.0741764,2020-01-29 4:08
11.76,10.4,15.912,1,321.989666666667,1.67,22.5454968,-63.0842402,2020-01-29 4:13
11.75,10.4,15.8112,1,321.983,1.67,22.5434266,-63.09428689999999,2020-01-29 4:18
11.73,10.4,15.926400000000001,1,321.949333333333,1.67,22.5414405,-63.1043819,2020-01-29 4:23
11.76,10.4,16.8192,1,321.948,1.67,22.5395311,-63.11452,2020-01-29 4:28
11.81,10.4,16.7904,1,338.84266666666696,1.75,22.5376658,-63.1246461,2020-01-29 4:33
11.79,10.4,16.848,1,338.859666666667,1.75,22.5358484,-63.1347843,2020-01-29 4:38
11.75,10.4,16.416,1,338.89333333333303,1.75,22.5340652,-63.144910100000004,2020-01-29 4:43
11.8,10.4,16.531200000000002,1,338.972,1.75,22.532308999999998,-63.154997200000004,2020-01-29 4:48
11.68,10.4,16.1712,1,339.01333333333304,1.75,22.530607999999997,-63.16504129999999,2020-01-29 4:53
11.66,10.4,15.897599999999999,1,339.024333333333,1.75,22.5289047,-63.1750253,2020-01-29 4:58
11.71,10.4,15.724799999999998,1,339.04900000000004,1.75,22.5272463,-63.1850372,2020-01-29 5:03
11.63,10.4,15.7392,1,339.12800000000004,1.75,22.5256687,-63.19501339999999,2020-01-29 5:08
11.55,10.4,15.4368,1,339.168,1.75,22.524201,-63.204937300000005,2020-01-29 5:13
11.54,10.4,15.624,1,339.091,1.75,22.5227908,-63.21488660000001,2020-01-29 5:18
11.73,10.4,16.056,1,339.023,1.75,22.5214713,-63.2249429,2020-01-29 5:23
11.78,10.4,16.992,1,339.072333333333,1.75,22.519932,-63.23497929999999,2020-01-29 5:28
11.73,10.4,17.1648,1,339.377666666667,1.75,22.518245699999998,-63.244803000000005,2020-01-29 5:33
11.57,10.4,16.833599999999997,1,339.524333333333,1.75,22.5167474,-63.2544073,2020-01-29 5:38
11.42,10.4,16.9344,1,339.550666666667,1.75,22.5153378,-63.26400989999999,2020-01-29 5:43
11.43,10.4,16.732799999999997,1,339.512666666667,1.75,22.5136165,-63.27351070000001,2020-01-29 5:48
11.57,10.4,16.603199999999998,1,339.404333333333,1.75,22.511489899999997,-63.2830098,2020-01-29 5:53
11.58,10.4,16.128,1,339.297666666667,1.75,22.509369500000002,-63.2925717,2020-01-29 5:58
11.92,10.4,15.8832,1,339.599333333333,1.75,22.5069038,-63.3019976,2020-01-29 6:03
11.65,10.4,15.969599999999998,1,339.926,1.75,22.5043471,-63.3110654,2020-01-29 6:08
11.54,10.4,15.6528,1,340.037666666667,1.75,22.5016598,-63.31985400000001,2020-01-29 6:13
11.48,10.4,15.6528,0,16.9213333333334,1.65,22.4989354,-63.3285413,2020-01-29 6:18
11.52,10.4,15.912,0,16.902,1.65,22.4962682,-63.3372323,2020-01-29 6:23
11.62,10.4,16.603199999999998,0,16.804000000000002,1.65,22.493602600000003,-63.3459752,2020-01-29 6:28
11.61,10.4,16.7904,0,16.7353333333333,1.65,22.490975,-63.3547912,2020-01-29 6:33
11.67,10.4,16.5024,0,16.6426666666666,1.65,22.4883673,-63.363701799999994,2020-01-29 6:38
11.69,10.4,16.343999999999998,0,16.541333333333398,1.65,22.4858378,-63.3727203,2020-01-29 6:43
11.83,10.4,16.214399999999998,0,16.426666666666698,1.65,22.4833869,-63.3818714,2020-01-29 6:48
11.91,10.4,15.8688,0,16.3136666666667,1.65,22.4811306,-63.39120079999999,2020-01-29 6:53
12.0,10.4,15.854399999999998,0,16.252666666666602,1.65,22.4791025,-63.4006257,2020-01-29 6:58
12.06,10.4,15.350399999999999,0,16.241,1.65,22.4771062,-63.4101451,2020-01-29 7:03
12.03,10.4,15.3792,0,16.178,1.65,22.475095,-63.4196625,2020-01-29 7:08
12.09,10.4,15.2064,0,16.09,1.65,22.473166600000003,-63.4292985,2020-01-29 7:13
12.11,10.4,15.422400000000001,0,16.161333333333303,1.65,22.471291100000002,-63.4389537,2020-01-29 7:18
12.01,10.4,15.422400000000001,0,16.2263333333333,1.65,22.4694842,-63.4485448,2020-01-29 7:23
12.04,10.4,16.8624,0,16.2229999999999,1.65,22.467739399999996,-63.4581203,2020-01-29 7:28
11.98,10.4,16.9056,1,39.285,1.71,22.4660496,-63.467696200000006,2020-01-29 7:33
11.96,10.4,16.8048,1,39.402333333333395,1.71,22.4644288,-63.477196299999996,2020-01-29 7:38
11.93,10.4,16.603199999999998,1,39.3863333333334,1.71,22.4628141,-63.486655299999995,2020-01-29 7:43
11.91,10.4,16.473599999999998,1,39.301,1.71,22.4611947,-63.4961458,2020-01-29 7:48
11.9,10.4,16.3008,1,43.2946666666666,1.7,22.4595664,-63.5057183,2020-01-29 7:53
11.87,10.4,16.0272,1,43.262,1.7,22.4579171,-63.5153174,2020-01-29 7:58
11.81,10.4,15.854399999999998,1,43.2073333333333,1.7,22.4562849,-63.524944299999994,2020-01-29 8:03
11.77,10.4,16.0704,1,43.0116666666667,1.7,22.4545559,-63.5346631,2020-01-29 8:08
11.8,10.4,15.84,1,42.768,1.7,22.4526578,-63.5445495,2020-01-29 8:13
11.96,10.4,15.638399999999999,1,42.623000000000005,1.7,22.4506258,-63.5546321,2020-01-29 8:18
12.09,10.4,15.7104,1,42.6686666666666,1.7,22.448439399999998,-63.5646755,2020-01-29 8:23
11.99,10.4,16.7904,1,42.7176666666666,1.7,22.4461888,-63.574651100000004,2020-01-29 8:28
12.08,10.4,16.488,1,42.835666666666704,1.7,22.4438252,-63.584536,2020-01-29 8:33
11.9,10.4,16.660800000000002,1,42.91,1.7,22.4413193,-63.5942588,2020-01-29 8:38
11.87,10.4,16.6464,1,42.7726666666666,1.7,22.4388427,-63.96802950000001,2020-01-29 8:43
12.03,10.4,16.56,1,42.668,1.7,22.4363955,-64.01393900000001,2020-01-29 8:48
12.1,10.4,16.056,1,42.8056666666667,1.7,22.433939300000002,-64.02381609999999,2020-01-29 8:53
12.06,10.4,15.897599999999999,1,42.8726666666667,1.7,22.4315466,-64.0336006,2020-01-29 8:58
12.04,10.4,15.8256,1,42.9226666666667,1.7,22.4292904,-64.0433986,2020-01-29 9:03
12.03,10.4,15.5376,1,42.887333333333395,1.7,22.4270948,-64.0531788,2020-01-29 9:08
12.03,10.4,15.4944,1,42.8459999999999,1.7,22.425008399999996,-64.06304010000001,2020-01-29 9:13
11.94,10.4,15.1632,1,42.7553333333333,1.7,22.422974399999998,-64.0729345,2020-01-29 9:18
11.95,10.4,15.595199999999998,1,42.632,1.7,22.4209663,-64.0829522,2020-01-29 9:23
11.93,10.4,16.5888,1,42.646333333333295,1.7,22.4189793,-64.0930647,2020-01-29 9:28
11.88,10.4,16.632,1,42.573,1.7,22.417049399999996,-64.1031665,2020-01-29 9:33
11.92,10.4,16.7616,1,42.5076666666667,1.7,22.415199800000003,-64.113355,2020-01-29 9:38
11.96,10.4,16.416,1,42.442333333333394,1.7,22.4133958,-64.1236278,2020-01-29 9:43
11.97,10.4,16.4592,1,42.481,1.7,22.4115254,-64.1339037,2020-01-29 9:48
12.01,10.4,16.3152,1,42.4623333333334,1.7,22.409675,-64.14420679999999,2020-01-29 9:53
12.02,10.4,15.984,1,42.413999999999994,1.7,22.407866000000002,-64.15452049999999,2020-01-29 9:58
12.1,10.4,15.8112,1,42.5046666666667,1.7,22.4060245,-64.164814,2020-01-29 10:03
12.02,10.4,15.8832,1,42.643,1.7,22.4042869,-64.1750033,2020-01-29 10:08
12.01,10.4,15.5808,1,42.698,1.7,22.402646700000002,-64.1851291,2020-01-29 10:13
11.82,10.4,15.8112,1,42.769,1.7,22.401092600000002,-64.1952177,2020-01-29 10:18
11.8,10.4,15.912,1,42.807666666666606,1.7,22.3996209,-64.2052796,2020-01-29 10:23
11.76,10.4,16.92,1,42.8456666666667,1.7,22.398089499999998,-64.21529050000001,2020-01-29 10:28
11.84,10.4,16.603199999999998,1,50.3430000000001,1.77,22.3963865,-64.2252395,2020-01-29 10:33
11.78,10.4,16.488,1,50.3860000000001,1.77,22.394484100000003,-64.2350759,2020-01-29 10:38
11.83,10.4,16.4448,1,50.320666666666696,1.77,22.392318300000003,-64.2448722,2020-01-29 10:43
11.9,10.4,16.1136,1,50.255,1.77,22.390179,-64.2547361,2020-01-29 10:48
11.9,10.4,15.897599999999999,1,50.316,1.77,22.388048100000002,-64.26462339999999,2020-01-29 10:53
11.84,10.4,15.796800000000001,1,50.257,1.77,22.385962699999997,-64.2745013,2020-01-29 10:58
11.86,10.4,15.465599999999998,1,50.1663333333333,1.77,22.383949899999998,-64.28449350000001,2020-01-29 11:03
11.85,10.4,15.4512,1,50.1146666666666,1.77,22.3819479,-64.2945388,2020-01-29 11:08
11.86,10.4,15.624,1,50.0963333333333,1.77,22.379830899999998,-64.3045937,2020-01-29 11:13
11.87,10.4,15.192,1,50.0553333333333,1.77,22.377393100000003,-64.31455150000001,2020-01-29 11:18
11.81,10.4,15.5376,1,49.9553333333334,1.77,22.374688,-64.32450039999999,2020-01-29 11:23
11.81,10.4,17.049599999999998,1,49.756666666666604,1.77,22.3718477,-64.3345699,2020-01-29 11:28
11.93,10.4,16.876800000000003,1,49.615333333333304,1.77,22.368899600000002,-64.3447751,2020-01-29 11:33
12.0,10.4,16.776,1,49.6196666666666,1.77,22.365837699999997,-64.3550027,2020-01-29 11:38
11.97,10.4,16.6752,1,49.603666666666605,1.77,22.3626589,-64.3651837,2020-01-29 11:43
12.01,10.4,16.3008,1,49.6256666666666,1.77,22.3596788,-64.3754144,2020-01-29 11:48
11.96,10.4,16.1856,1,49.5893333333333,1.77,22.3567978,-64.38568620000001,2020-01-29 11:53
12.05,10.4,15.9408,1,49.593999999999994,1.77,22.354042899999996,-64.3960553,2020-01-29 11:58
12.05,10.4,15.8112,1,49.645333333333305,1.77,22.3513363,-64.4063857,2020-01-29 12:03
11.99,10.4,15.724799999999998,1,49.6473333333333,1.77,22.348495899999996,-64.4166412,2020-01-29 12:08
12.02,10.4,15.638399999999999,1,49.621333333333304,1.77,22.345626899999996,-64.4269251,2020-01-29 12:13
12.02,10.4,15.4944,1,49.673666666666605,1.77,22.3430405,-64.4372585,2020-01-29 12:18
11.98,10.4,15.767999999999999,1,49.70366666666661,1.77,22.3404809,-64.447569,2020-01-29 12:23
11.95,10.4,16.92,1,49.6806666666666,1.77,22.3380061,-64.4578826,2020-01-29 12:28
11.93,10.4,16.776,1,49.6323333333333,1.77,22.3355995,-64.46828520000001,2020-01-29 12:33
11.97,10.4,16.603199999999998,1,49.5836666666667,1.77,22.3332908,-64.4787168,2020-01-29 12:38
12.02,10.4,16.56,1,49.6893333333333,1.77,22.3309183,-64.4891322,2020-01-29 12:43
11.97,10.4,16.4304,1,49.7446666666666,1.77,22.328545499999997,-64.499443,2020-01-29 12:48
12.0,10.4,15.912,1,72.6893333333333,1.74,22.326204399999998,-64.5097659,2020-01-29 12:53
12.07,10.4,16.0272,1,72.69166666666659,1.74,22.323923399999998,-64.52014969999999,2020-01-29 12:58
11.99,10.4,15.7392,1,354.315666666667,1.57,22.3217435,-64.5305261,2020-01-29 1:03
11.96,10.4,15.767999999999999,1,354.238333333333,1.57,22.3196027,-64.54094470000001,2020-01-29 1:08
11.96,10.4,15.336,1,354.175813953488,1.57,22.3174801,-64.5514086,2020-01-29 1:13
11.93,10.4,15.0624,1,354.111333333333,1.57,22.315343300000002,-64.5619425,2020-01-29 1:18
11.9,10.4,15.7392,1,354.030333333333,1.57,22.313036800000003,-64.5725086,2020-01-29 1:23
11.98,10.4,16.660800000000002,1,354.024,1.57,22.3105815,-64.5830861,2020-01-29 1:28
12.02,10.4,16.92,1,356.145333333333,1.59,22.307955399999997,-64.59356070000001,2020-01-29 1:33
12.02,10.4,16.6752,1,356.17900000000003,1.59,22.305239899999997,-64.9568657,2020-01-29 1:38
12.1,10.4,16.5024,1,356.311666666667,1.59,22.3025614,-65.0143135,2020-01-29 1:43
12.05,10.4,16.2288,1,356.39666666666704,1.59,22.2999539,-65.0245672,2020-01-29 1:48
12.04,10.4,16.1712,1,356.477,1.59,22.297358499999998,-65.0347496,2020-01-29 1:53
12.03,10.4,16.056,1,356.51266666666703,1.59,22.2947008,-65.0448608,2020-01-29 1:58
12.01,10.4,15.8256,1,356.49566666666703,1.59,22.292015,-65.0549637,2020-01-29 2:03
12.03,10.4,15.7104,1,356.47,1.59,22.2893087,-65.0650869,2020-01-29 2:08
12.1,10.4,18.1008,1,356.536,1.59,22.2866256,-65.0751785,2020-01-29 2:13
12.03,10.4,18.216,1,356.596,1.59,22.283976000000003,-65.0852353,2020-01-29 2:18
12.1,10.4,18.1728,1,356.597333333333,1.59,22.2813244,-65.095272,2020-01-29 2:23
12.09,10.4,18.2016,1,356.602333333333,1.59,22.2786875,-65.1052973,2020-01-29 2:28
12.09,10.4,18.1584,1,356.64599999999996,1.59,22.276113,-65.1153157,2020-01-29 2:33
12.0,10.4,18.4608,1,356.652,1.59,22.2735323,-65.125291,2020-01-29 2:38
12.03,10.4,18.288,1,356.549666666667,1.59,22.2709472,-65.13532239999999,2020-01-29 2:43
12.07,10.4,18.2016,1,356.539333333333,1.59,22.268311100000002,-65.1453918,2020-01-29 2:48
12.06,10.4,18.2448,1,356.53866666666704,1.59,22.2656296,-65.15546479999999,2020-01-29 2:53
12.05,10.4,18.288,1,356.55699999999996,1.59,22.2629552,-65.16553689999999,2020-01-29 2:58
12.02,10.4,18.302400000000002,1,356.52166666666704,1.59,22.2603303,-65.1756245,2020-01-29 3:03
12.04,10.4,18.2736,1,356.50266666666704,1.59,22.2577242,-65.1857599,2020-01-29 3:08
12.01,10.4,18.36,1,356.49266666666705,1.59,22.255145600000002,-65.1959145,2020-01-29 3:13
12.02,10.4,18.2736,1,356.43699999999995,1.59,22.2525797,-65.2061003,2020-01-29 3:18
12.06,10.4,18.3456,1,356.43766666666704,1.59,22.2500201,-65.2163313,2020-01-29 3:23
12.13,10.4,18.2592,1,356.465666666667,1.59,22.2474881,-65.2265807,2020-01-29 3:28
11.99,10.4,18.3888,1,356.41833333333295,1.59,22.245038,-65.23685479999999,2020-01-29 3:33
12.04,10.4,18.3744,1,356.37066666666703,1.59,22.2426591,-65.2471685,2020-01-29 3:38
12.1,10.4,18.302400000000002,1,356.423,1.59,22.240385600000003,-65.2575082,2020-01-29 3:43
12.06,10.4,18.2448,1,356.487666666667,1.59,22.2381474,-65.2677815,2020-01-29 3:48
12.08,10.4,18.2736,1,356.551,1.59,22.2358186,-65.27795189999999,2020-01-29 3:53
12.05,10.4,18.3744,1,356.56066666666703,1.59,22.2335262,-65.2881121,2020-01-29 3:58
12.1,10.4,18.302400000000002,1,356.537666666667,1.59,22.2312415,-65.2982943,2020-01-29 4:03
12.06,10.4,18.3168,1,356.565666666667,1.59,22.229023899999998,-65.3084738,2020-01-29 4:08
11.98,10.4,18.36,1,356.566666666667,1.59,22.226771,-65.318621,2020-01-29 4:13
12.02,10.4,18.3312,1,356.577333333333,1.59,22.224485100000003,-65.3287471,2020-01-29 4:18
11.96,10.4,18.5472,1,356.554333333333,1.59,22.222100100000002,-65.3388706,2020-01-29 4:23
11.99,10.4,18.288,1,356.48800000000006,1.59,22.219644,-65.3490186,2020-01-29 4:28
12.0,10.4,18.2304,1,42.1476666666667,1.62,22.2171542,-65.3592152,2020-01-29 4:33
12.04,10.4,18.2304,1,42.094333333333296,1.62,22.2146619,-65.3694333,2020-01-29 4:38
12.1,10.4,18.1584,1,42.103,1.62,22.212124600000003,-65.379667,2020-01-29 4:43
12.09,10.4,18.1728,1,42.068999999999996,1.62,22.209534899999998,-65.3898821,2020-01-29 4:48
12.11,10.4,18.1728,1,42.003333333333295,1.62,22.2068689,-65.4001262,2020-01-29 4:53
12.12,10.4,18.144,1,41.9953333333333,1.62,22.2041286,-65.41038780000001,2020-01-29 4:58
12.03,10.4,18.302400000000002,1,41.847,1.62,22.2011507,-65.4206335,2020-01-29 5:03
12.07,10.4,18.0864,1,41.7456666666667,1.62,22.1980867,-65.43097660000001,2020-01-29 5:08
12.11,10.4,18.0864,1,41.7460000000001,1.62,22.1950206,-65.44135010000001,2020-01-29 5:13
12.15,10.4,18.2016,1,41.7643333333334,1.62,22.1920398,-65.45175079999999,2020-01-29 5:18
12.12,10.4,18.057599999999997,1,41.841333333333296,1.62,22.1894305,-65.46220629999999,2020-01-29 5:23
12.11,10.4,18.1872,1,41.854,1.62,22.186943600000003,-65.4726493,2020-01-29 5:28
12.2,10.4,18.0864,1,41.920666666666605,1.62,22.1845549,-65.4830865,2020-01-29 5:33
12.11,10.4,18.1584,1,41.95366666666661,1.62,22.1822331,-65.4935034,2020-01-29 5:38
12.15,10.4,18.144,1,66.0423333333333,1.61,22.1799742,-65.50393050000001,2020-01-29 5:43
12.18,10.4,18.1008,1,66.1373333333333,1.61,22.1777354,-65.5143563,2020-01-29 5:48
12.1,10.4,18.2304,1,66.21300000000001,1.61,22.175738600000003,-65.5246762,2020-01-29 5:53
12.08,10.4,18.2448,1,66.1966666666666,1.61,22.1738115,-65.535013,2020-01-29 5:58
12.08,10.4,18.3168,1,66.1346666666666,1.61,22.1719074,-65.5453928,2020-01-29 6:03
12.17,10.4,18.0864,1,66.1003333333333,1.61,22.170033899999996,-65.55583689999999,2020-01-29 6:08
12.16,10.4,18.1296,1,66.1039999999999,1.61,22.168193300000002,-65.56628710000001,2020-01-29 6:13
12.2,10.4,18.144,1,66.1113333333333,1.61,22.1663969,-65.57673589999999,2020-01-29 6:18
12.1,10.4,18.1728,1,66.14166666666661,1.61,22.164558300000003,-65.5871525,2020-01-29 6:23
12.2,10.4,18.144,1,66.1373333333333,1.61,22.1627186,-65.7042408,2020-01-29 6:28
12.11,10.4,18.1584,1,66.14466666666661,1.61,22.1608642,-66.0079662,2020-01-29 6:33
12.22,10.4,18.014400000000002,1,66.166,1.61,22.1589012,-66.0183409,2020-01-29 6:38
12.06,10.4,18.1584,1,66.244,1.61,22.156935999999998,-66.0286432,2020-01-29 6:43
12.08,10.4,18.0864,1,66.2553333333334,1.61,22.1549737,-66.03891479999999,2020-01-29 6:48
12.1,10.4,18.1152,1,66.2890000000001,1.61,22.1530699,-66.0491722,2020-01-29 6:53
12.12,10.4,18.1152,1,66.2950000000001,1.61,22.151164,-66.05943520000001,2020-01-29 6:58
12.11,10.4,18.144,1,66.32533333333339,1.61,22.149319600000002,-66.06968020000001,2020-01-29 7:03
12.11,10.4,17.7408,1,66.3713333333334,1.61,22.1476077,-66.0799255,2020-01-29 7:08
12.08,10.4,18.144,1,66.4093333333334,1.61,22.146005,-66.0901507,2020-01-29 7:13
12.09,10.4,18.1728,1,66.4333333333333,1.61,22.1444764,-66.1003554,2020-01-29 7:18
12.17,10.4,18.072,1,66.453,1.61,22.142989,-66.11054610000001,2020-01-29 7:23
12.19,10.4,17.9424,1,66.5609999999999,1.61,22.1415507,-66.1206945,2020-01-29 7:28
11.99,10.4,17.3232,1,65.61766666666661,1.66,22.139975500000002,-66.1307461,2020-01-29 7:33
12.08,10.4,15.0336,1,65.51033333333339,1.66,22.138352800000003,-66.14087070000001,2020-01-29 7:38
12.09,10.4,13.6656,1,65.4853333333334,1.66,22.136769100000002,-66.1510508,2020-01-29 7:43
12.14,10.4,12.8304,1,65.4293333333334,1.66,22.1351157,-66.1612681,2020-01-29 7:48
12.16,10.4,12.902400000000002,1,65.454,1.66,22.1334236,-66.1714818,2020-01-29 7:53
12.16,10.4,13.219199999999999,1,65.5233333333333,1.66,22.1316611,-66.1816589,2020-01-29 7:58
12.09,10.4,13.392000000000001,1,65.556,1.66,22.129808899999997,-66.19174699999999,2020-01-29 8:03
12.1,10.4,13.536000000000001,1,65.543,1.66,22.1278866,-66.2018256,2020-01-29 8:08
12.02,10.4,13.4352,1,65.502,1.66,22.1259026,-66.2118931,2020-01-29 8:13
12.07,10.4,13.4352,1,65.4053333333334,1.66,22.1238755,-66.2220159,2020-01-29 8:18
12.05,10.4,14.126400000000002,1,65.3653333333334,1.66,22.121846100000003,-66.23220429999999,2020-01-29 8:23
12.02,10.4,15.479999999999999,1,65.385,1.66,22.119785600000004,-66.2423881,2020-01-29 8:28
12.0,10.4,15.696,1,65.4516666666667,1.66,22.1176486,-66.2525045,2020-01-29 8:33
12.02,10.4,15.638399999999999,1,65.42200000000011,1.66,22.1155185,-66.2626175,2020-01-29 8:38
12.0,10.4,15.3936,1,65.3253333333333,1.66,22.113424,-66.27280329999999,2020-01-29 8:43
12.08,10.4,15.192,1,65.2303333333333,1.66,22.111393600000003,-66.28309,2020-01-29 8:48
12.08,10.4,15.0192,1,65.2093333333333,1.66,22.1093725,-66.2934185,2020-01-29 8:53
12.07,10.4,14.731200000000001,1,65.1526666666666,1.66,22.1074206,-66.30380989999999,2020-01-29 8:58
12.09,10.4,14.731200000000001,1,65.0703333333333,1.66,22.1055163,-66.314278,2020-01-29 9:03
12.08,10.4,14.5152,1,65.012,1.66,22.1036689,-66.3248011,2020-01-29 9:08
12.16,10.4,14.256000000000002,1,64.9996666666667,1.66,22.101929000000002,-66.33539259999999,2020-01-29 9:13
12.18,10.4,14.4432,1,65.0096666666667,1.66,22.1002655,-66.3459994,2020-01-29 9:18
12.09,10.4,14.630400000000002,1,64.98033333333339,1.66,22.0986389,-66.35662289999999,2020-01-29 9:23
12.15,10.4,16.1712,1,64.9076666666667,1.66,22.097012,-66.36730949999999,2020-01-29 9:28
12.16,10.4,16.4592,1,64.8670000000001,1.66,22.095369,-66.37804399999999,2020-01-29 9:33
12.37,10.4,16.128,1,64.923,1.66,22.0936854,-66.3887726,2020-01-29 9:38
12.25,10.4,16.084799999999998,1,65.1986666666666,1.66,22.0920083,-66.3993475,2020-01-29 9:43
11.99,10.4,16.041600000000003,1,65.2683333333333,1.66,22.090329,-66.4097525,2020-01-29 9:48
12.13,10.4,15.796800000000001,1,65.2286666666666,1.66,22.088518899999997,-66.4201386,2020-01-29 9:53
12.08,10.4,15.624,1,65.2056666666666,1.66,22.086625199999997,-66.4305315,2020-01-29 9:58
12.13,10.4,15.4512,1,65.20299999999989,1.66,22.0846635,-66.4409189,2020-01-29 10:03
12.11,10.4,15.5088,1,65.1769999999999,1.66,22.082742800000002,-66.4513208,2020-01-29 10:08
12.13,10.4,15.2784,1,65.128,1.66,22.0808513,-66.4617753,2020-01-29 10:13
12.17,10.4,15.091199999999999,1,65.14399999999989,1.66,22.0790085,-66.4722541,2020-01-29 10:18
12.13,10.4,15.4368,1,65.1976666666666,1.66,22.077074399999997,-66.4826629,2020-01-29 10:23
12.12,10.4,16.3872,1,65.1996666666666,1.66,22.0749548,-66.4930122,2020-01-29 10:28
12.13,10.4,16.531200000000002,1,106.855666666667,1.68,22.0727859,-66.5033581,2020-01-29 10:33
12.16,10.4,16.632,1,106.87700000000001,1.68,22.070625600000003,-66.51368769999999,2020-01-29 10:38
12.12,10.4,16.3296,1,106.855,1.68,22.0684152,-66.524013,2020-01-29 10:43
12.14,10.4,15.969599999999998,1,106.839,1.68,22.066123899999997,-66.5343352,2020-01-29 10:48
12.13,10.4,16.0272,1,106.83133333333299,1.68,22.0638421,-66.5446866,2020-01-29 10:53
12.06,10.4,15.681600000000001,1,106.818,1.68,22.061524600000002,-66.5550095,2020-01-29 10:58
12.14,10.4,15.307200000000002,1,106.785666666667,1.68,22.059154100000004,-66.56534930000001,2020-01-29 11:03
12.11,10.4,15.3216,1,106.810666666667,1.68,22.0568077,-66.5757169,2020-01-29 11:08
12.1,10.4,15.120000000000001,1,106.83,1.68,22.054470600000002,-66.5860445,2020-01-29 11:13
12.09,10.4,15.0336,1,106.88733333333299,1.68,22.0520825,-66.65095550000001,2020-01-29 11:18
12.11,10.4,15.422400000000001,1,107.00200000000001,1.68,22.049737300000004,-67.0064866,2020-01-29 11:23
12.02,10.4,16.8192,1,107.06766666666701,1.68,22.0473478,-67.01658739999999,2020-01-29 11:28
12.01,10.4,16.8624,1,107.06700000000001,1.68,22.0448872,-67.026666,2020-01-29 11:33
12.06,10.4,16.488,1,107.102333333333,1.68,22.042360100000003,-67.0366872,2020-01-29 11:38
12.03,10.4,16.1856,1,107.095666666667,1.68,22.039771,-67.04666280000001,2020-01-29 11:43
12.07,10.4,16.128,1,107.10366666666701,1.68,22.0371625,-67.0566341,2020-01-29 11:48
12.05,10.4,16.0128,1,107.10600000000001,1.68,22.034588199999998,-67.06661650000001,2020-01-29 11:53
12.05,10.4,15.9984,1,107.087,1.68,22.0319671,-67.0765968,2020-01-29 11:58
